Inlet Pressure (bar),Outlet Pressure (bar),Cold Mass Fraction,Nozzle Diameter (mm),Tube Diameter (mm),Tube Length (mm),L/D Ratio,Reynolds Number,Pressure Ratio,Mach Number,Swirl Number,Turbulence Intensity (%),Shock Angle (deg),Shock Location (mm),Maximum Mach,Minimum Pressure (bar),Shock Length (mm),Number of Shocks,Maximum Temperature (K),Cold Exit Temperature (K),Hot Exit Temperature (K),Pressure Drop (bar),Entropy Generation,Shock Intensity,Vorticity (1/s),Helicity(m/s2),Q-Criterion(1/s2),Turbulent Kinetic Energy(m2/s2),Eddy Dissipation Rate(m2/s3),Circulation(m2/s),Swirl Velocity (m/s),Axial Velocity (m/s),Tangential Velocity (m/s),Radial Pressure Gradient (kPa/m),Vortex Core Radius (mm)
4.247,1.828,0.526,1.622,17.681,449.769,25.439,82920,2.324,0.702,0.806,2.016,29.009,135.106,0.808,1.693,26.357,1,347.832,250.479,363.208,2.602,1.254,1.496,918.284,320.985,33991.373,6.564,21.277,5.693,105.25,123.633,159.675,79.634,2.971
7.704,1.765,0.7,1.532,8.198,622.723,75.956,90285,4.366,0.911,0.431,1.668,32.108,209.118,1.013,1.705,32.411,2,383.22,218.865,398.447,6.175,2.028,2.105,857.395,191.843,33505.168,6.202,20.072,2.977,102.675,130.184,164.917,91.722,1.564
6.392,1.574,0.275,1.188,10.242,493.867,48.221,232562,4.062,0.893,0.597,7.646,31.073,159.445,0.928,1.49,30.003,2,377.176,223.266,395.654,5.264,2.502,1.99,1295.211,324.561,40067.957,11.523,33.529,5.21,121.932,130.545,183.495,92.135,1.425
5.592,1.956,0.278,2.136,15.859,158.312,9.983,46882,2.859,0.773,1.359,11.627,32.571,74.77,0.763,1.837,15.757,1,373.895,245.16,375.169,3.786,1.557,1.807,937.504,539.929,38137.239,8.949,26.465,4.87,110.479,118.046,166.334,90.838,2.889
2.936,1.2,0.534,1.849,12.509,229.906,18.379,164103,2.446,0.702,0.733,6.53,27.388,70.982,0.866,1.112,19.908,1,349.812,248.177,368.453,2.008,1.672,1.481,1133.612,357.836,37497.535,9.129,30.417,4.929,107.994,121.207,165.541,80.493,2.404
2.936,1.109,0.768,2.705,19.79,253.53,12.811,179981,2.647,0.75,1.045,1.567,31.22,68.287,0.735,1,22.884,1,353.817,243.958,374.674,2.052,1.708,1.794,1259.488,566.374,41706.998,8.685,31.208,8.223,117.445,127.985,183.312,89.493,3.819
2.349,1.072,0.449,0.871,15.985,280.505,17.548,141219,2.191,0.697,1.099,3.433,33.397,83.387,0.698,0.947,20.995,1,356.79,258.904,358.144,1.443,1.493,1.342,1111.353,544.89,38548.792,9.447,27.608,6.969,111.596,116.555,169.105,81.888,2.726
7.197,1.439,0.396,2.217,19.479,495.782,25.453,182731,5.001,0.968,1.238,3.693,34.877,196.348,1.107,1.306,31.144,3,400.122,209.128,427.354,6.083,2.744,2.68,1348.67,751.183,45122.01,10.247,34.309,9.328,124.772,131.726,187.084,103.785,3.327
5.607,1.847,0.564,2.478,10.417,452.776,43.464,68006,3.036,0.8,0.519,4.716,26.668,123.24,0.762,1.828,26.792,1,362.98,241.554,374.13,3.767,1.583,1.772,805.469,191.854,33091.77,5.593,21.042,3.434,96.094,133.266,144.063,81.557,2.064
6.248,1.893,0.758,2.471,18.367,242.212,13.187,217579,3.301,0.796,0.666,1.48,27.706,82.936,0.812,1.842,15.373,2,368.771,233.02,377.86,4.915,2.091,1.859,1256.194,353.133,41329.252,8.856,31.835,7.894,114.898,131.46,176.429,89.492,3.525
2.124,1.062,0.702,2.749,11.856,147.288,12.423,60805,1.999,0.631,0.838,10.954,30.099,34.961,0.527,0.952,20.723,1,344.122,255.096,354.524,1.176,1.227,1.38,834.203,319.102,31672.996,7.449,23.112,3.972,101.592,122.112,153.465,75.093,2.064
7.819,1.883,0.797,2.404,19.875,220.003,11.069,118178,4.152,0.874,0.738,6.671,30.991,102.175,1.076,1.792,20.645,2,378.216,219.078,403.623,6.246,2.135,2.147,987.481,349.536,35990.988,8.77,26.088,7.241,106.471,125.951,173.923,94.56,3.163
6.995,1.448,0.214,2.841,9.892,789.067,79.766,46556,4.829,0.953,1.479,8.38,35.204,269.643,1.126,1.316,30.229,3,401.533,210.266,427.762,5.702,2.383,2.69,975.348,679.763,40425.71,8.866,24.439,4.016,112.564,120.571,182.403,106.501,1.524
3.274,1.51,0.268,1.532,14.196,427.983,30.148,149946,2.168,0.651,1.302,1.739,29.789,106.263,0.859,1.402,24.545,1,347.357,259.475,372.639,2.064,1.412,1.493,1208.053,712,40834.179,8.591,29.911,5.33,114.529,114.382,182.182,89.423,2.498
3.091,1.627,0.566,1.907,17.514,707.142,40.375,177344,1.9,0.611,0.876,1.595,29.836,158.655,0.548,1.513,28.316,1,342.866,260.306,352.69,2.102,1.483,1.343,1187.137,426.481,40727.307,8.195,30.961,7.314,114.577,116.615,179.099,79.521,2.843
3.1,1.926,0.692,0.831,13.192,694.127,52.618,237068,1.609,0.594,1.355,7.451,29.943,189.872,0.502,1.838,33.987,1,345.613,264.604,350.718,1.882,1.656,1.182,1438.445,835.948,45434.989,12.803,40.754,7.19,129.682,118.07,202.521,78.225,2.48
3.825,1.019,0.371,0.815,13.617,458.064,33.639,192653,3.754,0.893,0.717,10.76,31.211,134.329,1.118,0.944,26.916,2,381.61,229.941,393.436,3.303,2.369,1.973,1146.764,388.082,38722.458,10.37,34.774,4.998,114.945,125.388,183.452,93.105,2.275
5.149,1.477,0.344,1.328,19.836,594.681,29.979,149042,3.486,0.88,1.243,6.813,31.828,183.986,1.051,1.332,27.615,2,370.83,235.557,390.88,3.897,2.044,2.01,1157.66,613.906,40924.512,10.032,33.971,8.298,121.961,125.626,189.563,93.847,3.519
4.592,1.688,0.672,1.022,13.104,234.926,17.928,235175,2.721,0.75,0.568,10.656,31.112,72.412,0.822,1.664,23.304,1,353.654,249.323,364.335,3.489,2.04,1.494,1278.784,322.756,39845.792,12.066,38.836,6.151,117.804,128.101,179.303,76.784,2.561
3.747,1.723,0.234,1.372,15.249,581.878,38.159,135256,2.175,0.647,1.227,9.921,30.224,156.785,0.568,1.668,30.509,1,349.324,257.963,358.875,2.155,1.539,1.39,1144.121,628.987,40897.423,10.859,30.951,6.457,117.834,118.37,191.136,84.138,2.782
5.671,1.693,0.422,1.189,8.654,290.669,33.586,153465,3.351,0.81,0.848,1.834,32.321,126.786,1.028,1.61,21.798,2,369.884,237.951,370.177,4.397,1.937,1.865,1106.384,428.513,37420.142,7.475,29.468,3.518,115.287,126.422,180.996,88.7,1.921
2.837,1.134,0.503,0.863,18.107,682.443,37.69,161141,2.501,0.699,0.429,3.222,25.714,230.853,0.722,1.024,28.119,1,343.217,256.369,363.104,1.82,1.534,1.369,1023.647,208.942,36594.692,7.205,27.903,6.796,107.59,132.638,172.576,75.555,3.526
3.753,1.299,0.536,2.8,15.778,158.607,10.052,120195,2.888,0.751,0.628,8.235,32.997,32.645,0.769,1.226,16.444,1,354.551,245.44,364.523,2.668,1.711,1.651,975.712,267.282,36787.854,8.285,27.785,5.605,109.75,129.52,177.361,79.689,2.613
4.198,1.359,0.637,0.818,12.848,641.197,49.905,214466,3.09,0.805,0.783,5.879,33.342,202.16,0.96,1.271,28.676,1,356.676,242.779,373.849,3.365,1.993,1.691,1268.834,409.149,41719.338,10.864,34.018,6.298,119.867,130.691,178.705,86.615,2.408
4.736,1.804,0.413,2.419,8.194,169.956,20.741,70738,2.625,0.731,1.199,4.198,27.753,54.504,0.766,1.713,21.414,1,353.486,247.587,373.307,3.104,1.461,1.641,946.231,494.348,35690.76,7.161,23.662,2.355,106.011,120.86,160.861,85.276,1.47
6.711,1.279,0.568,1.135,15.1,716.832,47.472,152065,5.248,1.019,0.388,5.605,30.175,260.513,1.115,1.229,28.954,3,395.7,198.832,418.823,5.618,2.604,2.58,989.885,194.524,36298.785,7.951,26.142,5.402,106.163,140.61,163.74,94.336,2.944
3.198,1.211,0.551,2.807,8.152,312.943,38.389,188891,2.641,0.706,1.091,5.897,31.79,109.9,0.746,1.105,22.505,1,365.145,247.566,379.807,2.379,1.93,1.605,1244.48,558.473,40451.617,10.366,34.324,4.16,119.572,123.654,187.34,89.302,1.539
5.085,1.957,0.529,2.764,8.014,558.075,69.634,228874,2.598,0.691,1.159,11.016,28.285,181.874,0.663,1.917,27.964,1,359.746,248.849,365.029,3.617,2.038,1.633,1405.968,709.897,44161.782,13.544,42.263,3.552,123.859,122.287,195.648,86.435,1.308
5.554,1.009,0.584,2.239,15.393,441.252,28.665,224462,5.506,1.026,1.085,2.138,34.39,181.99,0.99,0.896,30.243,3,410.209,199.436,443.097,5.011,3.038,2.807,1359.448,665.051,43554.855,10.843,35.812,6.979,121.235,130.543,187.661,104.122,2.833
2.279,1.657,0.356,2.279,10.268,356.412,34.71,141922,1.375,0.507,1.213,4.077,29.788,69.714,0.4,1.56,23.636,1,342.263,270.218,350.323,0.873,1.216,0.992,1157.89,590.246,38755.109,9.2,28.165,4.423,115.638,116.453,184.41,77.387,1.738
5.645,1.677,0.251,0.812,10.303,551.809,53.56,171495,3.367,0.849,0.514,6.913,29.877,184.501,0.887,1.66,30.798,2,367.272,237.128,383.868,4.38,1.962,1.813,1121.907,281.914,38943.725,8.295,29.255,4.737,110.12,139.8,173.123,85.505,1.71
3.023,1.828,0.272,2.967,15.839,763.266,48.188,116732,1.653,0.556,1.005,8.681,29.77,193.575,0.444,1.769,31.73,1,341.716,271.291,354.186,1.52,1.223,1.231,1015.397,454.756,37761.078,8.715,27.785,5.562,114.505,121.064,179.872,79.472,2.799
2.39,1.295,0.335,2.731,8.644,128.889,14.91,132999,1.846,0.625,1.429,7.937,29.833,28.185,0.662,1.174,14.03,1,345.636,264.734,359.39,1.349,1.455,1.443,1165.477,713.947,42165.796,9.434,33.908,3.574,124.742,124.157,192.243,86.408,1.563
7.693,1.014,0.5,2.769,11.761,743.197,63.192,229378,7.585,1.225,1.033,11.358,32.345,288.66,1.489,0.878,34.504,6,444.305,159.441,472.446,7.259,4.024,3.657,1412.763,645.387,45776.892,12.724,39.14,5.997,132.86,130.943,207.195,122.097,2.346
7.794,1.738,0.704,2.25,9.793,526.357,53.747,234754,4.485,0.912,1.034,9.752,35.046,199.471,1.096,1.643,31.14,2,385.816,214.357,413.126,6.513,2.732,2.382,1414.102,637.507,46493.259,12.665,39.311,4.604,129.411,129.39,201.823,99.463,1.632
6.85,1.834,0.621,1.559,14.962,665.12,44.454,226991,3.735,0.897,1.184,7.128,35.449,228.227,0.899,1.711,34.54,2,376.661,224.423,390.45,5.431,2.456,2.012,1386.911,699.51,43855.978,12.289,38.367,8.36,126.819,130.72,200.421,96.565,2.274
3.828,1.74,0.673,2.766,15.941,368.712,23.13,60441,2.199,0.673,0.7,3.362,33.878,81.303,0.757,1.663,22.617,1,345.462,251.595,354.667,2.317,1.211,1.352,781.135,261.762,33469.938,5.555,20.751,3.896,98.488,126.128,147.387,77.841,2.809
2.586,1.116,0.411,1.441,16.654,430.29,25.838,217018,2.317,0.667,1.141,5.96,26.15,126.48,0.583,0.993,22.842,1,354.487,250.248,364.344,2.009,1.829,1.367,1373.686,660.258,44806.195,11.9,38.017,8.052,124.225,122.941,195.357,82.669,3.015
6.105,1.753,0.443,2.038,11.063,708.196,64.016,238640,3.482,0.873,1.399,8.627,35.574,207.741,0.772,1.577,30.026,2,376.523,234.402,389.753,4.78,2.426,2.043,1490.126,886.891,47294.133,13.796,42.325,5.823,134.739,123.434,202.26,98.884,1.986
4.641,1.769,0.436,1.019,9.071,390.394,43.038,109474,2.624,0.696,0.313,10.218,23.664,93.269,0.831,1.704,24.133,1,348.895,252.042,365.26,3.03,1.535,1.548,875.163,151.859,33397.192,7.301,24.562,1.684,94.814,133.213,143.549,78.882,1.573
2.732,1.47,0.315,2.828,8.944,474.262,53.024,144102,1.859,0.595,1.344,11.557,34.032,126.19,0.518,1.373,26.647,1,343.25,266.32,356.165,1.692,1.507,1.189,1203.22,694.042,42418.905,11.778,34.45,3.345,119.886,110.7,188.255,83.577,1.76
4.971,1.766,0.237,1.11,13.114,114.136,8.704,201400,2.815,0.774,0.562,7.66,30.513,32.007,0.962,1.698,22.369,1,357.884,250.873,370.308,3.6,1.82,1.556,1160.375,302.694,39558.708,9.982,33.023,4.65,109.47,128.123,166.326,80.122,2.406
2.206,1.514,0.555,1.295,19.35,211.019,10.905,153657,1.457,0.555,0.847,6.796,26.139,20.95,0.568,1.419,19.864,1,332.706,273.7,342.181,1,1.222,0.979,1107.701,370.723,38143.395,9.044,32.025,7.862,119.448,120.356,185.253,79.937,3.578
7.456,1.614,0.794,2.028,10.613,549.181,51.747,248566,4.621,0.947,1.323,1.195,36.215,180.503,1.163,1.445,31.359,3,397.815,210.914,418.033,6.319,2.758,2.385,1488.116,846.832,46562.892,12.076,37.578,4.681,139.343,125.534,212.297,101.409,1.503
3.553,1.089,0.3,2.481,11.081,601.884,54.317,130256,3.264,0.777,1.289,1.793,31.377,165.945,0.935,0.946,27.815,1,363.977,238.662,383.714,2.83,1.909,1.987,1156.927,695.415,39483.887,8.19,25.497,4.958,122.137,123.122,191.709,93.763,1.921
5.975,1.488,0.228,2.163,9.211,507.821,55.134,187067,4.017,0.934,1.37,2.717,35.292,161.823,1.061,1.39,28.557,2,387.347,230.306,400.112,5.033,2.399,2.329,1347.288,763.582,44845.399,9.906,34.724,3.753,124.497,119.203,193.161,98.219,1.589
3.87,1.078,0.668,1.311,15.267,200.317,13.121,204370,3.591,0.837,1.429,1.602,34.169,60.804,0.94,0.934,20.776,2,381.918,227.91,395.538,3.207,2.208,2.245,1406.252,916.741,44388.44,10.675,37.088,7.995,125.418,118.494,194.299,96.459,3.042
5.12,1.408,0.352,0.802,16.158,411.784,25.484,138702,3.638,0.832,0.837,5.409,34.821,130.322,1.03,1.294,25.202,2,376.325,228.171,386.207,4.184,2.014,1.927,1084.317,416.65,38956.637,8.458,28.123,5.434,112.513,133.353,178.794,89.003,2.862
5.28,1.407,0.698,2.466,15.715,348.566,22.18,218536,3.753,0.873,1.088,4.706,36.458,111.316,0.984,1.284,24.141,2,377.636,225.855,401.182,4.266,2.423,1.979,1358.583,637.845,41664.251,10.36,34.332,7.685,125.366,128.466,195.985,89.991,2.664
3.109,1.066,0.622,2.967,18.334,446.963,24.379,150154,2.917,0.8,0.769,8.011,29.48,137.531,0.795,0.953,26.753,1,363.846,241.155,367.882,2.321,1.815,1.794,1093.203,375.778,38373.129,9.434,30.476,7.482,116.996,126.337,183.319,85.419,3.133
7.818,1.349,0.767,2.582,13.837,709.23,51.256,120563,5.796,1.034,0.721,6.892,35.406,262.224,1.302,1.216,35.309,3,406.441,189.681,445.506,6.764,2.876,2.853,1015.536,374.414,36759.701,7.82,25.213,5.205,111.733,139.169,177.622,105.535,2.665
6.651,1.111,0.445,1.812,9.613,643.103,66.896,53721,5.986,1.13,0.818,7.556,35.545,246.466,1.194,0.962,36.106,5,415.576,186.133,442.722,5.582,2.806,2.996,835.691,269.702,33777.42,6.326,19.859,2.201,104.609,142.914,166.99,105.39,1.59
7.637,1.808,0.597,2.788,11.473,158.793,13.841,116550,4.223,0.931,1.192,6.192,31.119,78.265,1.167,1.728,12.899,2,387.165,220.31,407.494,6.115,2.271,2.463,1086.995,612.04,39050.991,9.315,27.448,4.93,121.054,135.65,183.833,104.077,1.859
7.369,1.948,0.479,1.702,15.949,723.216,45.345,191466,3.783,0.869,0.902,4.055,30.64,215.771,1.08,1.863,36.897,2,381.265,226.359,391.895,5.763,2.249,2.108,1244.658,508.433,37755.419,9.561,30.858,7.221,120.179,121.302,189.225,92.871,3.027
5.587,1.072,0.578,1.955,15.357,430.237,28.015,232683,5.211,1.052,1.277,11.481,40.407,156.996,1.335,0.974,21.833,3,398.477,205.267,432.583,4.857,3.092,2.862,1458.57,844.347,46137.235,13.758,41.973,6.661,134.22,136.885,209.775,107.131,2.804
7.531,1.955,0.47,1.85,14.372,620.704,43.188,85369,3.852,0.924,1.194,1.951,34.585,182.797,1.125,1.877,32.141,2,377.047,223.321,398.26,5.607,1.944,2.16,994.213,487.331,36662.228,7.533,23.079,5.056,115.96,123.532,184.985,97.07,2.504
2.531,1.523,0.313,1.785,16.196,198.027,12.227,108151,1.662,0.564,0.325,11.328,28.072,55.816,0.538,1.394,26.275,1,340.156,267.155,341.667,1.199,1.205,0.977,836.567,128.112,31090.858,7.728,23.448,6.159,93.562,125.544,139.873,69.345,2.64
3.176,1.3,0.505,2.505,15.649,569.504,36.393,63871,2.444,0.678,1.056,4.424,29.942,129.428,0.696,1.213,28.824,1,344.829,250.969,369.807,2.037,1.271,1.491,868.421,350.802,38134.795,7.45,24.457,5.315,107.875,124.347,164.443,82.827,2.896
2.271,1.077,0.517,1.959,18.576,265.428,14.289,181959,2.109,0.681,0.824,6.639,28.382,69.256,0.589,0.972,21.898,1,349.463,258.589,358.967,1.45,1.57,1.417,1156.345,453.89,37299.135,10.037,31.776,7.269,116.529,130.26,179.832,78.129,3.484
3.952,1.501,0.686,1.497,15.032,406.867,27.066,241241,2.634,0.743,0.848,2.197,30.358,112.328,0.919,1.441,24.211,1,353.082,249.885,373.073,2.948,1.939,1.598,1345.792,480.715,43062.777,10.426,35.84,7.353,120.361,127.372,192.171,82.52,2.49
4.332,1.795,0.641,1.368,17.343,111.804,6.447,171009,2.414,0.695,1.282,1.78,30.934,45.358,0.68,1.665,19.576,1,357.292,252.215,370.645,2.894,1.68,1.6,1243.635,669.032,40968.931,9.877,33.438,7.353,127.81,121.705,196.958,88.404,3.156
3.628,1.707,0.598,0.883,10.984,206.127,18.765,165756,2.125,0.661,0.957,5.725,26.772,35.227,0.695,1.584,20.883,1,353.482,256.572,354.437,2.239,1.619,1.17,1158.681,440.552,38196.233,9.814,31.915,4.962,113.677,118.817,176.033,80.607,1.928
6.972,1.05,0.268,2.083,16.138,164.456,10.191,151767,6.639,1.188,1.363,9.159,35.7,126.331,1.479,0.858,18.835,5,434.302,180.428,454.091,6.152,3.454,3.25,1221.931,752.064,41448.398,10.578,35.865,6.495,122.094,127.986,186.509,119.063,2.687
4.141,1.073,0.632,1.306,18.826,267.821,14.226,49460,3.859,0.908,1.155,3.963,34.935,107.699,0.909,0.945,21.985,2,386.757,228.005,399.61,3.186,1.911,2.022,860.908,451.342,36489.5,7.74,20.471,6.277,105.297,124.546,166.347,93.355,3.265
3.686,1.403,0.5,1.126,12.629,170.013,13.462,190490,2.627,0.76,0.963,7.186,30.212,27.241,0.657,1.331,15.935,1,354.954,249.517,370.261,2.652,1.847,1.595,1243.456,511.045,42526.959,10.579,35.206,5.956,116.213,130.72,182.836,83.663,2.235
5.256,1.295,0.736,2.238,17.349,584.337,33.681,162450,4.058,0.9,1.205,4.065,33.672,172.064,1.02,1.183,29.851,2,383.656,222.229,411.443,4.364,2.293,2.155,1226.592,659.08,41118.32,9.804,32.173,7.769,122.578,127.483,187.82,96.446,2.823
2.846,1.232,0.752,2.299,16.697,120.328,7.206,175524,2.309,0.67,0.346,5.275,27.89,35.348,0.651,1.129,16.429,1,348.169,254.363,354.486,1.861,1.596,1.474,1070.2,159.47,37699.949,7.511,29.242,7.29,110.195,133.967,166.622,67.681,3.109
6.813,1.281,0.233,2.455,8.714,532.418,61.097,227738,5.319,1.052,0.333,10.971,32.584,209.717,1.239,1.248,29.929,3,397.303,197.468,422.498,5.997,3.031,2.656,1240.256,166.05,39367.119,10.79,36.273,4.286,116.687,136.039,183.954,95.304,1.417
2.447,1.027,0.692,1.908,14.978,198.495,13.252,202471,2.384,0.689,0.4,10.414,30.16,61.252,0.796,0.975,17.588,1,349.293,250.505,360.346,1.724,1.746,1.406,1154.104,208.915,37738.782,10.222,32.537,6.561,114.521,130.608,179.543,74.41,2.55
7.921,1.929,0.223,2.767,9.562,761.613,79.648,201801,4.106,0.92,0.825,6.676,30.149,248.664,1.061,1.846,34.079,2,386.893,225.441,402.286,6.377,2.404,2.143,1254.082,507.915,42142.466,9.917,36.94,4.76,123.313,131.684,188.48,94.557,1.798
6.633,1.405,0.42,2.86,19.608,753.166,38.411,233980,4.721,0.97,0.583,3.619,33.11,226.84,1.189,1.343,34.735,3,394.276,210.785,414.228,5.609,2.712,2.346,1309.02,378.513,40760.821,9.486,31.921,9.34,112.203,139.619,176.692,96.503,3.421
3.192,1.906,0.525,2.576,17.737,257.852,14.538,247785,1.675,0.562,1.481,3.125,32.18,36.958,0.579,1.753,20.93,1,338.641,264.787,351.345,1.708,1.696,1.37,1531.855,983.977,46662.768,12.025,39.729,9.742,135.839,114.122,213.107,81.696,3.105
2.033,1.048,0.289,2.198,9.317,530.095,56.897,157882,1.94,0.625,0.951,11.495,31.273,141.242,0.596,0.933,28.575,1,343.058,263.897,350.179,1.3,1.542,1.43,1125.191,477.274,38610.404,10.535,33.768,3.33,111.814,120.629,178.232,79.497,1.627
6.893,1.476,0.648,1.468,9.461,119.604,12.642,53953,4.669,0.991,1.095,3.23,31.444,61.39,1.066,1.378,18.431,3,396.11,211.977,414.724,5.479,2.211,2.558,916.806,447.197,36202.752,6.682,21.169,2.704,109.611,135.835,173.285,98.259,1.515
6.241,1.226,0.205,2.962,15.134,752.252,49.707,131008,5.091,1.046,0.635,9.89,33.596,238.169,1.247,1.093,32.629,3,397,208.131,410.911,5.394,2.675,2.465,1006.69,323.307,35504.434,8.748,28.183,5.548,109.518,127.935,168.398,98.898,2.601
6.374,1.64,0.301,1.403,12.139,466.091,38.397,203272,3.885,0.886,0.686,5.059,34.814,170.205,1.003,1.534,27.444,2,377.118,225.275,393.556,5.234,2.346,2.07,1227.683,398.959,43153.079,9.831,33.403,5.52,125.739,130.531,191.848,89.058,2.161
6.628,1.979,0.548,1.246,8.419,130.256,15.472,36099,3.349,0.796,0.703,11.842,30.163,62.003,0.948,1.885,17.904,2,368.488,231.077,379.47,4.785,1.722,1.881,774.788,254.399,31114.471,7.334,19.951,2.292,97.837,121.614,159.709,85.806,1.491
2.444,1.603,0.629,1.773,14.5,339.75,23.432,42515,1.524,0.551,1.138,5.05,30.131,71.368,0.511,1.476,25.771,1,336.717,269.946,348.486,0.989,0.948,1.106,847.086,429.302,35082.605,7.037,21.77,4.058,103.956,117.3,159.077,78.899,2.681
4.151,1.358,0.75,0.925,12.654,153.795,12.154,44774,3.057,0.809,0.868,4.867,32.746,48.827,0.847,1.248,22.534,1,362.936,236.747,376.614,2.893,1.509,1.623,795.945,278.499,33621.2,6.307,19.301,3.457,103.952,125.65,153.787,87.392,2.366
2.695,1.648,0.623,2.953,9.213,375.061,40.71,190827,1.636,0.57,0.921,8.012,26.48,102.627,0.531,1.593,19.542,1,333.929,263.138,342.977,1.533,1.508,1.286,1212.032,476.91,38964.483,10.751,35.708,3.882,111.86,122.154,168.551,77.614,1.874
7.179,1.123,0.603,2.095,17.623,568.948,32.284,140256,6.393,1.16,1.01,11.577,39.631,229.33,1.343,1.012,32.716,5,423.263,177.4,458.01,6.313,3.251,3.165,1115.555,484.185,40465.535,10.495,31.59,7.018,122.19,138.586,181.285,112.661,2.841
5.74,1.889,0.437,2.025,18.981,428.923,22.598,111157,3.039,0.785,1.223,11.738,33.31,111.105,0.961,1.81,28.317,1,360.822,245.257,381.861,4.243,1.951,1.726,1055.826,539.319,37551.354,10.159,31.09,6.903,114.119,122.628,181.77,92.382,3.562
3.985,1.503,0.201,2.243,17.079,368.606,21.582,53235,2.651,0.714,0.408,8.779,29.238,77.898,0.843,1.46,20.033,1,352.277,251.303,366.685,2.513,1.409,1.499,755.877,166.407,31208.826,5.82,19.83,5.101,90.231,124.299,147.145,78.195,2.994
2.381,1.449,0.272,1.893,17.869,183.41,10.264,191092,1.643,0.594,1.232,9.301,26.732,69.194,0.476,1.365,20.699,1,341.124,269.276,351.668,1.224,1.521,1.307,1302.436,663.24,43543.28,11.667,37.682,8.09,124.698,118.272,194.282,79.217,3.311
3.866,1.586,0.521,0.871,10.598,271.457,25.614,100624,2.438,0.673,0.976,7.197,31.573,61.248,0.763,1.503,24.168,1,349.975,254.024,367.196,2.37,1.54,1.541,972.454,441.351,35351.048,8.6,26.188,3.285,103.256,127.615,153.633,80.572,1.946
3.951,1.625,0.605,2.147,11.163,170.1,15.238,88371,2.432,0.703,1.103,9.314,31.866,60.498,0.581,1.532,16.217,1,361.942,251.26,361.29,2.405,1.477,1.437,962.602,496.322,36782.307,9.075,26.475,3.72,111.716,118.36,177.966,83.732,1.861
6.378,1.072,0.45,2.376,10.502,665.249,63.343,173510,5.951,1.066,0.693,10.458,36.81,269.584,1.375,0.94,32.185,4,413.059,192.325,444.341,5.523,3.169,2.835,1133.94,365.833,38556.576,10.374,31.705,3.617,115.613,130.415,181.063,105.42,2.174
5.825,1.683,0.638,1.717,17.181,194.668,11.331,152982,3.462,0.801,0.791,6.347,30.155,78.898,0.831,1.556,20.63,2,371.376,228.985,389.176,4.466,2.04,1.74,1086.097,373.843,38139.684,8.809,29.858,7.538,111.913,120.329,178.389,85.964,3.221
7.323,1.242,0.513,2.466,19.375,516.761,26.672,109730,5.897,1.093,0.577,7.818,31.451,194.325,1.349,1.111,31.003,3,409.36,186.498,436.58,6.369,2.895,2.91,972.909,299.971,36339.129,7.62,22.961,6.925,99.945,132.034,157.275,105.353,3.554
4.833,1.714,0.245,1.299,16.602,339.918,20.474,171127,2.82,0.756,1.475,6.91,31.604,81.419,0.649,1.585,20.555,1,363.854,243.862,380.893,3.464,1.888,1.744,1296.828,843.729,43338.579,11.201,35.671,7.529,128.857,120.839,194.189,90.34,3.382
2.718,1.823,0.315,1.287,18.578,258.185,13.898,89668,1.491,0.561,0.896,7.187,27.306,35.87,0.435,1.722,24.169,1,337.101,271.904,347.571,0.964,1.046,1.117,974.565,416.423,33371.706,7.621,25.066,7.045,104.369,114.033,164.417,75.969,3.122
6.279,1.804,0.704,1.155,15.664,547.628,34.96,204862,3.481,0.86,1.495,10.791,32.065,174.458,0.984,1.688,23.043,2,376.281,233.23,393.036,4.848,2.257,2.035,1403.393,884.429,46978.708,13.391,42.139,7.592,130.419,122.342,195.929,100.263,2.78
6.565,1.553,0.635,1.618,12.652,419.902,33.189,80450,4.228,0.946,0.888,4.912,35.488,171.831,1.02,1.447,30.254,2,385.003,217.39,397.347,5.24,2.09,2.38,915.837,368.088,37843.015,6.375,22.117,4.039,104.208,133.137,158.436,94.888,2.363
5.368,1.52,0.737,2.663,13.109,380.102,28.995,64944,3.531,0.838,0.564,3.29,32.965,121,0.86,1.44,26.505,2,372.422,229.85,383.033,3.95,1.699,1.976,824.69,219.113,33051.673,6.365,18.895,3.432,100.34,122.114,159.659,84.297,2.129
6.626,1.143,0.271,2.621,8.904,514.996,57.84,202136,5.797,1.098,0.909,6.019,34.418,197.444,1.431,1.029,27.401,3,411.372,197.285,439.061,5.823,3.091,2.903,1248.414,520.247,41136.894,11.28,34.514,3.42,124.835,139.609,197.43,101.469,1.443
4.963,1.775,0.794,1.642,8.377,443.887,52.986,185736,2.795,0.758,0.348,3.289,27.702,143.699,0.981,1.737,28.723,1,348.463,241.247,365.539,3.438,1.761,1.603,1095.773,202.093,37538.111,8.056,27.175,3.318,107.657,135.675,163.093,79.55,1.697
5.136,1.271,0.326,2.096,16.346,312.439,19.114,70180,4.04,0.897,1.386,6.482,30.681,107.406,1.091,1.144,20.257,2,380.471,225.563,410.777,3.972,2.093,2.398,980.964,605.78,39464.38,8.607,25.542,6.144,111.169,133.294,167.752,100.529,2.801
4.565,1.497,0.207,2.386,13.261,491.343,37.051,55574,3.05,0.794,1.282,10.939,34.044,151.415,0.767,1.412,27.803,1,373.48,241.382,378.652,3.123,1.73,1.777,891.676,541.371,37371.379,9.141,24.276,3.699,110.181,129.445,170.886,92.891,2.523
2.153,1.231,0.798,1.331,14.627,568.649,38.878,214447,1.749,0.622,1.171,7.792,33.451,144.101,0.748,1.15,29.419,1,346.914,265.421,349.194,1.344,1.629,1.241,1343.021,672.907,44242.375,11.5,38.795,6.756,125.002,128.934,201.766,81.52,2.472
2.647,1.134,0.369,1.17,14.692,118.685,8.078,200851,2.335,0.666,1.032,10.41,28.851,30.769,0.561,1.073,18.342,1,354.969,256.908,359.517,1.953,1.849,1.451,1296.064,558.755,42520.046,11.918,37.543,6.563,124.62,122.661,195.405,82.653,3.018
2.189,1.239,0.601,2.939,11.329,426.11,37.614,101996,1.766,0.622,0.996,2.828,29.216,107.719,0.584,1.198,22.622,1,339.996,259.214,352.51,1.13,1.209,1.204,996.279,421.816,37187.197,7.989,24.859,4.336,104.038,123.924,170.67,77.737,1.541
5.818,1.054,0.306,2.159,13.711,140.378,10.239,174803,5.519,1.01,1.496,10.91,36.972,120.378,1.22,0.931,18.061,3,408.964,197.434,433.258,5.129,3.089,2.972,1331.056,851.966,45259.29,11.589,36.981,6.172,127.877,127.324,197.552,111.667,2.625
3.886,1.749,0.548,2.959,13.649,230.484,16.886,57315,2.222,0.658,0.634,7.62,31.879,73.225,0.825,1.674,20.774,1,345.209,249.375,359.47,2.29,1.254,1.423,737.378,207.856,29832.549,5.917,21.808,3.899,102.009,127.322,161.648,80.14,2.488
5.051,1.318,0.742,1.543,12.661,492.356,38.887,141550,3.834,0.862,1.236,1.349,33.691,178.319,1.042,1.202,25.578,2,380.992,227.753,395.441,3.919,2.173,2.201,1166.825,628.993,40342.165,9.025,27.676,5.528,120.151,126.538,184.971,90.746,1.936
7.445,1,0.392,2.347,17.848,706.332,39.575,34120,7.444,1.243,0.998,7.964,37.301,266.738,1.524,0.847,35.446,6,439.45,169.006,472.657,6.664,3.354,3.684,836.724,388.457,34675.335,6.791,20.691,4.896,107.731,132.666,163.782,120.96,3.138
3.496,1.511,0.602,1.29,13.414,717.964,53.524,116152,2.313,0.659,1.471,11.465,32.153,209.599,0.602,1.384,30.743,1,350.472,247.001,375.627,2.158,1.548,1.491,1150.836,739.907,41243.716,10.749,31.27,5.257,121.226,111.99,184.093,88.265,1.985
4.462,1.047,0.313,1.375,15.244,148.961,9.772,46465,4.263,0.965,1.293,1.871,31.899,89.018,1.177,0.945,22.582,2,382.739,216.49,414.228,3.55,2.019,2.426,901.356,511.862,34361.02,6.476,20.601,4.849,115.869,135.827,181.011,100.024,2.776
6.533,1.276,0.575,1.926,18.746,393.374,20.984,134532,5.119,1.052,1.498,7.407,33.719,135.147,1.191,1.103,30.729,3,409.762,203.753,431.084,5.435,2.652,2.695,1235.992,840.784,44132.762,10.088,33.702,7.891,122.246,130.184,194.661,110.206,3.21
3.373,1.707,0.402,1.503,18.395,508.105,27.622,122769,1.976,0.642,1.006,11.07,28.114,138.832,0.658,1.664,26.379,1,340.804,261.164,350.297,1.92,1.354,1.52,1043.416,414.881,34888.175,9.656,30.539,6.27,117.092,126.898,180.186,80.562,2.891
2.462,0.996,0.327,1.169,18.685,202.949,10.862,127764,2.473,0.705,0.545,1.107,30.664,53.177,0.623,0.913,22.653,1,351.202,251.644,369.004,1.734,1.429,1.565,964.036,189.843,35524.472,6.073,22.349,7.046,103.475,124.51,166.072,79.306,3.38
3.739,1.839,0.388,1.378,11.24,635.803,56.566,39972,2.033,0.669,0.904,7.94,28.979,144.834,0.717,1.835,29.935,1,344.039,255.098,354.783,2.112,1.154,1.419,811.616,356.758,34331.395,7.331,20.075,2.302,99.9,119.275,162.168,76.813,2.025
2.967,1.004,0.307,0.879,8.42,620.965,73.751,109555,2.956,0.799,1.153,6.224,31.145,185.459,0.894,0.873,27.912,1,367.101,245.303,379.863,2.164,1.722,1.834,1034.657,552.231,39058.089,8.845,27.201,3.165,113.678,124.408,179.672,88.977,1.902
7.578,1.247,0.741,2.35,11.133,732.339,65.782,196426,6.078,1.109,1.229,4.817,35.135,274.441,1.248,1.116,33.469,5,423.039,187.329,452.114,6.828,3.151,3.158,1353.469,768.568,43676.358,10.886,34.387,5.956,133.503,136.587,208.237,113.31,2.133
6.849,1.741,0.438,1.883,11.344,105.94,9.338,111161,3.934,0.911,0.301,7.903,29.854,64.972,1.106,1.645,18.547,2,372.89,234.222,382.304,5.353,2.1,1.933,854.927,155.728,34039.928,7.336,23.637,2.992,102.552,140.48,156.275,85.362,1.555
5.8,1.316,0.347,1.007,18.912,251.679,13.308,187337,4.407,0.951,0.906,1.58,36.44,106.6,1.136,1.18,16.735,2,388.903,221.824,405.26,5.007,2.422,2.27,1244.035,506.744,42264.531,10.212,33.191,8.248,119.766,132.026,190.848,96.056,3.271
7.229,1.102,0.469,1.178,15.791,679.031,43.001,111285,6.56,1.163,0.582,9.284,33.979,253.335,1.488,1.017,35.504,5,423.467,174.266,451.042,6.207,3.192,3.124,954.755,267.728,38114.009,7.659,25.128,5.728,104.407,142.838,157.268,108.238,3.046
6.822,1.36,0.392,1.026,8.98,569.406,63.405,123112,5.015,0.991,1.35,1.049,33.716,243.137,1.136,1.194,30.456,3,401.314,206.55,427.059,5.747,2.519,2.697,1148.061,645.522,41631.905,7.747,29.581,2.087,120.232,128.348,188.788,107.168,1.251
3.119,1.27,0.647,2.148,9.625,726.073,75.44,154056,2.455,0.702,0.483,4.376,28.414,183.294,0.743,1.175,35.963,1,352.954,252.404,354.608,1.943,1.543,1.416,968.57,224.96,36249.057,7.811,26.732,3.238,101.607,133.03,152.334,81.033,1.564
7.355,1.843,0.783,1.007,9.868,140.026,14.19,239150,3.992,0.861,1.1,6.544,36.243,86.077,0.982,1.747,20.77,2,381.154,219.825,402.317,5.986,2.566,2.263,1401.417,641.525,44046.985,11.237,39.389,4.054,131.5,132.92,199.596,97.017,1.744
5.236,1.313,0.463,2.459,15.565,517.875,33.272,53949,3.987,0.886,0.619,5.147,30.1,170.453,0.99,1.24,28.849,2,377.608,226.875,395.276,4.112,1.891,2.05,786.236,297.148,31380.91,5.694,19.148,4.765,96.214,128.476,148.886,93.042,2.678
6.845,1.789,0.717,0.845,16.825,498.333,29.619,37241,3.826,0.897,0.728,4.382,29.319,149.079,1.018,1.646,26.981,2,370.488,227.507,399.578,5.246,1.804,2.18,799.222,249.93,33908.418,5.865,15.994,4.31,98.032,132.633,154.766,90.323,3.325
7.377,1.892,0.54,1.349,18.316,124.972,6.823,163750,3.899,0.929,1.429,10.139,33.859,65.724,1.14,1.778,23.408,2,385.566,229.213,406.925,5.871,2.388,2.206,1277.822,797.37,44734.217,12.307,36.327,9.084,130.032,122.454,205.569,94.7,3.291
3.908,1.434,0.294,2.759,19.288,459.465,23.822,238801,2.726,0.777,0.589,11.283,29.94,110.607,0.906,1.352,33.106,1,352.504,250.991,365.949,2.929,1.975,1.571,1281.702,381.685,40236.309,11.097,35.669,8.175,120.999,131.877,187.564,80.285,3.461
2.66,1.675,0.614,2.381,10.42,526.664,50.541,247739,1.589,0.57,0.414,10.611,27.876,122.909,0.452,1.585,26.43,1,330.827,267.347,339.132,1.525,1.611,1.101,1285.643,234.36,38853.162,10.986,37.765,4.914,115.174,122.22,176.85,69.468,1.68
3.368,1.377,0.508,0.961,11.717,233.905,19.962,136516,2.445,0.711,0.383,6.747,30.08,68.778,0.816,1.281,23.819,1,344.484,250.011,362.447,2.465,1.488,1.463,949.102,168.637,34715.129,7.8,25.784,3.454,99.425,125.08,150.949,76.587,1.877
4.563,1.964,0.59,2.606,10.884,291.331,26.767,132977,2.323,0.664,0.906,10.726,27.502,59.396,0.778,1.814,19.82,1,350.374,249.583,363.108,2.871,1.542,1.341,1082.06,370.117,37838.393,10.05,28.693,4.003,111.684,114.525,175.911,81.485,1.953
6.908,1.089,0.734,1.885,12.305,548.243,44.554,171892,6.342,1.155,1.07,11.129,34.243,229.493,1.397,1.006,28.564,5,416.828,180.634,446.876,6.239,3.311,3.306,1241.259,565.543,42614.744,11.545,34.964,5.344,121.366,140.433,190.764,112.76,2.167
7.164,1.687,0.464,2.663,18.976,427.811,22.545,152239,4.247,0.888,0.693,5.502,30.775,136.32,1.059,1.619,25.087,2,386.099,218.633,410.117,5.747,2.362,2.239,1063.937,354.661,38604.563,9.138,28.041,7.079,112.872,131.855,175.661,91.7,3.151
2.042,1.198,0.741,2.122,14.901,700.61,47.017,169499,1.704,0.575,1.128,4.118,30.779,155.095,0.597,1.069,33.868,1,341.794,262.487,347.06,1.268,1.307,1.03,1226.067,642.958,42022.933,10.056,31.724,7.222,113.625,119.219,177.325,80.897,2.695
5.064,1.388,0.65,2.3,16.858,339.667,20.148,222279,3.65,0.874,0.373,2.081,27.463,101.427,0.902,1.327,20.764,2,367.558,232.468,394.688,4.194,2.235,1.889,1218.967,199.403,39831.262,8.7,31.037,7.906,117.503,136.566,188.537,85.766,3.035
4.504,1.633,0.493,2.986,13.881,286.662,20.651,194187,2.759,0.733,1.329,6.27,30.9,121.062,0.747,1.504,26.75,1,356.755,250.502,378.353,3.211,1.957,1.685,1347.971,782.881,42874.288,11.781,35.682,6.174,126.619,118.32,200.326,90.329,2.397
3.333,1.704,0.562,1.311,8.346,789.406,94.582,139313,1.956,0.601,1.28,11.409,29.146,181.075,0.659,1.632,36.953,1,349.738,256.591,355.848,1.97,1.529,1.242,1154.069,709.117,39198.301,11.02,33.427,3.393,116.929,114.119,175.579,81.124,1.702
2.719,1.004,0.395,2.173,8.77,737.795,84.124,131610,2.707,0.765,1.483,7.17,34.994,216.342,0.767,0.869,35.489,1,361.021,247.473,367.885,2.044,1.776,1.857,1202.603,789.794,41420.683,10.484,32.833,3.11,122.834,123.287,193.942,93.53,1.532
4.026,1.167,0.79,1.813,14.455,120.295,8.322,170712,3.45,0.82,1.424,8.343,34.591,46.143,0.983,1.034,17.406,2,381.558,230.284,396.087,3.259,2.174,2.008,1328.839,847.744,44162.908,11.265,35.422,6.027,125.607,127.841,200.216,97.473,2.512
7.657,1.713,0.6,0.887,16.625,639.51,38.466,130255,4.47,0.91,0.727,2.242,33.635,204.857,1.158,1.603,34.116,2,389.681,215.68,400.87,6.202,2.334,2.369,1032.77,328.228,36487.832,7.431,25.046,5.676,109.847,133.604,166.984,94.637,3.197
3.939,1.666,0.226,0.832,10.584,177.234,16.746,130711,2.364,0.662,0.779,2.579,31.743,62.43,0.775,1.563,10.329,1,356.481,248.84,362.785,2.633,1.449,1.448,1019.175,395.505,36057.454,6.931,26.248,4.617,111.533,130.052,176.67,77.275,1.852
5.113,1.966,0.396,1.062,16.663,119.24,7.156,33587,2.601,0.708,1.195,6.109,30.661,50.015,0.901,1.904,19.134,1,359.309,245.64,379.288,3.139,1.295,1.677,880.318,449.35,35203.206,7.385,23.213,4.29,107.207,123.926,178.193,88.15,2.883
6.218,1.761,0.574,2.228,17.728,291.587,16.448,68294,3.531,0.818,0.461,11.464,27.289,92.71,0.9,1.704,23.043,2,372.477,231.499,378.661,4.594,1.841,2.025,805.065,162.785,31562.777,6.778,21.878,5.283,98.451,132.903,154.528,84.192,2.943
4.182,1.951,0.234,2.048,12.943,288.542,22.294,137473,2.144,0.677,0.677,4.969,26.468,57.698,0.699,1.873,16.263,1,347.205,261.902,358.234,2.515,1.466,1.4,1015.43,349.327,36497.769,7.667,24.967,4.83,107.559,128.182,165.773,77.028,2.322
7.831,1.703,0.214,2.018,16.957,673.523,39.719,210983,4.599,0.948,0.442,10.652,27.467,230.46,1.125,1.64,33.848,2,385.408,215.722,403.248,6.644,2.71,2.492,1229.624,245.648,42469.909,9.593,33.539,6.926,113.704,133.97,175.837,92.346,3.225
7.775,1.298,0.47,0.87,12.848,597.467,46.501,91319,5.99,1.135,0.846,2.323,34.084,236.439,1.363,1.125,33.249,5,417.018,190.443,446.452,6.582,2.897,3.099,935.809,372.086,35983.33,6.38,22.942,4.531,113.021,132.309,175.707,109.987,2.204
3.511,1.105,0.4,1.832,16.14,787.127,48.768,144981,3.176,0.776,0.962,7.787,30.391,220.991,0.888,0.968,29.22,1,363.457,240.226,381.685,2.715,1.925,1.838,1124.809,522.467,38164.809,9.16,31.84,6.674,111.299,125.651,166.205,89.075,2.611
4.983,1.782,0.463,2.834,17.168,598.059,34.836,105891,2.797,0.752,0.553,7.607,30.813,175.713,0.662,1.714,26.399,1,364.152,249.782,368.095,3.374,1.609,1.631,936.295,221.086,35030.15,7.591,23.328,5.607,107.044,130.989,159.425,80.997,3.276
3.805,1.644,0.358,1.675,19.903,392.779,19.735,53056,2.314,0.697,0.332,10.459,27.731,100.127,0.732,1.597,30.803,1,344.576,259.937,359.73,2.276,1.27,1.148,734.873,120.949,29671.56,5.739,19.43,5.044,92.846,124.831,144.994,74.142,3.783
3.709,1.048,0.299,2.175,12.145,589.249,48.519,240825,3.539,0.859,1.163,1.036,31.985,169.878,0.839,0.941,29.61,2,375.431,231.634,394.308,3.174,2.254,2.013,1413.784,705.534,44814.08,10.779,37.139,5.887,133.695,120.851,207.032,93.791,2.268
2.221,0.841,0.613,2.516,12.932,799.621,61.83,218028,2.64,0.739,0.324,3.089,27.926,220.755,0.699,0.713,37.872,1,352.316,250.227,358.744,1.714,1.772,1.488,1151.261,174.297,37401.844,8.468,30.188,4.789,112.261,126.66,176.657,77.364,2.337
5.657,1.957,0.509,2.525,9.987,597.099,59.785,47268,2.891,0.798,1.468,3.417,31.366,182.069,0.908,1.802,33.499,1,362.374,245.414,388.371,3.896,1.474,1.87,957.779,619.461,36467.723,6.7,24.135,3.431,111.303,127.526,171.389,94.061,1.838
5.016,1.5,0.32,1.942,10.449,633.177,60.598,188353,3.343,0.8,0.566,11.45,31.92,196.199,0.863,1.426,32.213,2,371.122,244.776,374.197,3.927,2.027,1.83,1164.016,338.193,37847.512,10.538,34.664,4.004,115.24,131.469,178.952,84.13,1.554
2.309,1.185,0.392,2.687,16.321,756.856,46.374,106467,1.948,0.628,1.097,2.691,28.347,202.868,0.68,1.164,36.484,1,341.926,259.412,357.115,1.268,1.241,1.345,1005.478,526.154,36058.536,7.708,25.717,5.824,105.826,119.552,167.833,80.171,2.788
3.672,1.458,0.555,1.661,19.005,179.556,9.448,248866,2.519,0.742,0.822,1.407,27.907,44.239,0.754,1.402,13.117,1,348.552,249.868,361.986,2.685,1.875,1.443,1378.135,505.468,41855.721,10.401,35.541,8.862,121.788,121.804,179.668,81.607,3.531
7.45,1.209,0.243,2.755,12.735,593.349,46.591,96527,6.162,1.07,0.372,6.879,33.961,253.977,1.401,1.156,30.422,4,413.973,184.034,434.083,6.553,2.934,2.846,837.078,149.931,34970.139,6.988,22.969,3.403,100.538,140.226,152.169,102.422,2.349
3.437,1.369,0.288,1.328,10.158,695.564,68.474,82522,2.511,0.681,0.867,6.814,30.792,188.232,0.692,1.29,22.873,1,348.754,249.568,361.114,2.267,1.43,1.417,933.824,380.696,35581.577,7.532,24.207,3.048,99.537,124.252,152.188,82.937,1.983
2.869,1.37,0.244,1.416,11.421,768.065,67.249,154935,2.095,0.634,0.92,10.285,25.84,202.025,0.483,1.292,28.499,1,353.154,261.5,356.928,1.732,1.539,1.468,1112.855,452.379,39431.618,10.103,31.656,5.083,114.673,123.482,177.108,80.685,2.335
4.937,1.052,0.687,0.917,13.461,247.679,18.4,213727,4.691,0.988,1.326,11.437,36.864,93.34,1.163,0.889,20.504,3,396.773,210.677,420.511,4.249,2.9,2.47,1396.051,812.78,43928.139,13.343,41.308,5.888,135.158,139.04,203.825,101.763,2.136
7.914,1.768,0.651,2.55,11.488,452.75,39.411,72354,4.477,0.929,1.179,6.924,32.384,160.783,0.9,1.675,25.04,2,379.495,215.822,416.882,6.341,2.187,2.367,984.977,494.397,37145.615,7.949,25.07,4.847,105.927,130.424,160.552,100.316,2.129
3.452,1.417,0.652,1.718,10.803,576.388,53.355,186068,2.437,0.681,0.395,11.23,27.002,167.954,0.59,1.344,29.257,1,348.621,252.473,364.265,2.468,1.741,1.409,1114.198,168.321,37979.092,9.708,30.51,4.597,106.364,124.485,167.661,78.17,1.881
6.033,1.822,0.63,1.304,16.832,273.227,16.233,43509,3.311,0.815,0.551,8.977,30.363,105.773,0.821,1.756,22.03,2,367.318,234.661,380.56,4.327,1.703,1.701,751.45,201.966,33472.944,6.508,18.269,3.645,94.415,124.514,148.204,87.332,2.924
6.57,1.85,0.602,1.31,8.094,520.331,64.285,232165,3.551,0.858,0.674,3.91,32.161,191.064,0.867,1.756,28.84,2,368.966,230.55,384.43,5.16,2.221,1.895,1320.445,377.217,41145.152,9.838,33.371,3.452,121.256,128.095,176.777,89.914,1.931
3.426,1.212,0.486,2.783,14.471,280.305,19.37,47836,2.827,0.738,0.44,11.213,29.5,95.664,0.742,1.144,22.482,1,349.852,242.319,371.618,2.374,1.418,1.639,733.107,147.94,29266.868,7.029,21.02,2.902,95.07,126.781,146.458,79.941,2.277
6.369,1.657,0.585,2.635,17.525,333.42,19.025,231130,3.843,0.865,0.848,8.342,31.668,123.537,0.889,1.552,24.793,2,377.245,224.039,392.268,5.149,2.543,2.068,1364.614,553.508,43460.665,11.598,36.943,8.694,122.543,132.466,189.373,91.764,3.093
4.207,1.472,0.223,2.018,11.195,409.063,36.541,137977,2.857,0.769,1.481,5.555,32.307,116.483,0.707,1.358,22.427,1,364.316,246.615,374.251,2.942,1.858,1.94,1174.137,755.592,40820.61,10.802,32.432,5.239,125.272,118.757,190.52,95.261,1.923
5.794,1.88,0.573,2.155,15.239,470.433,30.869,128580,3.082,0.825,0.918,8.483,32.396,131.781,1.012,1.807,24.887,1,360.741,240.54,382.561,4.298,1.897,1.685,1060.2,465.122,39872.094,9.151,31.066,5.77,112.112,123.447,173.206,87.362,2.725
5.801,1.216,0.667,1.844,16.027,414.556,25.866,244127,4.772,1,1.19,5.414,34.526,171.964,1.108,1.05,26.254,3,393.538,210.908,424.557,5.113,2.861,2.557,1453.383,768.968,46795.134,12.449,40.344,8.762,130.913,132.635,204.486,104.419,2.455
5.215,1.678,0.5,1.662,15.86,445.237,28.072,247884,3.108,0.816,1.12,2.256,35.878,149.73,0.702,1.523,26.33,1,367.764,241.881,378.523,3.97,2.187,1.825,1434.939,717.857,44780.191,10.637,37.623,8.057,130.379,123.041,204.947,90.132,2.625
2.542,1.608,0.415,2.814,13.35,309.012,23.147,173039,1.581,0.558,1.32,8.909,31.152,57.027,0.505,1.523,18.713,1,345.268,272.898,358.462,1.291,1.319,1.181,1268.331,708.895,41825.273,11.898,34.758,6.412,117.432,118.495,182.425,77.107,2.373
7.012,1.295,0.366,1.076,12.159,211.276,17.376,57966,5.413,1.023,0.559,10.065,30.666,127.711,1.132,1.234,24.619,3,404.874,196.711,428.131,5.835,2.535,2.613,800.925,252.63,32759.839,7.136,20.793,3.554,98.53,132.839,155.308,100.927,1.893
3.925,1.137,0.586,1.721,18.031,133.145,7.384,141357,3.453,0.832,1.205,9.017,31.852,70.304,0.846,1.073,20.833,2,367.288,232.463,392.157,3.043,2.132,1.962,1177.25,632.508,38613.281,10.071,30.98,7.437,118.108,123.447,183.11,95.559,3.4
3.119,1.652,0.616,1.558,17.101,237.185,13.869,146415,1.888,0.637,1.358,3.52,31.176,42.662,0.688,1.51,17.9,1,350.031,258.426,355.772,1.779,1.341,1.415,1173.208,684.666,40842.013,9.975,29.763,7.409,117.841,115.933,173.515,83.855,3.153
2.245,1.541,0.723,1.896,11.855,507.361,42.797,143178,1.457,0.541,0.506,11.523,29.111,131.584,0.473,1.466,26.222,1,334.365,271.834,342.182,0.916,1.229,0.958,1040.465,247.72,35353.95,8.672,28.301,4.239,110.372,123.82,170.542,68.951,1.801
5.545,1.316,0.405,1.807,9.236,650.281,70.405,155288,4.215,0.956,0.716,1.278,35.158,197.258,0.993,1.166,38.109,2,388.606,219.38,395.226,4.61,2.273,2.188,1091.897,344.006,39021.264,7.555,27.38,4.258,116.901,132.372,176.281,96.142,1.595
6.065,1.645,0.662,1.942,8.862,218.473,24.654,34119,3.688,0.906,1.464,4.66,33.941,52.253,1.041,1.497,21.569,2,377.217,231.794,397.336,4.488,1.784,2.355,927.759,594.889,36389.542,6.998,21.431,2.72,111.924,120.591,173.937,98.091,1.626
2.1,1.034,0.537,1.108,9.131,175.989,19.273,186470,2.03,0.614,1.237,3.861,28.446,45.032,0.708,0.969,20.042,1,348.688,263.519,356.577,1.31,1.578,1.367,1276.944,683.494,42980.464,10.772,33.716,4.365,123.289,113.296,190.219,83.368,1.331
5.073,1.713,0.73,1.929,14.994,624.503,41.649,186726,2.961,0.739,0.639,1.529,27.303,183.536,0.838,1.628,28.742,1,361.957,242.107,367.572,3.715,1.863,1.718,1159.407,323.942,39440.557,8.902,29.797,5.731,114.331,125.797,176.296,84.293,2.364
3.359,1.199,0.517,1.333,8.62,313.611,36.382,55403,2.801,0.727,0.977,5.463,31.133,96.552,0.577,1.091,21.808,1,358.075,246.328,376.794,2.221,1.501,1.726,852.916,414.293,34196.597,6.649,22.032,1.787,104.824,118.326,159.126,91.8,1.331
5.871,1.89,0.511,1.206,12.043,766.05,63.609,155452,3.106,0.784,0.785,7.854,35.155,263.969,0.759,1.812,38.821,1,365.968,240.123,379.119,4.052,1.901,1.772,1109.16,382.836,39792.217,8.869,28.307,4.854,116.881,125.579,179.57,87.133,2.682
3.046,1.287,0.547,0.943,17.038,600.023,35.216,155039,2.366,0.667,0.888,10.708,30.63,167.561,0.692,1.175,30.007,1,351.374,252.084,365.929,2.056,1.637,1.391,1131.063,497.218,36367.965,9.861,30.377,5.843,115.37,123.922,180.052,82.575,3.259
6.146,1.368,0.65,2.478,11.532,328.729,28.505,180139,4.493,0.989,0.726,11.887,29.588,133.541,1.115,1.307,23.962,2,384.752,212.615,406.45,5.221,2.623,2.412,1125.472,379.578,39502.515,10.771,33.533,5.617,110.602,129.137,167.779,95.306,1.932
4.32,1.058,0.779,1.74,17.16,302.68,17.639,48787,4.083,0.866,0.635,9.889,29.48,122.257,0.961,0.964,23.054,2,376.805,219.829,401.393,3.351,2.021,2.094,771.735,230.336,32067.271,6.795,19.537,4.458,100.18,134.291,152.794,94.513,2.803
7.62,1.112,0.244,2.179,16.946,466.589,27.535,167830,6.856,1.157,1.11,6.155,35.07,201.563,1.361,0.963,35.927,5,439.5,180.114,464.454,6.901,3.486,3.439,1226.126,599.342,42096.839,9.988,33.388,7.233,121.483,141.354,181.289,117.362,2.852
2.825,1.412,0.232,2.401,10.95,155.401,14.192,91765,2.001,0.616,1.234,8.961,28.691,54.938,0.504,1.331,18.47,1,344.374,259.001,356.943,1.597,1.364,1.341,1061.888,582.604,37109.728,8.819,27.233,3.915,108.963,122.954,170.01,85.545,2.238
4.046,1.268,0.763,2.294,16.746,182.374,10.891,141540,3.192,0.839,1.349,10.28,32.684,74.101,1.069,1.175,17.424,1,366.275,237.054,383.858,3.025,2.035,2.029,1210.562,737.461,40230.04,11.623,35.255,7.166,124.271,127.046,187.515,94.138,3.381
2.681,1.351,0.518,1.835,16.973,223.101,13.144,200131,1.984,0.645,0.486,6.118,28.419,62.185,0.646,1.328,18.19,1,341.952,262.28,341.552,1.671,1.588,1.142,1186.05,201.406,39862.345,9.117,31.196,7.216,104.916,127.133,162.732,75.796,2.878
7.548,1.015,0.569,1.653,12.769,642.307,50.3,185242,7.439,1.278,1.287,9.636,39.849,256.659,1.647,0.855,35.512,6,446.651,160.696,483.762,6.801,3.846,3.787,1339.749,769.277,46076.452,11.436,37.041,5.568,135.875,138.997,213.432,121.964,2.322
7.264,1.379,0.489,1.627,10.525,459.7,43.677,56158,5.267,1.082,0.606,6.309,35.585,156.822,1.273,1.301,23.533,3,395.622,202.522,427.352,6.071,2.448,2.759,807.052,193.482,35402.886,6.565,18.861,1.696,103.073,139.08,164.849,99.479,1.824
3.548,1.337,0.256,2.208,14.255,107.397,7.534,160060,2.653,0.733,0.813,5.251,31.092,32.208,0.775,1.249,18.968,1,353.8,245.687,379.824,2.589,1.691,1.569,1128.233,435.344,40920.37,8.876,30.133,5.079,113.631,123.059,174.843,81.951,2.796
5.96,1.019,0.661,1.889,19.057,571.462,29.987,243205,5.847,1.059,1.382,6.787,32.329,220.847,1.279,0.861,28.352,3,415.794,193.444,443.874,5.405,3.405,3.095,1520.969,944.725,46340.551,13.032,41.743,9.902,139.268,130.622,218.364,111.493,3.17
6.903,1.124,0.648,2.668,15.675,396.583,25.3,64489,6.14,1.081,0.845,8.434,32.238,170.786,1.233,0.981,20.662,4,416.403,187.691,442.552,5.746,2.821,3.091,916.414,364.246,35512.731,7.031,23.56,5.168,109.372,136.258,169.497,109.104,2.992
5.331,1.414,0.387,2.724,10.075,457.597,45.419,217639,3.771,0.85,0.536,8.996,30.026,157.47,0.832,1.291,23.898,2,383.347,228.726,382.6,4.391,2.351,2.065,1234.437,313.092,40547.854,10.764,34.72,4.445,116.638,133.763,173.299,86.429,1.529
5.178,1.493,0.384,1.175,16.193,249.881,15.431,184560,3.468,0.856,0.492,4.924,30.529,87.731,0.972,1.382,21.752,2,366.14,231.859,386.048,3.982,2.048,1.95,1113.849,224.292,39181.277,9.021,31.048,6.689,113.589,125.371,170.118,85.442,3.09
3.451,1.404,0.703,1.1,13.126,486.248,37.043,200280,2.458,0.673,0.868,7.285,31.269,141.813,0.715,1.349,31.034,1,349.387,252.521,367.396,2.459,1.706,1.491,1260.527,469.189,42638.032,10.132,34.808,4.97,114.787,124.094,181.309,81.879,2.167
2.559,1.531,0.243,2.187,15.098,785.407,52.019,92030,1.671,0.556,1.215,11.009,29.615,183.585,0.612,1.459,36.598,1,350.322,264.525,357.558,1.088,1.273,1.145,991.307,510.094,35565.169,9.347,27.885,4.792,112.021,121.196,178.263,79.033,2.618
7.383,1.595,0.729,1.463,16.809,151.411,9.008,93335,4.629,0.979,1.497,11.739,35.831,89.413,1.191,1.42,18.819,3,401.835,207.841,416.123,5.982,2.477,2.526,1107.126,718.956,40361.542,10.096,30.027,6.293,121.706,124.975,180.169,105.816,2.852
7.403,1.01,0.354,0.841,14.179,298.742,21.069,229324,7.33,1.236,1.245,3.5,38.283,164.167,1.482,0.809,27.328,6,447.284,165.071,479.059,6.841,3.823,3.637,1453.747,825.148,48571.149,11.204,38.412,7.977,139.072,136.672,216.897,122.798,2.907
5.799,1.464,0.556,2.755,17.768,270.098,15.202,109163,3.961,0.91,1.352,3.121,33.824,82.02,1.115,1.304,21.324,2,381.482,228.818,401.273,4.36,2.112,2.334,1105.647,691.928,38230.449,9.237,28.608,8.236,118.89,119.037,185.355,96.322,3.356
4.034,1.963,0.762,1.299,16.666,273.985,16.44,43863,2.055,0.637,1.197,8.444,30.604,69.467,0.701,1.841,16.997,1,353.722,258.846,364.945,2.288,1.261,1.431,856.354,468.218,33221.727,7.85,21.81,4.321,105.377,119.789,160.124,84.969,2.882
4.095,1.519,0.607,2.844,15.381,365.094,23.737,162131,2.696,0.761,1.375,5.562,34.887,130.406,0.857,1.394,24.237,1,365.538,244.677,377.95,2.874,1.857,1.805,1242.96,736.127,42947.348,11.292,34.093,7.237,120.565,115.894,183.707,88.136,2.562
6.356,1.678,0.449,2.378,9.81,672.677,68.574,57459,3.789,0.879,0.392,1.266,29.945,188.774,1.163,1.627,27.815,2,372.701,223.168,381.828,4.772,1.699,2.1,743.432,134.365,33758.743,5.087,14.604,2.596,94.488,131.02,142.23,88.931,2.017
7.383,1.312,0.614,2.478,18.031,739.001,40.984,205251,5.628,1.025,1.416,4.815,35.908,257.986,1.401,1.157,36.951,3,408.591,193.918,440.274,6.524,3.197,2.925,1376.657,856.83,43637.629,11.983,36.518,8.966,134.256,129.239,200.412,112.518,2.524
7.323,1.774,0.406,1.243,19.231,241.551,12.561,171184,4.128,0.941,0.776,9.874,32.333,112.534,1.121,1.718,24.222,2,381.976,223.204,392.325,5.887,2.394,2.4,1148.73,414.606,39444.536,10.773,32.994,7.07,117.92,129.61,178.56,90.572,3.534
6.679,1.773,0.366,1.315,9.644,480.065,49.781,222439,3.767,0.913,1.406,9.772,37.175,193.796,1.061,1.593,25.014,2,388.792,229.038,395.1,5.38,2.519,2.202,1407.879,857.774,46556.95,13.49,40.005,5.429,138.095,125.487,216.833,99.949,1.502
5.852,1.521,0.798,1.947,13.859,545.829,39.385,202664,3.847,0.844,0.391,6.442,27.473,168.214,1.038,1.428,29.458,2,374.034,229.792,384.91,4.645,2.299,1.968,1165.902,204.461,40573.357,9.943,32.949,4.545,112.865,133.679,173.539,85.392,2.934
2.505,1.022,0.65,1.179,11.107,465.279,41.892,54665,2.451,0.697,1.158,6.198,34.547,121.245,0.676,0.943,26.828,1,354.198,250.279,365.262,1.581,1.382,1.581,906.366,480.703,35971.138,7.644,23.267,2.866,105.493,121.486,166.45,84.127,2.511
2.97,1.126,0.587,1.472,17.054,403.853,23.68,113835,2.639,0.73,1.183,7.375,29.139,98.508,0.722,1.045,27.632,1,358.408,240.966,371.19,1.919,1.677,1.686,1078.078,578.965,36479.238,9.5,27.479,6.3,115.382,123.004,170.837,89.107,3.04
7.391,1.017,0.413,1.507,16.66,234.383,14.069,200403,7.268,1.17,1.496,3.413,36.72,172.64,1.531,0.853,18.806,6,445.153,164.647,478.513,6.756,3.805,3.573,1402.813,889.75,45267.704,11.565,37.206,7.883,133.353,125.66,208.455,126.246,2.881
5.639,1.77,0.229,1.151,9.691,441.754,45.586,121815,3.185,0.833,1.223,6.786,34.372,125.601,0.833,1.685,28.173,1,366.364,242.192,385.207,4.228,1.927,1.905,1104.979,586.96,41210.484,9.219,28.033,3.761,120.592,124.569,190.028,92.922,1.721
2.055,1.178,0.219,1.251,18.524,380.85,20.559,243920,1.745,0.582,0.759,1.122,30.076,88.142,0.614,1.125,19.897,1,338.83,268.008,347.396,1.245,1.525,1.119,1318.291,460.096,42018.146,10.381,35.016,8.205,117.832,112.493,172.187,75.578,3.187
2.609,1.12,0.533,2.535,10.172,656.894,64.581,191862,2.329,0.706,0.969,6.231,27.542,152.096,0.738,1.005,33.579,1,357.378,253.29,364.189,1.844,1.713,1.495,1252.803,559.137,39778.602,10.892,34.761,4.282,117.719,121.852,180.356,83.266,1.643
5.981,1.266,0.657,1.168,17.567,634.523,36.12,33409,4.726,0.995,0.74,4.697,30.714,226.374,1.086,1.166,35.031,3,397.783,208.649,407.849,4.612,2.122,2.547,738.86,266.033,32645.497,5.278,18.269,4.451,96.04,141.295,150.238,95.795,3.187
2.03,0.661,0.522,0.863,13.484,193.799,14.373,223596,3.072,0.797,0.535,8.424,30.255,87.283,0.861,0.597,18.022,1,357.639,234.518,374.309,1.817,2.126,1.708,1243.286,316.494,40640.058,10.238,35.039,5.756,116.272,133.359,185.434,82.581,2.536
2.965,1.293,0.704,2.185,11.939,161.963,13.566,52177,2.292,0.66,0.598,8.022,33.006,60.476,0.782,1.198,22.348,1,352.35,253.357,363.35,1.813,1.295,1.418,754.648,219.028,28242.2,6.144,19.551,3.228,96.889,119.315,144.662,79.042,2.158
5.292,1.773,0.22,2.947,9.899,735.708,74.322,60915,2.985,0.756,0.566,5.189,31.827,188.721,0.82,1.741,28.694,1,362.434,243.498,371.798,3.672,1.505,1.565,825.663,246.728,30181.067,6.423,18.058,3.309,101.534,125.968,162.926,79.838,1.823
6.151,1.518,0.42,1.529,10.011,474.856,47.432,191588,4.052,0.865,0.959,1.08,31.717,171.879,0.992,1.385,30.63,2,385.062,224.444,402.634,4.968,2.393,2.267,1259.762,509.724,41997.254,9.129,31.663,4.037,120.451,127.574,188.454,95.762,1.647
5.912,1.348,0.342,1.061,15.943,700.461,43.936,220293,4.385,0.918,1.387,3.775,29.726,199.55,1.083,1.223,37.499,2,394.536,219.801,414.731,4.833,2.692,2.391,1427.113,870.403,48620.13,11.165,38.654,8.637,131.75,128.464,200.201,99.521,2.641
3.346,1.372,0.468,2.055,14.605,140.706,9.634,147996,2.439,0.692,1.395,7.967,32.047,45.393,0.754,1.223,19.323,1,354.132,256.075,373.849,2.171,1.798,1.551,1190.745,699.789,41705.199,10.325,35.341,6.111,113.172,122.998,179.387,86.268,2.398
6.273,1.001,0.243,2.794,9.465,468.561,49.504,93590,6.265,1.164,0.366,1.796,34.153,204.405,1.386,0.897,27.783,5,414.798,182.423,443.358,5.559,2.818,3.105,835.072,196.204,30688.82,5.088,18.97,3.397,102.449,148.507,168.007,104.548,1.847
3.423,1.3,0.772,2.525,9.352,477.599,51.067,107289,2.634,0.721,0.396,2.184,27.465,143.122,0.786,1.194,27.759,1,354.7,242.529,366.077,2.409,1.451,1.534,890.653,146.849,31617.649,5.667,21.861,2.744,98.73,124.632,151.69,76.499,1.687
3.952,1.646,0.334,2.17,8.868,702.491,79.219,105435,2.401,0.715,0.594,8.117,27.255,202.735,0.654,1.557,30.611,1,344.324,252.397,361.971,2.51,1.46,1.439,954.805,273.498,35719.039,7.147,25.471,2.53,101.974,127.568,156.387,76.951,1.619
6.479,1.974,0.753,1.493,16.925,168.327,9.945,101869,3.282,0.81,0.606,9.313,30.466,66.526,0.821,1.838,27.323,1,360.97,232.693,382.102,4.721,1.961,1.754,925.365,241.824,35578.238,8.153,24.519,5.522,107.374,122.407,162.622,84.654,3.097
5.898,1.847,0.456,1.992,16.543,268.312,16.219,83440,3.193,0.827,0.414,4.537,27.695,61.55,0.843,1.788,20.256,1,362.839,236.404,376.982,4.135,1.646,1.733,827.81,191.65,32474.868,5.843,20.755,6.075,99.025,133.139,160.842,81.135,2.954
7.095,1.024,0.791,1.001,8.701,384.577,44.198,163950,6.932,1.241,0.766,6.386,39.704,199.573,1.566,0.904,30.531,5,429.276,173.232,457.666,6.503,3.516,3.44,1155.883,426.371,39650.027,9.433,29.41,2.838,117.111,143.077,178.604,113.179,1.565
5.946,1.899,0.532,2.294,14.723,706.089,47.957,228089,3.132,0.776,1.005,11.403,34.362,205.55,0.854,1.829,30.531,1,369.718,239.816,376.277,4.446,2.28,1.859,1358.407,606.676,44257.847,11.605,39.948,7.339,122.056,125.307,185.311,89.334,2.879
5.41,1.783,0.758,2.395,9.016,757.218,83.985,97558,3.034,0.812,0.994,11.401,33.037,206.971,0.862,1.668,38.97,1,361.529,245.241,377.256,3.857,1.792,1.743,994.596,492.589,38141.763,9.661,27.662,3.227,105.87,129.03,161.602,86.191,1.748
2.562,1.78,0.203,2.923,18.845,794.907,42.181,71072,1.439,0.546,0.952,4.383,28.545,171.416,0.569,1.733,40.095,1,336.402,272.462,349.291,0.818,0.972,1.006,877.55,352.483,34763.78,6.888,22.525,5.99,100.887,115.33,153.925,73.077,3.329
4.206,1.458,0.649,1.373,18.885,771.435,40.848,214487,2.885,0.789,0.706,9.91,28.968,238.016,0.871,1.368,35.598,1,360.306,239.363,371.26,3.163,2.057,1.71,1233.817,416.814,39234.099,11.308,36.525,7.553,119.039,122.728,182.197,83.266,3.284
3.591,1.398,0.742,0.841,16.379,104.159,6.359,193192,2.569,0.732,1.148,7.533,31.335,55.702,0.742,1.297,18.393,1,355.788,245.402,371.525,2.679,1.921,1.612,1289.558,676.562,43465.812,11.765,35.135,7.621,116.299,118.98,177.109,88.956,3.119
3.464,1.303,0.284,2,19.114,133.396,6.979,234784,2.659,0.728,1.292,11.73,35.184,56.84,0.684,1.256,15.378,1,359.814,252.948,366.121,2.555,2.09,1.684,1465.145,843.556,45605.559,13.627,42.15,9.95,129.759,122.991,198.262,88.98,3.468
7.838,1.066,0.258,2.355,17.737,203.325,11.463,66414,7.355,1.187,0.716,6.254,36.846,138.794,1.434,0.928,18.605,6,436.823,162.149,471.169,6.965,3.295,3.325,880.15,289.123,34305.608,7.47,20.956,4.722,107.501,145.134,167.2,114.375,3.11
4.359,1.228,0.455,2.539,17.942,344.203,19.184,61735,3.549,0.811,0.403,9.522,29.753,79.049,0.784,1.184,24.744,2,367.828,234.16,383.246,3.167,1.842,1.859,735.447,146.9,30224.352,5.693,19.167,4.684,91.285,127.683,146.891,88.133,2.959
7.352,1.247,0.76,1.226,14.836,680.943,45.896,149114,5.898,1.097,0.656,9.45,35.631,258.752,1.335,1.147,37.785,3,408.87,186.687,426.927,6.332,2.97,3.018,1072.452,318.536,38172.969,9.119,29.236,5.448,112.321,134.923,170.129,105.657,2.99
5.787,1.484,0.525,1.376,11.673,724.859,62.099,165175,3.899,0.932,0.465,6.472,32.137,230.217,0.974,1.374,32.206,2,373.941,222.82,392.526,4.632,2.221,2.052,1085.266,237.074,38352.099,7.794,27.988,4.257,106.399,134.707,159.708,84.418,1.862
6.769,1.747,0.516,1.928,10.614,230.784,21.744,135638,3.874,0.907,0.861,9.752,33.117,89.062,0.976,1.601,28.02,2,381.327,230.303,388.945,5.37,2.259,2.184,1103.912,409.825,36249.953,9.614,28.634,4.078,104.528,144.101,163.324,91.887,1.942
5.016,1.474,0.285,1.527,11.926,533.765,44.755,161772,3.403,0.816,0.487,3.871,31.7,182.286,0.887,1.358,26.777,2,361.584,234.697,377.817,3.842,1.985,1.753,1094.906,243.481,36703.178,7.944,26.421,5.114,105.57,128.787,165.765,85.115,2.497
5.461,1.058,0.2,2.693,15.542,742.153,47.752,69683,5.163,1.056,0.855,2.345,35.127,262.351,1.324,0.973,35.466,3,399.536,202.983,427.824,4.592,2.384,2.575,892.447,394.281,34675.248,5.76,20.201,5.084,103.24,138.691,166.186,99.269,2.704
4.955,1.958,0.686,1.842,10.072,424.612,42.158,135515,2.531,0.735,0.565,5.677,30.8,124.676,0.84,1.928,26.252,1,353.283,248.717,363.094,3.36,1.522,1.536,1014.381,258.549,37287.652,8.719,26.197,3.054,107.583,126.819,172.389,78.913,1.787
3.171,1.943,0.253,2.559,11.104,172.481,15.534,174780,1.632,0.562,1.186,11.38,29.818,39.361,0.537,1.853,18.257,1,332.939,267.07,348.358,1.517,1.55,1.174,1239.14,639.819,40141.294,11.496,34.726,5.064,120.521,115.219,180.466,80.708,2.134
6.335,1.785,0.58,2.077,13.617,420.47,30.879,125195,3.548,0.807,0.333,6.508,28.502,138.386,0.998,1.712,19.606,2,374.626,238.13,379.927,4.678,1.924,1.84,919.821,138.77,33831.208,6.312,25.395,4.362,97.572,126.213,143.246,83.389,2.202
3.685,1.991,0.749,2.501,10.797,363.056,33.627,179478,1.85,0.589,0.966,7.988,27.831,103.313,0.419,1.929,21.574,1,347.144,263.885,350.624,2.024,1.469,1.301,1201.564,507.577,40877.192,10.731,34.155,4.232,119.863,118.721,188.049,77.119,1.58
2.146,0.985,0.325,1.532,15.064,504.361,33.482,129262,2.18,0.689,0.503,7.866,26.952,121.482,0.85,0.911,27.966,1,338.113,256.394,354.635,1.522,1.495,1.311,965.536,248.932,35005.472,8.299,26.108,4.471,105.021,130.053,164.937,79.234,2.625
5.873,1.963,0.599,2.629,19.078,407.061,21.337,103391,2.992,0.805,0.301,2.458,25.65,129.214,0.918,1.919,25.107,1,348.453,239.923,364.638,4.052,1.62,1.614,877.538,151.406,35273.926,5.487,19,6.263,96.714,128.249,155.835,80.093,3.441
3.063,1.076,0.247,1.404,16.977,112.142,6.606,96793,2.847,0.744,1.343,5.293,30.474,30.47,0.801,0.971,19.687,1,364.802,240.711,383.257,2.262,1.617,1.7,1033.027,644.197,38299.033,9.057,26.939,5.853,115.706,121.955,180.914,89.33,3.029
7.643,1.366,0.562,2.001,15.997,795.798,49.746,120398,5.596,1.042,1.106,8.776,33.042,291.193,1.18,1.242,38.332,3,407.311,195.181,431.798,6.497,2.99,2.811,1102.262,518.159,41916.496,9.125,29.147,6.626,114.017,128.989,174.475,109.196,3.13
7.724,1.225,0.298,1.271,14.993,480.478,32.048,35079,6.303,1.163,0.419,11.692,32.614,210.363,1.379,1.095,27.943,5,421.487,181.918,436.782,6.709,2.825,3.133,740.903,152.091,34464.062,6.129,17.85,3.35,88.315,139.865,141.046,103.984,2.497
7.489,1.196,0.642,1.846,13.855,431.542,31.146,177075,6.263,1.175,1.097,2.848,39.617,178.963,1.473,1.03,24.603,5,425.274,182.402,454.907,6.827,3.25,3.187,1286.289,623.401,43825.88,9.753,30.638,7.235,125.371,130.43,190.147,113.985,2.432
4.221,1.141,0.381,1.5,10.239,768.232,75.032,215923,3.7,0.89,1.034,5.515,32.498,235.121,1.039,0.933,39.41,2,377.433,224.456,392.06,3.595,2.434,2.195,1346.825,654.15,43965.904,11.366,36.885,6.143,121.107,137.694,195.743,93.099,2.113
2.093,0.875,0.478,1.387,18.737,209.102,11.16,108017,2.39,0.703,0.868,2.046,30.393,48.17,0.779,0.822,15.974,1,349.426,253.068,363.287,1.302,1.459,1.249,970.461,385.88,36451.7,7.031,23.526,6.635,106.343,125.374,165.921,79.197,3.291
7.57,1.781,0.56,2.927,10.982,232.466,21.167,40127,4.25,0.904,0.803,3.666,32.604,124.346,0.977,1.672,19.641,2,390.924,224.126,405.747,5.677,1.985,2.338,808.803,269.02,34200.81,5.425,18.965,3.757,101.35,129.383,154.143,92.25,2.35
4.569,1.578,0.303,1.152,9.096,665.61,73.179,247090,2.895,0.768,1.364,5.144,35.845,217.832,0.745,1.45,29.161,1,368.768,245.631,377.185,3.49,2.069,1.825,1514.597,922.163,47436.805,12.504,40.727,4.595,127.592,127.276,194.222,93.921,1.549
7.8,1.147,0.645,2.532,17,282.582,16.622,88013,6.801,1.142,0.594,6.947,32.932,169.991,1.438,0.973,25.873,5,430.764,170.107,457.29,6.902,3.262,3.279,885.388,263.67,36189.307,6.196,23.364,4.992,105.584,139.151,164.435,111.799,2.903
7.782,1.811,0.382,2.965,10.107,659.459,65.245,57856,4.297,0.962,0.778,3.536,32.205,239.341,1.157,1.684,36.284,2,389.919,219.547,406.454,6.126,2.082,2.214,847.995,332.992,34615.472,5.857,20.185,3.597,104.964,134.458,162.375,91.753,1.788
7.118,1.636,0.597,0.844,12.463,290.073,23.275,111345,4.351,0.928,0.695,3.503,31.704,120.605,1.065,1.511,22.443,2,381.192,216.71,410.634,5.647,2.14,2.165,966.231,354.088,37551.729,6.299,24.234,4.29,100.77,138.532,155.646,96.582,2.274
3.767,1.388,0.295,2.338,8.339,123.231,14.777,192482,2.713,0.766,1.225,9.556,34.367,57.319,0.926,1.254,18.834,1,366.235,255.374,372.357,2.645,2.03,1.767,1292.228,667.461,41034.171,11.441,38.159,3.086,126.464,129.071,190.779,90.751,1.382
4.311,1.674,0.613,1.356,9.645,461.91,47.892,94661,2.575,0.714,1.4,11.589,34.85,151.379,0.75,1.571,27.688,1,359.286,247.752,371.591,2.9,1.659,1.672,1059.508,687.438,39357.543,9.647,30.234,3.615,120.814,115.634,186.615,88.552,1.774
7.107,1.26,0.277,0.889,10.078,237.681,23.583,156434,5.641,1.103,1.32,4.56,37.469,128.405,1.316,1.123,27.768,4,416.07,192.641,442.187,6.308,2.938,3.002,1247.135,728.038,44363.866,10.225,30.555,3.788,125.003,132.595,197.062,110.166,1.745
3.902,1.345,0.455,1.686,8.653,630.492,72.865,121423,2.9,0.754,1.257,8.568,34.538,185.826,0.86,1.194,25.456,1,364.153,244.216,379.729,2.746,1.775,1.761,1093.43,593.406,37908.823,9.571,28.992,3.219,118.466,127.658,180.602,85.984,1.774
3.017,1.654,0.348,2.857,15.88,548.84,34.562,55908,1.824,0.604,1.484,3.839,31.541,153.232,0.691,1.507,30.37,1,340.163,264.967,357.391,1.541,1.142,1.396,947.66,615.727,37668.631,8.248,23.011,5.791,107.659,111.925,167.896,84.177,2.915
5.341,1.291,0.649,0.826,18.044,746.522,41.372,102663,4.139,0.926,1.137,11.207,33.313,241.028,0.943,1.132,35.497,2,389.689,222.001,411.058,4.464,2.308,2.254,1025.272,492.023,38808.838,8.935,29.844,7.205,116.651,127.657,185.284,97.186,3.216
7.617,1.47,0.357,2.093,12.48,648.092,51.931,189471,5.182,0.98,1.201,8.402,36.926,215.75,1.076,1.398,31.011,3,397.984,206.14,421.681,6.511,2.887,2.689,1310.176,694.838,45627.705,11.291,35.641,5.861,127.654,128.623,200.384,106.305,2.147
6.176,1.89,0.729,1.903,18.495,226.543,12.249,164640,3.268,0.85,1.479,9.829,35.091,48.487,0.899,1.808,22.042,1,369.744,241.218,383.952,4.602,2.132,1.991,1258.132,805.397,42927.574,11.811,36.322,8.813,127.237,125.666,192.378,95.394,3.445
5.42,1.708,0.735,2.721,10.56,660.111,62.51,56351,3.174,0.808,0.308,1.543,27.454,192.904,1.129,1.605,33.956,1,358.405,235.2,366.846,3.87,1.668,1.715,679.746,92.856,30140.979,4.515,16.152,2.282,92.487,134.971,144.64,81.196,1.898
2.583,1.062,0.318,0.985,11.905,549.216,46.134,65930,2.432,0.702,1.061,7.584,32.666,120.543,0.707,0.904,30.289,1,346.566,251.625,371.036,1.63,1.435,1.641,937.583,426.17,35040.816,8.63,23.876,4.757,106.618,127.182,171.117,82.816,2.021
5.69,1.147,0.568,2.299,9.809,568.266,57.934,170961,4.959,1.036,1.187,6.804,34.764,189.162,1.199,1.021,36.827,3,396.736,200.62,425.409,4.992,2.789,2.574,1231.685,678.642,42063.529,9.751,31.278,3.867,124.119,131.921,194.374,104.605,1.585
7.94,1.008,0.253,2.296,15.447,682.584,44.19,208951,7.879,1.309,1.401,4.223,38.655,269.974,1.702,0.848,34.684,6,456.807,158.15,484.662,7.318,3.962,3.77,1418.048,876.025,48990.896,11.153,35.927,7.262,133.092,133.905,211.013,130.333,2.878
2.841,1.631,0.435,2.272,13.038,501.677,38.477,106884,1.742,0.595,1.361,3.887,32.371,118.011,0.658,1.538,27.003,1,343.569,262.509,354.152,1.421,1.171,1.155,1102.769,626.499,39394.55,9.528,29.298,4.802,114.016,115.553,180.645,84.398,2.212
5.11,1.448,0.628,2.873,15.359,426.202,27.749,160968,3.53,0.882,1.31,7.38,33.643,150.556,0.984,1.347,25.637,2,375.583,234.115,393.269,3.869,2.236,2.143,1213.118,709.696,41092.806,10.355,33.996,6.148,123.338,121.733,186.621,95.501,2.665
7.264,1.134,0.596,2.611,17.14,545.649,31.835,67541,6.404,1.089,1.435,8.771,37.589,236.03,1.439,1.003,31.657,4,425.967,178.482,449.277,6.246,3.127,3.254,991.371,654.768,38731.195,9.182,23.936,6.206,113.483,128.469,183.02,115.568,3.153
6.445,1.958,0.575,0.892,14.548,308.57,21.21,98502,3.292,0.785,0.945,1.365,32.521,111.203,0.765,1.824,22.757,1,368.881,241.332,384.505,4.603,1.832,1.744,968.115,411.605,35515.307,6.549,23.218,5.556,107.914,128.822,172.282,88.666,2.805
6.182,1.53,0.37,1.836,15.532,227.818,14.668,34459,4.041,0.913,0.308,7.241,28.628,105.389,0.971,1.453,21.389,2,374.529,219.997,387.902,4.749,1.862,2.117,688.344,90.248,29777.145,4.468,18.012,3.75,90.46,129.196,139.081,84.366,2.905
6.215,1.242,0.427,1.675,19.223,531.611,27.655,199020,5.004,0.992,0.313,2.875,31.927,200.972,1.26,1.176,29.312,3,386.648,209.575,416.682,5.238,2.742,2.476,1135.262,120.425,37905.396,7.865,29.359,7.794,109.863,135.042,175.471,90.899,3.621
4.157,1.501,0.262,1.482,11.589,263.694,22.754,118222,2.77,0.746,0.954,2.544,33.469,45.747,0.792,1.381,21.174,1,358.595,250.754,367.799,2.971,1.488,1.708,1035.423,418.284,36676.409,8.49,25.551,3.509,111.363,128.323,172.102,85.694,2.199
3.762,1.68,0.631,1.793,12.31,155.941,12.668,209547,2.24,0.662,0.822,7.854,27.319,45.35,0.575,1.603,16.72,1,343.567,256.217,360.014,2.431,1.768,1.459,1251.448,481.743,39203.255,10.356,33.499,5.44,119.658,126.015,185.113,81.653,2.193
6.856,1.076,0.502,1.645,16.612,100.388,6.043,185842,6.37,1.125,0.841,4.42,35.765,77.725,1.274,0.936,20.264,5,426.674,177.961,455.427,6.294,3.325,3.37,1234.227,499.655,41602.949,9.403,31.493,8.062,118.957,133.808,180.807,107.98,3.044
6.861,1.275,0.625,1.751,15.336,525.824,34.288,212323,5.382,1.078,0.78,5.85,32.395,205.115,1.21,1.217,28.601,3,403.118,199.712,431.672,6.12,2.937,2.684,1309.51,447.08,41443.825,10.244,32.781,7.735,122.907,132.487,186.367,104.433,3.102
7.202,1.807,0.349,2.954,10.142,353.504,34.854,92844,3.986,0.907,1.401,4.96,36.53,97.954,1.023,1.639,26.306,2,395.846,225.839,406.534,5.624,2.168,2.133,1132.335,692.258,42267.719,9.082,25.773,3.472,119.974,132.296,186.556,98.595,1.744
7.479,1.46,0.395,0.995,12.514,626.618,50.074,70723,5.124,1.069,0.731,8.132,35.779,217.692,1.289,1.38,32.275,3,403.411,199.118,421.177,6.038,2.463,2.721,870.044,321.993,34207.776,7.636,20.959,3.592,101.445,137.73,156.227,99.461,2.012
5.068,1.547,0.401,2.829,13.614,362.623,26.636,243819,3.277,0.838,1.327,6.171,32.657,125.853,0.886,1.376,23.258,1,371.739,242.486,382.022,3.959,2.29,2.051,1505.535,865.261,47651.924,12.615,42.425,8.877,128.219,121.268,192.79,95.759,1.905
5.009,1.433,0.215,1.857,13.033,440.202,33.777,187812,3.496,0.822,1.383,11.598,37.821,125.278,0.94,1.365,30.989,2,379.08,234.312,391.756,3.88,2.289,1.946,1349.556,836.341,45020.125,11.23,39.151,6.365,124.484,123.439,194.351,95.447,2.691
6.79,1.044,0.405,2.172,10.139,384.959,37.967,213489,6.504,1.121,0.899,4.876,37.258,197.437,1.348,0.884,25.799,5,417.711,184.13,452.982,6.111,3.502,3.121,1318.215,534.745,40958.207,10.103,36.206,5.436,126.836,140.769,198.638,112.578,2.194
5.9,1.166,0.682,2.626,19.093,555.402,29.089,32889,5.061,0.996,0.836,9.143,34.708,205.91,1.272,1.058,31.736,3,403.31,203.244,420.185,4.926,2.338,2.646,741.626,307.392,31998.011,6.245,18.769,5.753,99.579,129.605,155.544,101.608,3.214
6.212,1.446,0.738,1.593,17.148,349.297,20.37,107981,4.297,0.965,1.213,3.83,35.732,137.442,1.303,1.271,22.492,2,386.201,219.69,402.963,4.97,2.217,2.535,1069.592,570.716,41287.593,8.839,26.912,5.862,112.659,125.58,175.782,98.291,3.307
6.775,1.209,0.511,1.747,13.776,774.637,56.23,193419,5.603,1.015,1.15,6.596,36.744,277.413,1.194,1.042,29.349,3,412.704,192.485,438.793,5.9,3.015,2.808,1298.603,642.908,42330.906,10.592,34.265,6.623,129.888,132.13,202.958,106.72,2.652
7.34,1.05,0.473,1.701,16.161,755.303,46.737,47156,6.991,1.158,0.694,7.078,32.678,280.28,1.487,0.957,33.812,5,429.864,171.025,457.401,6.325,3.109,3.389,811.408,306.253,36400.096,6.945,18.694,4.683,98.506,133.768,153.351,114.71,3.016
4.028,1.844,0.218,1.624,18.767,693.62,36.959,154814,2.185,0.692,0.423,4.62,28.386,184.554,0.735,1.802,25.696,1,341.071,259.358,359.326,2.451,1.468,1.173,1014.129,166.868,36388.256,7.908,27.02,7.532,103.986,124.685,162.575,78.01,3.466
4.253,1.981,0.728,2.836,9.634,744.21,77.248,124396,2.147,0.669,0.618,6.19,29.261,200.435,0.688,1.91,32.569,1,344.099,254.564,355.239,2.564,1.431,1.315,963.081,258.314,35661.635,8.27,25.867,4.229,106.281,123.375,166.758,78.694,1.567
2.564,1.173,0.208,2.624,11.004,414.398,37.657,33875,2.186,0.647,0.457,4.072,26.795,112.412,0.71,1.125,29.355,1,344.232,256.378,357.501,1.329,1.054,1.291,724.875,159.497,30745.646,5.588,15.911,2.376,92.072,115.13,140.37,74.055,1.993
5.47,1.854,0.767,1.04,14.512,475.501,32.765,81914,2.951,0.751,0.654,1.066,30.559,130.819,0.845,1.799,24.177,1,359.539,231.555,376.591,3.788,1.539,1.794,894.41,293.316,35331.018,5.339,18.518,6.264,101.863,127.641,152.824,85.235,2.662
2.216,1.006,0.494,1.038,17.588,619.465,35.221,92654,2.202,0.692,0.614,3.372,31.225,145.156,0.666,0.906,23.937,1,345.779,253.87,364.136,1.429,1.314,1.309,845.619,220.384,34301.119,5.746,21.669,5.29,98.475,128.298,153.913,77.231,3.161
4.794,1.961,0.405,1.741,8.435,587.302,69.626,54609,2.445,0.731,1.065,8.701,30.194,160.225,0.863,1.818,34.109,1,348.158,254.852,367.299,2.803,1.354,1.614,875.52,420.481,34654.071,7.817,23.569,2.901,106.177,131.219,165.181,82.36,1.475
5.256,1.197,0.755,1.017,19.808,723.475,36.524,168938,4.391,0.92,1.445,9.481,34.713,223.509,1.076,1.065,32.341,2,402.823,210.738,412.39,4.283,2.582,2.379,1308.831,792.083,43767.352,12.104,35.468,7.748,127.374,128.423,199.241,101.809,3.782
3.719,1.951,0.215,2.162,13.459,601.432,44.687,83327,1.906,0.616,1.123,4.082,28.246,144.316,0.58,1.84,29.454,1,346.463,260.412,353.922,1.931,1.204,1.308,993.95,501.342,34987.334,7.323,23.802,5.186,108.827,115.402,173.234,81.369,2.592
5.545,1.995,0.549,1.116,12.311,798.519,64.863,91076,2.78,0.775,1.412,5.488,29.378,236.175,1.016,1.888,37.429,1,365.905,241.27,384.082,3.848,1.641,1.936,1053.771,697.65,40173.954,8.829,25.493,3.463,119.761,120.158,185.492,93.575,2.348
2.183,1.401,0.529,1.949,11.513,343.954,29.876,227612,1.558,0.577,1.241,1.411,31.445,64.93,0.542,1.322,24.476,1,339.093,268.348,343.886,1.333,1.45,1.316,1390.633,696.004,44208.459,11.39,34.41,5.532,122.992,124.824,190.106,79.192,2.222
2.224,1.54,0.332,0.816,10.092,683.098,67.685,132767,1.444,0.558,1.173,3.608,29.336,168.354,0.546,1.428,33.56,1,334.237,268.668,342.346,0.901,1.164,1.264,1115.271,551,37884.631,9.294,30.622,3.663,114.904,119.162,179.974,77.261,1.827
6.936,1.57,0.457,1.497,17.499,588.344,33.622,116268,4.419,0.948,0.797,9.571,32.655,213.164,1.103,1.483,33.201,2,388.113,220.463,407.726,5.711,2.357,2.385,1020.962,395.795,36439.003,8.572,27.757,6.486,110.095,136.248,166.565,94.529,3.359
4.161,1.26,0.591,2.29,19.465,583.971,30.001,189251,3.304,0.852,0.69,7.666,29.004,187.596,0.917,1.183,24.767,2,367.521,238.006,380.347,3.255,2.18,1.86,1152.035,437.137,38949.599,10.051,32.262,7.938,118.178,127.736,183.343,86.159,3.243
2.762,1.437,0.636,1.865,12.964,328.085,25.308,230115,1.922,0.613,1.316,3.263,30.248,102.664,0.644,1.357,18.411,1,352.964,260.908,361.948,1.759,1.668,1.362,1380.215,798.76,43121.649,11.185,38.87,6.556,133.985,117.003,207.268,85.589,2.308
5.133,1.594,0.2,2.952,19.429,649.921,33.451,35507,3.221,0.78,1.386,3.832,35.098,180.621,0.784,1.463,34.881,1,380.16,241.324,382.153,3.618,1.686,1.96,926.334,548.483,36873.376,6.417,20.369,6.922,113.818,122.03,179.924,95.328,3.597
6.62,1.073,0.762,2.723,17.886,730.263,40.83,128612,6.169,1.141,0.842,9.985,35.063,275.499,1.432,0.972,32.475,5,425.375,180.57,445.56,5.871,3.175,3.141,1044.072,405.561,36194.904,9.861,29.232,6.034,116.792,141.174,179.193,103.792,3.303
3.295,1.622,0.299,1.59,13.773,252.984,18.369,164371,2.031,0.644,0.311,3.3,27.028,50.614,0.505,1.574,18.882,1,332.6,258.765,347.664,1.953,1.326,1.161,1059.717,130.228,35680.877,6.559,27.25,5.006,101.25,125.114,157.302,72.236,2.545
5.737,1.981,0.34,0.9,16.088,537.848,33.431,100083,2.896,0.793,1.251,4.676,32.934,151.465,0.741,1.887,24.829,1,362.795,247.285,374.434,3.924,1.664,1.734,1035.768,592.11,36923.044,8.535,25.516,5.41,112.777,126.191,174.182,90.532,3.044
2.512,1.19,0.358,2.66,13.22,374.494,28.328,199929,2.111,0.626,0.642,8.308,25.612,97.141,0.779,1.165,22.653,1,345.759,261.881,357.657,1.622,1.717,1.245,1184.946,367.627,39212.65,10.083,33.093,5.022,115.23,123.653,168.657,75.74,2.649
2.31,1.027,0.223,2.805,14.705,792.684,53.907,243724,2.25,0.698,0.312,7.172,28.876,202.124,0.612,0.968,33.562,1,342.022,259.821,352.881,1.799,1.785,1.418,1250.307,223.365,38713.877,10.47,33.653,7.401,109.38,123.6,167.427,72.933,2.425
5.188,1.908,0.274,2.605,8.697,435.183,50.041,237554,2.719,0.727,1.266,6.07,29.274,123.822,0.612,1.781,22.974,1,361.432,247.45,374.48,3.83,2.038,1.783,1394.632,758.729,43993.197,11.965,40.542,3.611,129.314,121.662,200.404,90.476,1.587
5.244,1.944,0.792,1.081,16.355,259.824,15.886,88516,2.698,0.751,0.921,10.897,28.811,72.5,0.693,1.814,18.339,1,349.19,243.93,367.105,3.557,1.656,1.89,1002.765,393.928,39325.229,9.169,26.601,5.329,103.99,129.567,157.619,86.302,2.772
5.825,1.96,0.389,2.995,8.634,367.3,42.542,79794,2.972,0.74,1.122,3.417,29.271,100.958,0.936,1.89,25.099,1,368.367,240.604,377.361,3.915,1.667,1.794,956.823,514.27,37374.14,7.263,24.624,3.989,105.126,123.248,162.456,88.913,1.734
6.357,1.521,0.269,1.369,17.805,557.687,31.322,240647,4.178,0.93,1.398,9.156,34.399,196.169,0.914,1.402,27.239,2,381.677,224.949,404.599,5.286,2.697,2.302,1470.315,930.146,47745.832,13.905,43.007,9.099,135.937,125.401,216.058,101.821,3.308
7.855,1.977,0.264,2.393,17.899,153.263,8.562,130898,3.973,0.916,0.949,2.75,32.09,72.371,0.955,1.916,17.678,2,374.711,220.495,402.246,6.239,2.123,2.164,1057.042,428.874,39636.784,8.138,26.453,6.59,116.163,135.592,183.905,95.128,2.999
5.098,1.757,0.632,2.798,10.845,522.521,48.181,75825,2.901,0.756,0.904,7.773,30.689,157.095,0.692,1.6,21.53,1,357.196,236.117,378.797,3.511,1.495,1.695,913.773,363.961,35597.511,7.245,24.156,3.669,106.246,127.02,157.217,83.959,1.924
3.938,1.162,0.713,1.319,11.884,751.857,63.267,185539,3.39,0.805,0.649,10.577,28.444,224.926,0.864,1.099,39.831,2,367.113,227.269,389.08,3.15,2.151,1.987,1166.358,365.736,37410.887,10.604,33.772,4.249,113.957,123.431,179.671,84.347,1.819
6.771,1.477,0.354,2.798,13.776,695.254,50.47,92572,4.585,0.967,0.666,6.037,34.282,228.729,1.083,1.365,36.075,2,382.696,208.214,410.594,5.48,2.263,2.46,891.151,276.905,33000.236,7.275,23.779,3.836,103.65,132.53,162.905,94.301,2.65
3.625,1.718,0.213,1.481,15.16,147.371,9.721,88794,2.11,0.675,1.256,8.967,32.796,41.666,0.643,1.603,16.901,1,346.29,264.398,360.125,2.128,1.345,1.329,987.995,545.554,33928.532,9.089,29.028,4.934,109.791,121.286,169.803,83.451,2.584
4.634,1.247,0.334,2.948,11.448,795.373,69.476,223434,3.715,0.852,0.839,10.024,31.232,235.553,1.101,1.123,32.595,2,379.854,232.82,389.919,3.856,2.397,2.043,1332.388,462.508,42840.517,11.389,36.563,5.86,124.75,129.792,183.983,89.877,1.809
2.471,1.356,0.234,1.419,15.11,589.109,38.988,65745,1.823,0.592,0.496,2.496,26.138,171.207,0.486,1.315,29.13,1,337.318,261.728,348.013,1.201,1.002,1.024,765.692,152.262,29836.181,5.578,16.141,4.385,92.397,125.848,146.346,73.522,2.636
2.152,0.725,0.262,2.898,11.573,213.597,18.456,44166,2.968,0.758,0.413,8.764,27.592,84.996,0.806,0.666,20.323,1,359.286,244.169,371.052,1.586,1.509,1.691,675.685,141.574,29112.299,5.48,17.348,2.422,90.218,128.789,138.121,80.551,2.188
7.776,1.163,0.459,0.918,8.666,108.691,12.542,89221,6.688,1.216,0.868,11.118,35.442,88.691,1.517,0.996,15.753,5,424.11,180.346,456.845,6.695,3.2,3.292,960.671,375.113,36501.829,8.301,26.711,2.847,112.147,138.692,174.671,107.104,1.591
7.016,1.565,0.338,2.36,8.03,219.898,27.383,163527,4.483,0.939,0.858,7.34,29.904,97.066,1.006,1.461,13.603,2,389.054,218.108,407.867,5.884,2.519,2.332,1144.953,416.746,38757.856,9.859,31.582,3.608,113.395,131.373,171.891,96.866,1.322
6.176,1.772,0.51,1.971,9.214,686.723,74.532,57079,3.486,0.798,1.084,3.047,29.999,207.826,0.924,1.686,30.784,2,373.046,239.519,394.386,4.447,1.75,1.824,935.244,445.95,35934.732,6.523,20.445,1.824,106.201,128.459,161.643,91.908,1.605
4.454,1.499,0.352,1.851,17.507,115.148,6.577,133750,2.971,0.798,0.865,2.396,32.752,53.522,0.822,1.406,13.379,1,358.956,243.356,374.025,3.266,1.793,1.815,1052.273,388.39,37143.382,7.048,26.036,6.599,109.608,124.266,173.637,86.634,3.067
3.04,1.012,0.764,1.292,19.537,263.203,13.472,168014,3.003,0.795,0.472,3.857,30.037,108.382,0.884,0.963,22.276,1,358.579,237.858,377.128,2.351,1.793,1.79,1065.877,239.917,36527.307,7.645,26.856,7.667,106.191,129.797,171.087,80.408,3.316
2.939,1.009,0.744,2.352,13.124,630.114,48.014,216722,2.912,0.739,0.909,2.139,33.779,160.556,0.784,0.905,31.245,1,353.947,238.387,375.711,2.325,2.045,1.645,1305.636,549.357,40150.118,10.124,33.816,5.538,120.498,125.9,185.064,85.028,1.962
3.501,1.357,0.54,1.22,14.152,510.277,36.056,80571,2.58,0.758,1.388,6.647,32.049,153.319,0.628,1.173,24.869,1,362.08,249.306,371.951,2.414,1.593,1.671,1015.048,610.79,38653.384,8.639,25.878,5.353,116.013,119.479,185.872,88.938,2.504
5.295,1.926,0.413,2.016,9.762,647.915,66.37,209816,2.749,0.754,0.491,1.767,28.293,202.319,0.902,1.852,29.611,1,352.8,250.023,363.236,3.848,1.889,1.54,1199.648,263.302,41928.137,8.622,32.263,4.106,113.602,130.545,174.368,82.277,1.859
6.288,1.229,0.429,1.357,14.612,622.305,42.588,81679,5.117,1.018,1.128,3.457,33.912,195.776,1.366,1.108,36.919,3,402.361,204.755,425.496,5.218,2.492,2.689,967.543,520.738,37572.862,7.527,24.996,5.854,113.196,132.916,173.69,103.52,2.593
5.961,1.634,0.447,2.902,9.736,135.421,13.91,178888,3.647,0.849,1.013,5.839,31.604,62.878,0.931,1.535,21.108,2,379.187,229.695,394.408,4.824,2.191,1.988,1219.839,566.867,43738.776,10.271,33.527,3.895,122.162,119.102,183.68,94.905,2.132
3.68,1.222,0.637,0.863,15.335,724.758,47.263,124748,3.011,0.812,1.198,6.213,31.217,190.508,0.799,1.142,32.01,1,367.908,244.48,379.112,2.785,1.789,1.75,1119.776,611.938,39014.23,9.328,29.244,6.305,118.154,124.908,185.128,92.41,2.605
7.729,1.322,0.471,1.239,19.199,258.922,13.486,55229,5.848,1.06,0.481,7.219,33.189,142.476,1.405,1.159,29.59,3,408.799,192.554,437.827,6.454,2.759,2.985,796.777,134.966,32513.078,4.64,20.243,4.619,97.469,143.634,150.296,101.028,3.433
6.427,1.848,0.714,1.333,10.348,487.375,47.097,187137,3.478,0.821,1.43,8.762,33.633,150.136,1.059,1.718,23.879,2,372.436,231.344,391.966,4.773,2.31,1.838,1326.121,813.963,44261.996,11.959,37.464,4.841,129.72,129.183,200.509,95.483,1.917
5.326,1.729,0.766,1.711,17.175,551.002,32.082,77907,3.081,0.76,1.045,1.52,30.281,160.063,0.81,1.599,26.377,1,371.219,236.116,379.818,3.762,1.564,1.839,931.715,421.299,35496.46,6.488,22.128,6.008,106.777,127.169,163.985,88.155,3.148
5.67,1.095,0.402,1.312,8.282,218.04,26.327,68857,5.176,1.05,1.316,1.887,38.373,109.47,1.218,0.922,21.321,3,400.981,202.847,424.534,4.823,2.512,2.807,1026.273,583.574,40423.137,7.24,21.217,2.712,115.879,136.059,175.645,106.745,1.4
4.518,1.429,0.536,1.881,12.506,783.362,62.639,108831,3.162,0.808,0.596,1.669,33.871,236.955,0.869,1.338,30.222,1,365.393,240.21,378.954,3.355,1.647,1.912,923.265,285.698,32006.558,6.805,22.382,4.601,106.605,128.856,167.741,83.168,2.222
3.486,1.029,0.257,2.719,9.329,441.709,47.348,173723,3.388,0.837,1.187,5.655,35.13,145.941,0.784,0.936,31.763,2,366.46,234.626,387.705,2.931,2.12,1.967,1246.733,637.419,41462.29,9.926,32.012,4.531,123.827,127.898,191.687,94.432,1.627
4.136,1.481,0.32,2.367,12.23,140.35,11.476,81479,2.793,0.731,1.237,1.46,32.835,54.543,0.754,1.382,18.982,1,366.314,243.466,382.604,2.77,1.573,1.682,1028.44,525.238,39978.165,7.279,23.011,4.474,107.079,122.683,169.204,88.105,2.301
6.547,1.662,0.448,2.076,10.082,756.083,74.99,70405,3.938,0.907,0.777,9.207,33.51,237.567,1.157,1.538,32.158,2,382.7,224.086,398.784,5.016,2.091,2.088,873.799,323.01,33743.781,7.719,23.31,2.948,101.821,133.655,154.046,93.617,1.653
2.086,1.119,0.324,0.996,12.48,510.387,40.898,32189,1.865,0.631,0.761,3.453,32.327,139.895,0.61,1.033,28.627,1,333.533,263.687,350.504,1.025,0.998,1.26,740.395,258.457,32328.903,5.142,16.117,1.692,97.07,130.221,151.414,75.321,1.737
2.696,1.289,0.726,2.327,13.01,589.435,45.305,133761,2.092,0.642,1.089,11.331,31.578,151.882,0.564,1.222,29.741,1,350.348,260.625,363.998,1.694,1.532,1.321,1099.225,502.324,39276.436,9.837,32.152,4.681,106.894,124.543,174.234,79.382,2.241
2.276,0.809,0.295,1.166,11.607,467.623,40.288,124302,2.812,0.777,0.412,6.35,27.806,163.073,0.864,0.751,25.886,1,356.199,243.548,368.425,1.777,1.645,1.512,920.535,211.977,34163.556,6.853,25.569,4.29,102.632,128.653,156.235,76.033,2.414
2.244,0.8,0.473,2.53,15.879,684.317,43.094,81450,2.807,0.742,1.183,5.91,32.425,173.541,0.736,0.676,28.452,1,365.159,246.374,379.972,1.738,1.651,1.656,991.832,531.956,37547.567,8.079,24.203,5.376,110.775,129.134,169.764,87.759,2.983
7.133,1.993,0.563,1.35,19.026,123.193,6.475,41803,3.578,0.873,0.351,9.586,31.137,34.293,0.96,1.891,14.264,2,369.388,230.248,379.494,5.371,1.782,1.851,678.285,143.88,29962.554,5.585,18.302,4.743,100.004,134.377,153.02,82.652,3.1
6.222,1.045,0.615,1.718,12.807,287.865,22.477,124436,5.955,1.047,0.529,8.845,30.688,119.389,1.176,0.889,29.945,4,408.619,187.214,439.189,5.559,2.95,2.832,993.121,269.27,33833.137,7.407,25.105,4.22,108.309,139.784,163.708,101.321,2.424
4.845,1.761,0.43,1.571,10.308,428.754,41.594,203405,2.751,0.75,1.097,7.68,30.821,95.757,0.711,1.644,21.662,1,359.624,251.656,375.703,3.544,1.864,1.692,1306.187,655.295,43123.602,10.998,35.178,3.999,122.831,122.787,197.019,89.389,1.864
2.587,1.372,0.721,2.689,11.249,153.623,13.657,187362,1.886,0.647,0.418,11.287,29.637,48.499,0.699,1.251,23.522,1,344.786,260.525,340.328,1.563,1.414,1.173,1110.101,213.644,36604.599,9.492,32.76,4.744,111.262,129.016,163.242,71.754,1.937
4.95,1.392,0.541,1.078,18.248,594.135,32.559,219374,3.555,0.889,1.466,5.645,30.889,189.672,0.989,1.325,27.876,2,374.214,228.948,401.823,4.014,2.352,2.174,1474.765,908.257,45626.41,12.491,39.795,8.805,132.355,126.544,200.259,93.546,3.025
4.841,1.754,0.464,2.044,14.86,375.564,25.274,32108,2.759,0.731,1.342,9.894,29.642,129.469,0.713,1.616,26.684,1,364.383,249.286,372.172,3.203,1.451,1.731,850.05,499.561,35614.964,7.541,21.885,4.29,106.912,125.726,167.585,91.551,2.472
3.039,1.918,0.24,1.113,13.46,290.868,21.61,242612,1.584,0.563,1.052,5.181,28.61,52.625,0.548,1.865,22.92,1,343.637,272.007,342.276,1.617,1.539,1.042,1394.931,594.397,43949.729,12.202,40.525,6.754,125.065,116.47,190.93,81.38,2.279
4.603,1.951,0.479,2.351,9.796,102.365,10.45,105110,2.359,0.661,1.283,10.222,31.771,44.811,0.633,1.901,19.199,1,351.336,250.696,355.907,2.789,1.555,1.35,1078.964,577.935,40055.616,10.748,29.26,3.36,115.438,123.37,178.807,87.81,2.092
4.391,1.577,0.692,2.791,13.397,603.881,45.077,247887,2.784,0.779,1.365,3.854,30.092,172.7,0.762,1.467,32.409,1,358.099,240.766,379.529,3.273,2.183,1.681,1478.815,915.603,46361.373,11.962,40.442,7.719,130.895,112.691,202.772,89.53,2.498
5.695,1.357,0.569,1.756,11.342,683.667,60.278,85576,4.196,0.928,0.611,4.182,31.33,221.993,1.149,1.255,27.97,2,376.586,221.146,393.086,4.579,2.078,2.29,898.827,235.768,35553.07,6.142,20.718,4.554,104.912,130.49,164.602,92.055,1.881
5.811,1.788,0.699,1.874,19.318,376.528,19.491,133738,3.251,0.802,1.319,8.457,35.209,128.95,0.938,1.631,22.592,1,373.283,235.796,385.276,4.271,2.023,1.996,1151.937,637.014,40702.069,10.68,31.473,7.384,117.843,118.124,182.984,91.979,3.329
2.272,1.251,0.496,2.84,18.609,494.953,26.598,107864,1.816,0.583,0.534,3.34,27.268,113.072,0.57,1.168,22.601,1,332.927,261.929,349.709,1.238,1.189,1.219,910.254,241.2,34155.062,6.999,23.932,5.543,105.725,124.568,162.319,72.174,3.326
4.248,1.564,0.271,1.946,9.007,259.381,28.798,108267,2.716,0.775,0.796,3.521,32.359,120.858,0.828,1.518,22.151,1,356.303,252.116,370.067,2.894,1.438,1.703,972.284,373.754,36338.284,7.074,25.61,2.846,102.078,130.719,158.738,83.167,1.511
5.755,1.359,0.208,1.873,14.2,535.538,37.714,215302,4.236,0.929,0.97,4.358,31.843,199.771,1.059,1.256,25.134,2,391.435,220.307,402.34,4.756,2.502,2.395,1325.201,530.694,41396.339,10.39,33.507,7.163,122.17,130.074,188.65,96.178,2.53
5.019,1.657,0.382,2.072,10.701,108.496,10.139,194212,3.03,0.766,1.157,8.468,30.202,39.201,0.865,1.55,11.834,1,365.893,243.678,374.167,3.737,1.999,1.837,1295.715,662.498,43064.028,11.237,35.666,5.096,117.233,129.157,188.489,89.681,1.862
7.139,1.24,0.619,2.316,12.929,442.051,34.19,248273,5.755,1.063,0.336,10.783,33.803,166.877,1.218,1.181,26.592,3,403.847,194.977,430.221,6.358,3.335,2.963,1282.287,204.557,41522.551,10.879,40.165,6.178,127.499,136.115,195.321,102.665,2.337
5.952,1.192,0.674,1.035,18.522,550.944,29.745,164973,4.995,0.983,0.649,8.42,33.125,194.792,1.226,1.108,23.077,3,396.9,203.677,421.097,5.035,2.606,2.576,1104.111,343.436,38094.284,9.763,30.095,7.815,109.583,128.686,172.075,97.835,2.915
2.978,1.918,0.377,2.606,14.33,742.734,51.83,131916,1.552,0.566,1.03,10.106,26.546,188.133,0.569,1.827,33.61,1,337.968,263.552,349.316,1.239,1.271,1.285,1066.703,473.811,37739.66,9.959,31.024,4.897,113.45,121.642,179.503,80.148,2.709
2.423,1.102,0.497,1.758,12.011,366.935,30.551,49816,2.199,0.696,0.729,6.979,27.667,115.892,0.687,1.023,20.185,1,348.69,255.221,364.282,1.413,1.208,1.338,797.915,234.475,35405.856,6.113,21.134,3.606,99.631,129.733,149.142,83.606,2.028
5.855,1.506,0.453,0.959,10.495,635.633,60.567,249243,3.888,0.919,1.23,1.758,37.076,184.439,0.99,1.36,29.045,2,388.753,226.97,397.673,4.896,2.427,2.173,1474.677,781.965,44156.298,11.519,39.457,5.442,130.359,128.149,197.605,96.026,2.034
2.159,1.221,0.446,2.53,17.604,518.381,29.447,151336,1.768,0.596,1.082,2.105,27.632,134.127,0.65,1.113,20.503,1,344.24,267.606,346.622,1.331,1.328,1.216,1133.701,551.697,38877.864,8.6,26.242,7.2,117.108,126.515,189.24,80.66,3.575
5.515,1.039,0.339,1.629,15.494,748.908,48.335,184105,5.308,1.071,0.581,7.098,35.041,231.086,1.252,0.924,39.955,3,409.492,200.182,424.991,4.732,2.85,2.709,1164.48,370.358,40584.436,10.419,31.585,6.89,112.196,139.502,171.196,100.765,2.481
7.641,1.036,0.282,1.021,13.617,378.864,27.823,119483,7.376,1.213,0.475,4.606,33.497,202.198,1.47,0.937,21.934,6,439.335,170.152,468.813,6.973,3.443,3.49,952.591,242.279,34499.182,6.889,25.426,4.464,105.002,144.172,162.802,112.576,2.456
5.453,1.175,0.318,2.194,10.61,323.367,30.478,150497,4.64,0.945,1.055,3.426,33.557,131.318,1.069,1.02,22.773,3,390.996,210.042,414.715,4.602,2.511,2.519,1191.288,551.101,41309.519,9.249,29.445,4.075,113.705,128.199,175.548,99.583,1.794
4.329,1.867,0.233,2.736,12.011,720.999,60.028,237367,2.319,0.718,0.841,6.129,30.572,224.046,0.799,1.778,27.523,1,359.301,256.885,358.119,2.847,1.844,1.458,1392.439,487.233,43711.838,11.358,36.123,5.328,124.244,119.615,192.425,86.007,2.216
5.86,1.282,0.319,2.753,19.518,134.471,6.89,66612,4.569,0.943,0.503,8.331,27.125,57.704,0.964,1.175,16.627,2,386.771,214.488,395.939,4.678,2.232,2.301,831.482,204.616,31271.267,6.495,19.739,6.557,92.483,133.202,141.859,95.413,3.077
4.75,1.95,0.206,2.907,14.241,195.47,13.726,94321,2.435,0.69,0.692,5.235,26.119,79.317,0.687,1.841,24.902,1,346.528,258.566,357.845,2.838,1.474,1.428,934.321,286.096,34010.917,7.215,22.796,4.636,103.227,131.485,160.486,76.142,2.471
5.274,1.582,0.576,2.709,12.808,157.683,12.311,63453,3.334,0.862,0.664,9.828,31.171,39.728,1.025,1.475,20.282,2,375.95,230.95,383.548,3.689,1.669,1.987,841.673,272.417,35561.711,7.292,22.791,3.089,99.533,131.313,151.025,89.019,2.122
7.649,1.437,0.39,0.805,14.257,690.177,48.409,204287,5.324,1,0.43,9.124,30.274,219.733,1.181,1.27,31.085,3,397.2,202.323,423.425,6.758,2.966,2.666,1172.375,245.133,37453.329,10.984,35.96,6.542,119.483,135.007,184.304,100.627,2.879
4.317,1.58,0.784,1.637,17.348,107.425,6.192,43649,2.732,0.763,0.956,9.084,32.976,20,0.828,1.458,17.636,1,355.647,243.822,375.438,2.768,1.422,1.528,790.412,356.163,32388.876,7.242,21.464,3.944,101.707,121.624,149.761,87.989,3.466
7.767,1.517,0.316,2.601,12.081,703.16,58.202,47958,5.121,1.063,1.216,11.837,32.406,244.455,1.332,1.35,32.148,3,402.137,209.878,428.641,6.389,2.484,2.876,895.152,485.517,36142.743,7.601,25.503,3.01,112.946,134.306,174.602,106.945,2.081
7.432,1.759,0.407,1.606,10.144,415.887,40.996,95668,4.226,0.926,0.991,4.248,34.206,132.579,1.127,1.637,25.824,2,386.627,218.191,407.797,5.856,2.166,2.34,977.829,481.954,36795.055,8.478,22.92,3.314,111.958,125.36,174.874,99.569,1.567
3.175,1.282,0.415,2.123,15.019,102.818,6.846,143121,2.475,0.673,1.292,8.092,28.487,20,0.665,1.109,19.493,1,361.197,253.37,373.017,2.18,1.716,1.621,1199.403,688.76,40610.938,10.183,30.587,6.032,118.186,121.279,187.026,89.592,2.497
2.416,1.353,0.205,2.134,15.982,381.152,23.848,119380,1.786,0.594,0.453,10.41,26.234,98.05,0.571,1.293,22.911,1,326.079,263.702,344.805,1.331,1.309,1.197,924.696,179.081,34015.234,8.242,25.65,5.329,102.952,122.345,164.166,74.094,2.871
2.605,1.72,0.704,1.603,16.553,230.761,13.941,39859,1.514,0.532,0.823,7.375,25.549,57.814,0.576,1.672,20.558,1,339.189,267.68,343.295,0.798,0.887,1.129,761.352,306.74,31439.857,6.258,20.288,3.448,97.119,118.342,149.025,75.741,2.675
2.109,1.262,0.219,2.79,18.584,537.08,28.9,240648,1.671,0.577,1.031,9.685,32.852,133.28,0.633,1.171,28.444,1,338.172,267.062,337.501,1.434,1.741,1.101,1348.406,575.344,43554.632,12.285,40.118,8.934,127.059,121.623,200.304,76.929,3.418
2.567,1.635,0.764,1.907,12.454,575.551,46.214,239631,1.57,0.58,1.111,5.559,26.728,140.646,0.548,1.559,27.731,1,337.72,264.472,345.247,1.403,1.543,1.07,1446.607,674.078,45731.528,11.344,38.789,6.945,122.936,114.717,185.947,76.579,2.169
6.098,1.419,0.735,1.823,8.904,441.269,49.557,91458,4.296,0.927,1.135,7.495,33.42,186.514,1.057,1.285,24.532,2,395.539,210.827,405.679,4.821,2.205,2.549,1022.057,499.611,38545.279,7.772,26.139,2.694,114.113,128.756,174.805,100.238,1.64
2.427,1.443,0.521,2.995,19.5,128.364,6.583,190935,1.682,0.58,1.175,1.612,26.201,29.543,0.583,1.303,15.952,1,342.878,266.796,350.667,1.403,1.347,1.15,1296.016,692.95,42493.525,9.578,32.931,8.656,123.419,111.883,197.783,82.382,3.554
3.914,1.476,0.526,1.886,13.22,559.29,42.306,157286,2.651,0.737,1.082,11.843,34.368,169.973,0.884,1.374,31.027,1,360.327,244.825,367.583,2.694,1.771,1.669,1161.878,549.186,38017.887,11.248,33.682,4.975,113.921,123,177.306,86.453,2.623
7.069,1.498,0.592,1.192,15.479,689.427,44.539,82244,4.721,0.986,0.413,9.8,32.283,230.152,1.23,1.423,35.526,3,388.907,206.941,412.56,5.753,2.262,2.547,827.531,162.351,33237.624,6.386,20.941,4.643,98.911,138.254,154.244,91.288,2.901
2.14,1.205,0.432,1.929,15.996,604.227,37.774,87677,1.776,0.621,1.134,10.557,30.264,136.225,0.663,1.07,26.177,1,346.368,259.907,349.161,1.097,1.284,1.225,975.446,490.576,37749.035,9.353,25.956,4.923,103.178,122.723,159.212,78.785,2.904
6.887,1.591,0.588,2.591,14.558,680.971,46.776,138053,4.328,0.918,1.17,8.637,36.647,227.416,0.968,1.457,31.914,2,396.078,214.217,413.668,5.629,2.446,2.339,1150.275,610.81,38483.249,11.004,32.689,5.261,113.88,132.727,183.989,98.61,2.635
3.691,1.186,0.227,2.509,10.463,240.357,22.972,122232,3.112,0.819,1.492,3.047,34.096,73.712,0.862,1.053,19.028,1,361.036,243.672,382.523,2.732,1.793,2.005,1206.606,824.604,40803.92,9.371,28.502,4.343,121.18,125.278,189.952,96.093,1.443
2.709,1.332,0.232,2.535,17.062,722.222,42.33,94070,2.034,0.646,1.132,1.341,30.72,186.16,0.63,1.32,35.04,1,352.279,262.874,355.927,1.483,1.195,1.385,977.124,449.766,38287.861,6.721,23.622,6.004,114.819,118.699,183.909,87.302,3.073
6.18,1.855,0.474,2.358,17.645,325.535,18.449,207652,3.332,0.805,1.124,10.511,32.42,112.703,0.996,1.752,21.945,2,377.401,238.226,384.069,4.77,2.238,1.972,1326.225,685.952,41356.447,12.275,39.354,8.266,130.446,117.915,199.825,91.763,3.265
5.774,1.207,0.53,1.359,14.636,109.383,7.474,135921,4.783,0.964,0.918,5.36,34.366,49.443,1.107,1.036,25.193,3,397.279,206.584,414.258,4.817,2.516,2.508,1097.55,405.125,38721.869,9.055,27.882,5.402,113.484,135.541,172.011,100.071,2.583
7.265,1.071,0.733,2.697,13.863,690.374,49.801,174066,6.782,1.156,1.342,3.903,36.249,242.001,1.535,0.86,34.536,5,432.786,172.703,470.022,6.396,3.468,3.382,1299.521,795.298,43638.02,10.886,34.349,6.639,126.048,131.839,192.314,120.826,2.788
6.41,1.069,0.263,2.766,9.367,759.275,81.056,71640,5.997,1.115,1.496,7.178,36.942,287.558,1.303,0.942,38.99,5,418.292,188.112,448.572,5.501,2.853,3.122,1066.592,738.375,42339.485,8.986,25.767,3.612,121.696,125.708,191.144,114.803,1.344
6.821,1.941,0.694,1.227,9.007,558.891,62.048,147371,3.514,0.821,1.235,5.63,34.411,166.335,0.87,1.9,26.212,2,385.057,234.054,390.931,5.132,2.072,2.123,1148.85,654.946,40729.862,10.052,32.761,3.037,113.752,132.235,182.906,95.157,1.436
3.692,1.507,0.326,1.087,12.075,262.006,21.699,99954,2.45,0.734,1.035,8.168,31.503,67.614,0.799,1.398,21.521,1,350.833,254.567,363.357,2.413,1.605,1.534,1039.288,491.69,38491.384,9.023,27.109,3.054,108.223,123.498,170.745,86.215,2.015
3.065,1.409,0.436,2.946,11.73,276.221,23.548,145810,2.174,0.669,0.395,6.322,27.373,78.223,0.804,1.33,23.428,1,349.157,255.399,351.535,1.878,1.39,1.334,957.817,155.571,34697.016,8.064,26.309,4.193,100.381,128.854,159.099,77.162,2.101
6.504,1.811,0.39,2.71,19.444,426.615,21.941,201781,3.591,0.889,1.172,8.67,30.551,132.806,0.965,1.706,23.12,2,377.929,235.356,393.943,5,2.311,2.013,1303.563,691.492,45503.256,11.809,36.929,8.743,125.716,128.194,195.551,94.314,3.335
6.841,1.836,0.44,2.765,17.403,728.482,41.858,199160,3.726,0.829,1.15,10.388,35.548,225.738,0.725,1.7,33.59,2,386.761,230.926,394.923,5.498,2.407,2.255,1301.478,631.1,41959.407,11.684,38.266,7.373,128.681,125.618,194.364,93.927,2.85
7.943,1.332,0.29,2.75,15.919,204.718,12.86,107928,5.962,1.082,1.231,3.151,34.578,123.665,1.188,1.12,24.6,4,418.357,186.194,445.339,6.894,2.855,3.091,1074.889,569.981,40084.474,8.65,26.752,6.802,110.317,131.052,179.084,111.913,2.757
4.476,1.694,0.502,1.992,14.212,678.182,47.72,182740,2.643,0.697,0.449,4.624,30.132,191.251,0.758,1.651,30.759,1,345.633,243.4,367.597,3.147,1.759,1.521,1110.845,222.676,39028.095,8.295,26.027,6.333,109.31,124.968,172.088,75.498,2.748
4.232,1.771,0.681,2.222,10.008,303.912,30.366,237083,2.39,0.68,1.084,5.805,30.847,77.016,0.585,1.655,19.762,1,353.865,247.498,366.677,2.97,1.817,1.581,1399.38,652.029,45815.376,12.756,38.009,5.539,127.158,130.619,199.188,85.328,1.92
6.658,1.655,0.465,2,19.741,666.01,33.737,167647,4.024,0.935,0.655,11.583,29.257,210.901,0.984,1.585,37.801,2,373.037,228.794,391.785,5.404,2.397,2.143,1121.878,347.323,38311.078,9.921,32.552,7.865,112.947,126.992,178.563,92.761,3.395
4.045,1.152,0.494,0.913,12.5,744.19,59.533,62650,3.512,0.804,1.212,5.019,35.005,238.776,0.893,1.016,30.307,2,386.054,229.776,391.479,3.018,1.816,2.106,912.031,475.15,33554.78,7.822,22.203,2.408,109.865,122.698,163.436,97.531,2.139
7.585,1.876,0.709,2.44,9.283,399.246,43.008,179535,4.043,0.899,0.588,5.192,31.652,134.524,0.822,1.784,26.045,2,381.18,227.177,393.858,5.971,2.233,2.029,1133.314,319.807,38171.169,8.391,29.522,4.27,114.468,128.703,175.421,92.213,1.498
7.15,1.539,0.624,1.912,13.926,355.535,25.531,53078,4.646,0.933,1.121,8.188,36.348,154.069,1.057,1.445,22.495,3,397.946,208.183,417.743,5.741,2.309,2.432,901.557,422.728,37911.064,7.54,22.798,3.934,108.213,131.091,170.217,95.838,2.221
4.574,1.282,0.494,2.225,18.488,661.555,35.783,221864,3.567,0.843,0.654,5.611,30.364,198.18,0.841,1.221,29.099,2,373.852,228.327,386.723,3.815,2.21,1.892,1290.31,384.885,40515.372,9.98,36.012,8.07,112.404,128.395,173.646,90.597,3.394
6.505,1.425,0.355,1.906,18.647,470.638,25.239,143665,4.564,0.994,0.311,11.463,32.579,178.621,1.024,1.34,29.967,2,382.492,217.645,408.666,5.415,2.458,2.199,984.265,156.457,36186.357,8.144,28.551,6.874,102.094,135.337,157.94,93.614,3.091
6.527,1.038,0.731,1.882,8.132,579.114,71.218,114730,6.291,1.143,1.06,10.839,32.426,234.629,1.329,0.909,30.432,5,423.308,183.693,448.16,5.724,3.182,3.15,1080.66,546.459,39012.892,9.473,29.893,4.092,121.352,138.364,193.221,109.915,1.564
2.619,1.128,0.546,1.178,18.636,535.98,28.761,42541,2.322,0.702,0.436,6.647,27.166,143.602,0.635,1.073,29.425,1,346.594,255.504,355.542,1.621,1.16,1.378,746.385,189.083,30869.079,5.56,16.27,5.639,87.874,135.311,136.673,75.683,3.705
7.415,1.766,0.333,1.413,11.258,207.022,18.389,113772,4.2,0.908,1.091,8.093,30.718,99.36,1.074,1.663,14.043,2,394.287,223.767,401.238,5.859,2.247,2.215,1039.912,504.116,39730.615,9.054,27.743,4.184,114.435,125.198,186.887,100.372,2.069
5.032,1,0.361,1.149,8.468,691.353,81.646,228705,5.031,1.054,1.411,1.638,35.544,257.855,1.327,0.821,35.01,3,400.045,204.137,427.454,4.572,2.949,2.654,1456.229,850.738,47439.344,11.882,38.635,4.685,133.325,124.136,206.49,107.26,1.606
6.959,1.417,0.682,1.23,18.173,237.043,13.043,34616,4.912,1.018,1.463,8.653,37.015,117.182,1.159,1.238,19.837,3,400.14,208.621,419.484,5.719,2.271,2.699,907.184,556.247,39822.172,7.854,24.448,5.217,114.493,129.093,180.684,105.769,3.346
3.92,1.523,0.226,2.941,18.366,752.598,40.977,134422,2.575,0.716,0.583,8.779,27.721,211.822,0.702,1.379,28.044,1,350.727,252.56,364.931,2.563,1.706,1.501,1029.784,305.369,37474.773,8.829,26.127,5.808,104.616,130.179,164.091,78.519,3.191
7.373,1.055,0.795,1.137,15.155,275.4,18.172,234854,6.991,1.181,1.271,4.951,38.985,155.89,1.439,0.932,29.264,5,435.858,166.701,468.837,6.877,3.655,3.481,1491.598,834.064,47720.966,11.701,40.391,8.452,137.2,134.403,210.362,124.461,2.764
4.335,1.973,0.278,1.392,14.893,613.717,41.208,116865,2.197,0.695,0.724,3.417,27.523,186.723,0.618,1.877,31.926,1,340.956,258.509,357.65,2.775,1.333,1.285,1008.828,374.929,36017.703,7.736,23.54,5.42,106.549,127.586,161.027,80.646,2.722
2.065,1.122,0.678,2.099,17.757,299.259,16.853,124198,1.841,0.615,1.381,11.066,32.676,84.089,0.503,1.042,22.624,1,336.128,264.62,360.225,1.234,1.455,1.292,1149.341,710.374,40792.706,11.104,32.799,6.419,115.968,115.221,179.898,83.898,3.03
7.432,1.304,0.437,2.142,17.436,322.45,18.494,157283,5.699,1.096,1.245,5.694,38.756,151.129,1.181,1.179,28.195,3,407.72,195.103,441.211,6.521,3.016,2.933,1237.685,691.933,41209.535,10.502,34.921,7.529,117.753,142.5,190.2,112.688,2.598
2.548,1.304,0.495,1.139,18.681,317.001,16.969,131846,1.954,0.624,0.389,8.191,29.067,79.125,0.515,1.208,23.163,1,343.453,254.394,342.542,1.456,1.361,1.197,932.952,177.357,32794.96,7.805,25.466,6.409,97.705,128.061,149.868,73.161,3.141
3.916,1.23,0.728,2.546,14.633,623.525,42.611,67092,3.183,0.781,0.789,1.367,29.833,198.228,0.98,1.133,28.315,1,365.139,239.56,377.256,2.779,1.592,1.758,873.568,287.922,34954.721,6.281,19.552,4.927,97.994,125.172,153.966,89.164,2.422
7.7,1.001,0.448,2.527,19.612,489.771,24.973,34082,7.689,1.276,0.705,5.555,31.877,219.498,1.552,0.858,28.822,6,448.793,160.459,477.296,6.75,3.324,3.708,751.397,251.287,34013.29,4.972,17.237,5.472,98.443,139.625,151.558,118.443,3.609
7.704,1.729,0.522,1.322,19.954,718.067,35.987,164158,4.455,0.96,1.242,9.99,35.653,202.355,0.868,1.585,31.757,2,390.276,214.499,411.597,6.27,2.651,2.35,1214.837,677.826,40339.867,11.386,34.898,8.303,125.09,129.944,194.775,100.412,3.259
5.441,1.967,0.23,1.435,9.399,315.161,33.533,232577,2.766,0.749,0.792,5.263,29.901,98.697,0.746,1.903,21.372,1,357.321,248.723,369.54,3.834,2.017,1.523,1312.047,454.2,42898.519,10.809,37.48,3.892,127.228,128.812,201.771,84.868,2.042
5.791,1.224,0.201,2.864,18.195,584.395,32.119,53400,4.73,0.991,1.122,7.635,32.419,217.908,1.023,1.175,26.8,3,402.809,213.585,424.006,4.66,2.36,2.596,943.442,490.778,36509.061,7.952,22.776,6.066,101.09,125.522,157.149,102.646,3.567
4.691,1.663,0.347,2.616,13.998,627.064,44.797,76409,2.821,0.734,1.023,3.308,29.784,202.125,0.786,1.597,27.701,1,367.21,240.517,374.728,3.247,1.509,1.746,922.743,447.846,34411.072,6.965,22.209,4.922,101.867,123.872,155.433,88.62,2.699
3.759,1.742,0.608,2.335,12.651,206.037,16.287,111450,2.158,0.681,1.471,5.582,34.918,55.19,0.686,1.628,22.557,1,357.322,255.082,366.657,2.136,1.341,1.465,1118.893,710.491,39992.256,9.098,30.47,5.407,118.71,121.621,190.425,91.013,2.131
3.972,1.848,0.273,0.981,15.357,380.413,24.771,207923,2.149,0.689,1.425,11.204,29.697,102.152,0.702,1.774,25.263,1,353.742,258.05,356.344,2.554,1.873,1.493,1392.869,847.166,46204.854,12.59,39.044,8.277,128.117,120.609,196.162,91.57,2.306
6.035,1.423,0.268,1.72,8.672,437.972,50.507,89237,4.242,0.963,0.813,7.231,33.747,165.222,1.091,1.364,25.293,2,386.564,221.018,406.072,4.803,2.188,2.269,954.535,337.332,36745.825,7.65,24.248,2.915,108.264,134.883,170.516,95.277,1.703
6.514,1.303,0.447,2.03,14.078,348.981,24.79,224051,5,0.988,1.168,10.921,34.968,140.993,1.133,1.135,21.593,3,403.16,204.855,435.42,5.635,2.985,2.74,1418.704,751.595,45774.913,12.621,39.361,6.435,129.634,136.264,194.97,100.201,2.349
6.749,1.325,0.589,1.212,18.451,325.479,17.64,42090,5.093,1.006,1.295,10.922,34.538,147.432,1.07,1.23,22.945,3,403.956,205.608,432.969,5.548,2.454,2.704,890.783,538.675,36852.338,8.836,24.237,6.296,114.392,117.379,182.446,107.947,3.44
6.738,1.713,0.627,1.786,10.562,580.494,54.963,237010,3.934,0.92,1.379,11.386,35.845,186.902,1.027,1.607,25.141,2,382.984,221.74,401.334,5.531,2.604,2.229,1470.207,938.186,45555.845,14.058,41.839,5.476,136.009,127.447,221.233,98.561,1.98
2.547,1.072,0.307,2.122,13.117,251.106,19.144,153364,2.375,0.7,0.382,10.849,31.193,87.576,0.804,1.037,21.458,1,351.065,257.516,365.965,1.752,1.589,1.468,1009.907,190.855,36288.951,8.994,27.547,3.995,106.308,118.545,164.67,72.827,2.262
4.967,1.182,0.248,1.52,19.274,596.574,30.953,174931,4.203,0.927,0.662,1.036,31.182,204.288,1.201,1.105,33.459,2,377.099,224.208,400.53,4.22,2.303,2.177,1147.671,349.366,38541.325,8.068,25.977,8.054,117.094,132.33,177.392,93.753,3.205
2.345,1.371,0.764,2.518,13.143,754.531,57.41,110891,1.711,0.614,0.684,11.274,27.615,204.191,0.578,1.288,40.419,1,343.586,267.174,347.074,1.241,1.211,1.164,965.175,310.55,37488.397,9.189,26.707,5.146,99.41,128.133,157.156,76.065,2.383
5.297,1.902,0.356,2.649,12.3,495.638,40.294,202038,2.785,0.754,0.821,2.512,31.574,141.007,0.789,1.87,24.096,1,357.244,252.218,370.059,3.925,1.895,1.566,1258.026,453.15,40517.099,9.359,32.47,5.607,119.835,125.526,186.107,82.741,1.875
4.649,1.807,0.712,1.512,13.286,528.004,39.74,66644,2.573,0.723,0.503,1.439,30.524,177.17,0.796,1.739,30.803,1,346.095,253.206,361.477,2.97,1.413,1.55,791.177,170.354,34574.357,4.959,18.478,4.391,97.657,123.926,159.935,76.679,2.433
7.326,1.985,0.718,2.645,14.233,148.253,10.416,40760,3.691,0.825,0.895,1.609,31.226,76.323,1.043,1.87,16.884,2,373.211,224.259,382.956,5.397,1.7,2.096,833.673,344.627,33497.605,4.883,16.43,3.911,99.884,130.887,152.423,94.374,2.629
4.105,1.754,0.664,1.028,15.584,705.134,45.248,117013,2.34,0.659,1.096,4.838,29.678,192.906,0.64,1.673,28.878,1,349.587,253.599,367.787,2.569,1.412,1.374,1077.629,530.492,38111.636,8.881,27.436,5.514,110.628,121.556,166.126,85.545,2.64
2.702,1.393,0.301,2.643,17.608,299.813,17.027,217813,1.94,0.596,0.897,7.829,24.302,65.008,0.648,1.339,18.492,1,341.581,260.521,352.248,1.839,1.649,1.142,1310.7,527.661,41355.117,11.174,37.066,8.505,118.471,121.457,184.845,77.758,2.842
2.858,1.591,0.693,1.136,13.425,530.536,39.518,196083,1.797,0.628,1.099,5.425,28.377,133.447,0.55,1.499,28.198,1,340.955,271.955,351.963,1.648,1.536,1.289,1267.915,618.304,40073.796,11.098,35.043,5.781,118.21,128.682,185.559,82.09,2.709
6.569,1.661,0.662,0.982,17.81,785.379,44.098,143774,3.955,0.887,0.38,1.281,27.881,239.862,1.027,1.587,32.389,2,372.45,225.362,392.657,5.189,2.101,2.229,1003.569,217.688,37574.502,6.143,24.052,6.858,100.587,127.535,152.834,86.4,3.087
5.709,1.078,0.558,2.212,14.405,516.852,35.881,155870,5.294,1.032,1.351,6.241,37.16,182.071,1.302,0.944,27.229,3,407.571,204.493,431.023,5.099,2.921,2.889,1269.697,769.688,43607.371,10.251,30.782,6.487,131.848,127.609,208.207,109.362,2.511
2.607,1.544,0.402,1.838,12.062,607.297,50.349,58576,1.688,0.605,1.427,5.863,30.477,149.371,0.483,1.419,28.28,1,344.389,267.708,355.309,1.072,1.151,1.254,953.939,599.62,37785.821,8.5,24.352,4.637,113.211,118.233,175.701,84.565,2.347
2.505,1.408,0.358,2.797,15.895,411.724,25.902,214949,1.778,0.607,1.041,9.325,28.88,100.337,0.552,1.294,22.5,1,345.479,257.225,356.431,1.555,1.53,1.166,1320.017,567.001,44233.566,11.96,37.709,7.659,121.898,124.743,187.859,74.817,2.716
6.206,1.167,0.273,1.599,16.613,142.256,8.563,203131,5.316,1.049,1.358,4.076,36,97.38,1.319,0.987,17.314,3,408.29,199.771,434.87,5.44,2.898,2.742,1411.685,847.832,45955.871,10.696,36.807,7.758,126.999,126.765,199.027,108.723,2.797
2.437,1.726,0.506,1.432,14.697,658.32,44.794,174423,1.412,0.524,0.458,3.393,24.377,134.275,0.539,1.711,23.266,1,331.298,268.48,335.943,1.04,1.214,1.001,1078.448,221.394,36403.713,8.42,29.359,4.552,107.094,120.41,164.845,70.044,3.034
6.931,1.584,0.551,1.902,8.679,124.499,14.344,132562,4.376,0.973,1.257,3.815,37.808,74.022,1.194,1.449,19.265,2,391.374,215.646,410.869,5.536,2.334,2.513,1154.313,615.386,41095.426,8.574,28.93,3.898,119.114,128.855,181.686,99.237,1.378
6.237,1.952,0.416,1.803,10.039,590.46,58.819,242181,3.195,0.777,0.443,4.341,31.698,172.289,0.915,1.769,30.074,1,364.103,240.243,376.409,4.716,2.199,1.692,1301.443,281.868,39604.958,10.248,34.063,4.855,115.895,129.172,173.182,80.153,2.037
2.488,1.042,0.485,1.558,11.424,116.045,10.158,223387,2.387,0.664,0.79,7.591,32.365,37.185,0.659,0.97,15.166,1,351.046,254.659,358.657,1.86,1.787,1.423,1279.638,460.576,38872.162,10.637,36.389,4.607,125.733,126.398,192.417,80.748,2.063
2.509,1.265,0.418,2.326,11.392,703.614,61.767,171774,1.983,0.614,0.689,6.187,29.491,200.39,0.789,1.2,33.128,1,339.991,253.081,352.718,1.627,1.532,1.252,1085.382,346.027,35431.582,9.662,30.397,4.727,116.071,122.715,189.888,76.438,2.056
7.92,1.602,0.585,2.471,16.081,210.345,13.08,111796,4.945,0.977,1.003,4.706,33.681,138.346,1.16,1.427,25.359,3,395.366,205.601,423.563,6.61,2.472,2.741,1026.689,480.479,39321.136,8.182,26.628,6.474,106.099,133.9,164.596,102.951,2.763
4.246,1.297,0.741,2.677,8.22,459.99,55.959,165964,3.275,0.797,0.662,5.117,33.436,156.509,0.626,1.181,26.757,1,366.401,233.675,380.332,3.139,1.977,1.828,1130.816,345.304,38068.186,8.867,29.74,2.9,112.483,123.791,170.281,85.573,1.42
4.224,1.714,0.298,2.94,17.068,518.005,30.349,156597,2.464,0.718,1.065,5.08,29.518,123.884,0.723,1.588,31.814,1,360.088,257.409,365.283,2.726,1.618,1.478,1176.239,544.996,40996.734,9.462,30.592,6.06,117.075,123.612,186.533,85.2,3.398
6.877,1.759,0.429,1.387,11.184,420.282,37.578,116733,3.909,0.865,0.741,11.696,29.597,139.897,0.939,1.638,32.68,2,376.863,227.975,393.751,5.395,2.206,2.014,993.085,383.525,35995.35,9.179,28.714,4.373,108.785,130.151,168.429,91.911,2.162
7.683,1.103,0.285,2.375,11.72,338.534,28.885,97468,6.969,1.209,1.333,3.563,36.636,187.349,1.562,0.989,32.891,5,435.969,171.732,471.923,6.826,3.347,3.452,1109.919,667.394,39095.148,8.386,26.154,5.189,118.523,138.979,184.879,118.851,1.797
7.916,1.514,0.575,1.667,14.335,427.47,29.82,119542,5.229,0.987,1.061,9.999,35.132,176.713,1.139,1.388,23.07,3,403.705,201.949,423.366,6.524,2.74,2.813,1080.618,452.369,40032.762,9.922,28.172,5.055,115.289,141.202,179.795,102.339,2.35
6.52,1.509,0.637,2.29,10.591,317.991,30.024,156260,4.321,0.902,0.558,8.79,29.538,140.594,1.126,1.402,20.01,2,381.12,212.058,398.502,5.394,2.492,2.286,1060.068,219.489,36207.012,9.011,28.213,4.317,106.349,136.431,170.783,96.376,1.966
4.258,1.369,0.759,1.847,18.614,406.686,21.849,124189,3.109,0.794,0.703,1.061,30.033,123.457,0.904,1.311,24.011,1,360.334,239.943,370.418,3.136,1.681,1.743,1016.824,358.3,37176.76,7.482,21.54,6.79,110.206,125.385,165.505,85.05,3.457
2.501,1.875,0.367,2.986,9.024,351.239,38.921,87986,1.334,0.542,1.317,11.925,26.563,76.2,0.423,1.794,23.333,1,331.4,271.87,345.278,0.861,1.139,0.849,1010.936,532.255,38586.975,9.621,30.849,3.138,113.783,118.246,182.201,79.718,1.738
6.663,1.828,0.77,2.404,13.333,496.343,37.228,197411,3.646,0.89,0.764,9.321,32.699,185.582,0.975,1.674,32.729,2,372.286,225.791,392.822,5.162,2.324,1.968,1233.997,413.395,40700.811,11.04,35.829,6.049,123.042,130.393,193.696,92.513,2.362
5.35,1.697,0.238,2.895,18.193,266.547,14.651,146922,3.152,0.836,0.943,8.507,28.775,90.459,0.842,1.574,23.891,1,367.117,245.294,385.996,3.836,1.895,1.886,1103.127,435.765,39261.116,9.928,31.744,6.773,112.32,126.195,174.405,92.157,3.077
4.545,1.714,0.562,2.637,15.39,792.06,51.465,44888,2.651,0.744,1.079,5.459,29.376,202.209,0.797,1.621,31.167,1,354.185,248.601,377.47,2.896,1.41,1.671,836.543,397.477,32338.578,7.313,20.752,3.955,104.538,121.568,158.618,89.396,2.576
7.438,1.462,0.234,2.786,11.508,450.609,39.156,111029,5.089,1.033,0.717,7.107,35.699,196.248,1.151,1.322,25.562,3,395.256,204.534,417.796,6.177,2.594,2.661,963.368,336.065,39653.506,7.981,26.472,4.083,114.762,132.922,176.894,98.448,1.59
2.667,1.463,0.736,2.592,13.049,235.913,18.079,224680,1.823,0.615,0.653,3.786,30.354,36.061,0.611,1.449,20.232,1,335.548,259.484,348.937,1.628,1.585,1.078,1259.106,350.117,40826.521,10.014,34.739,5.885,114.068,118.655,176.974,76.288,2.656
4.956,1.695,0.518,1.81,16.48,433.947,26.331,196152,2.924,0.779,0.87,1.39,31.578,76.651,0.811,1.601,21.497,1,355.796,244.315,373.172,3.622,1.941,1.74,1224.474,454.455,41485.896,9.313,30.047,5.789,115.524,121.226,186.297,87.084,2.414
2.068,1.201,0.602,1.354,19.679,706.491,35.901,101114,1.721,0.57,0.558,10.196,27.618,188.533,0.541,1.111,31.982,1,332.741,265.067,351.155,1.204,1.168,1.024,877.625,243.795,34277.966,7.479,24.25,5.454,99.911,125.244,160.602,78.218,3.477
4.812,1.862,0.699,1.615,18.718,115.265,6.158,236400,2.585,0.727,0.641,10.861,28.222,53.926,0.925,1.744,14.223,1,352.144,247.972,369.77,3.287,1.997,1.529,1293.482,439.489,41007.569,11.86,38.547,8.138,122.122,125.245,187.738,81.626,2.996
2.338,0.861,0.29,0.845,12.109,575.688,47.541,46852,2.714,0.733,0.374,2.787,26.747,170.117,0.746,0.816,24.372,1,347.23,245.215,364.876,1.503,1.247,1.469,706.106,150.224,30331.811,5.829,15.229,3.255,89.157,129.719,146.23,79.422,2.052
2.713,1.258,0.223,1.953,19.978,483.577,24.205,241471,2.156,0.657,0.665,9.658,27.818,107.798,0.511,1.16,23.876,1,344.907,256.238,352.934,1.904,1.775,1.42,1280.766,357.734,42116.838,12.267,37.36,8.194,124.625,120.912,196.972,76.044,3.691
2.705,1.195,0.727,1.911,8.042,218.691,27.193,84055,2.263,0.679,0.685,9.153,25.855,62.608,0.775,1.125,21.415,1,344.774,251.197,344.218,1.68,1.368,1.417,826.287,283.198,32284.973,7.315,24.616,2.166,97.81,127.195,153.49,76.55,0.97
5.895,1.345,0.389,1.956,8.332,672.234,80.685,32000,4.382,0.907,1.454,2.962,35.206,218.864,1.127,1.18,33.646,2,389.702,217.424,408.12,4.671,2.125,2.419,921.945,638.439,37792.412,6.167,20.11,3.657,112.874,122.761,173.83,105.833,1.527
6.476,1.336,0.277,2.943,17.886,358.219,20.028,125437,4.849,0.977,1.008,5.64,33.852,135.78,0.985,1.219,25.153,3,398.866,210.376,411.359,5.461,2.548,2.673,1084.318,519.687,39443.101,8.717,30.355,6.821,112.885,125.893,172.662,101.726,3.364
5.5,1.979,0.481,2.805,10.394,305.661,29.409,108973,2.78,0.718,1.245,5.65,29.723,116.047,0.707,1.852,25.487,1,359.927,245.632,370.312,3.826,1.675,1.67,1044.642,532.703,37385.543,9.313,29.414,3.865,112.697,127.84,176.851,90.293,1.75
7.773,1.857,0.559,1.156,8.729,679.688,77.863,148599,4.187,0.965,0.354,9.36,34.135,205.265,1.127,1.756,35.509,2,377.028,219.822,403.879,6.252,2.326,2.091,1010.681,197.445,36813.067,8.445,27.499,3.057,108.259,136.944,169.337,90.709,2.109
4.249,1.701,0.219,1.612,10.846,546.968,50.431,205290,2.498,0.684,0.428,10.214,29.134,158.009,0.755,1.605,29.024,1,354.431,258.934,354.906,2.82,1.846,1.515,1168.671,222.47,36469.345,11.005,34.889,4.927,109.917,125.851,168.809,79.324,1.49
3.714,1.727,0.365,1.733,13.113,728.781,55.576,215334,2.151,0.644,1.277,2.043,32.221,211.154,0.652,1.655,32.995,1,347.806,260.917,358.4,2.285,1.709,1.454,1366.57,757.054,45094.411,10.514,36.15,6.293,122.005,118.332,193.563,86.827,1.979
7.212,1.562,0.22,1.593,16.767,540.919,32.261,118270,4.617,1.005,1.048,7.193,33.275,192.891,1.159,1.425,29.931,3,399.846,218.707,410.464,5.978,2.406,2.482,1111.246,515.059,41436.465,9.05,27.755,6.411,112.722,130.319,175.373,101.168,2.926
3.342,1.947,0.452,2.557,15.492,618.572,39.928,124566,1.716,0.588,0.529,9.379,27.176,174.141,0.497,1.875,29.375,1,334.792,266.884,354.5,1.73,1.217,1.056,975.898,256.064,36016.333,8.257,28.585,5.368,103.7,125.394,162.407,73.641,2.716
7.779,1.496,0.737,1.953,10.851,685.512,63.172,62599,5.199,0.989,0.786,9.648,34.262,246.895,0.983,1.383,26.57,3,396.898,200.735,423.561,6.459,2.495,2.694,849.484,306.124,35923.56,7.745,23.081,3.889,104.712,127.185,166.595,101.242,1.953
2.073,0.886,0.79,2.059,14.039,138.318,9.852,40460,2.34,0.68,0.946,2.628,30.257,48.626,0.864,0.842,21.586,1,349.377,252.785,366.824,1.203,1.171,1.531,804.718,379.13,32025.415,6.076,17.608,4.155,102.233,115.622,161.767,84.572,2.684
7.819,1.163,0.582,2.677,19.115,643.234,33.652,171067,6.723,1.122,1.312,6.781,39.917,256.376,1.32,1.047,33.761,5,434.415,175.003,464.359,6.973,3.493,3.313,1255.863,731.401,43051.632,11.325,34.781,8.431,125.806,133.611,188.52,115.933,3.15
2.259,1.698,0.297,2.573,17.78,529.595,29.786,44176,1.33,0.503,0.372,10.433,25.124,134.014,0.479,1.667,23.605,1,332.689,276.102,325.799,0.617,0.942,0.93,710.345,123.166,29889.648,6.081,20.583,5.009,84.868,115.154,134.593,66.681,2.918
7.347,1.734,0.744,1.091,11.878,148.655,12.515,191442,4.236,0.885,1.016,4.504,31.671,73.503,1.002,1.576,23.538,2,389.601,214.881,411.512,5.913,2.486,2.305,1267.59,586.199,42128.213,10.62,33.355,5.009,119.422,120.785,185.216,97.007,1.969
5.166,1.384,0.51,2.371,19.787,456.005,23.045,148599,3.732,0.864,1.16,5.676,34.278,129.103,1.037,1.249,25.086,2,379.033,230.923,397.63,4.1,2.072,2.053,1189.675,618.999,40434.517,9.803,31.101,6.638,116.836,130.246,179.308,95.347,3.733
7.958,1.025,0.292,1.758,16.503,157.721,9.557,73688,7.762,1.292,1.473,9.848,36.871,137.721,1.638,0.899,20.788,6,459.495,158.443,487.964,7.252,3.619,3.887,1015.342,688.589,38950.39,10.036,27.605,6.089,120.731,137.645,187.341,128.466,3.088
2.443,1.613,0.753,1.448,8.749,615.163,70.309,148695,1.514,0.558,1.269,1.983,31.625,173.016,0.542,1.483,32.684,1,332.415,261.301,355.573,1.087,1.235,1.105,1194.495,652.653,42722.511,9.725,30.238,3.876,113.828,117.327,175.208,80.377,1.523
5.323,1.011,0.654,0.91,8.422,482.551,57.297,70259,5.263,1.043,0.631,10.454,30.445,191.747,1.023,0.905,28.898,3,402.047,200.287,421.978,4.556,2.477,2.785,838.058,292.148,32751.969,7.442,21.839,2.159,105.514,131.773,164.054,97.863,1.395
7.816,1.704,0.639,1.872,10.021,767.501,76.59,126522,4.588,0.935,1.151,4.423,35.103,241.714,1.019,1.551,38.934,2,395.331,208.393,414.166,6.294,2.421,2.415,1125.376,601.744,41938.191,8.545,27.491,3.813,118.677,134.398,183.866,102.134,1.739
5.139,1.97,0.626,1.582,16.734,228.195,13.636,205903,2.608,0.715,1.216,1.016,30.152,46.674,0.81,1.835,19.51,1,360.393,246.446,370.589,3.457,1.846,1.753,1347.382,712.829,44205.346,10.292,33.942,8.521,122.586,125.758,192.759,90.541,3.048
5.776,1.438,0.32,1.353,10.205,524.223,51.37,131622,4.018,0.933,1.176,3.576,34.854,176.371,1.103,1.366,33.912,2,377.639,224.638,406.807,4.681,2.267,2.282,1132.769,612.573,40401.464,9.213,28.677,4.273,117.559,123.153,176.089,97.964,1.821
6.174,1.235,0.327,2.328,14.138,248.107,17.549,62713,5,0.965,1.284,1.985,36.528,98.42,1.064,1.128,19.728,3,398.769,202.871,428.659,5.047,2.463,2.517,952.054,540.683,38009.12,6.413,23.355,5.448,109.557,128.233,170.549,102.5,2.225
4.727,1.705,0.613,2.493,9.119,529.845,58.103,189242,2.773,0.776,1.384,2.016,33.159,132.752,0.695,1.617,32.304,1,363.089,245.025,378.73,3.503,1.814,1.589,1339.009,820.029,46054.149,10.238,34.099,4.408,126.495,120.57,195.953,91.574,1.304
5.765,1.817,0.332,1.339,19.051,605.855,31.802,71089,3.173,0.8,0.418,8.621,26.876,177.033,0.879,1.76,23.552,1,365.75,240.441,370.611,4.208,1.656,1.729,772.331,184.27,28497.976,6.792,21.614,5.073,93.155,130.484,153.397,78.364,3.365
5.506,1.546,0.463,0.909,12.128,605.613,49.937,192480,3.56,0.878,0.426,3.354,28.442,175.524,0.736,1.455,27.351,2,376.005,234.473,381.956,4.322,2.098,2.044,1156.28,243.707,39192.06,7.379,28.946,5.262,117.72,137.277,174.638,84.949,2.315
7.407,1.967,0.669,2.667,18.898,670.552,35.483,135457,3.766,0.857,1.256,11.282,31.853,209.92,0.868,1.827,33.087,2,377.679,225.505,393.702,5.818,2.197,2.243,1142.538,612.061,40595.24,10.394,33.391,7.741,114.373,124.151,180.966,92.407,3.152
2.273,1.052,0.67,0.822,19.339,697.485,36.067,129823,2.161,0.651,0.603,6.681,24.432,180.29,0.801,0.963,30.839,1,339.687,256.562,359.418,1.411,1.431,1.334,985.638,242.503,35600.546,7.777,27.507,6.891,100.432,128.638,157.403,76.501,3.544
3.686,1.505,0.472,2.862,8.074,154.09,19.086,217315,2.449,0.722,0.37,6.061,30.4,40.374,0.864,1.426,18.516,1,351.054,251.85,352.03,2.544,1.763,1.37,1168.342,214.29,39655.657,9.459,32.392,3.186,110.693,121.775,174.639,77.611,1.084
7.702,1.718,0.675,2.181,13.57,340.287,25.077,185892,4.482,0.98,0.781,5.777,33.104,107.939,1.164,1.662,24.552,2,398.952,212.663,414.364,6.442,2.562,2.362,1204.39,411.503,39751.18,9.543,32.37,5.434,118.413,130.683,181.751,95.182,2.433
7.342,1.863,0.703,1.508,8.296,580.986,70.033,37240,3.941,0.869,1.284,8.618,31.295,177.905,1.007,1.702,26.429,2,388.213,218.416,407.27,5.43,2.039,2.236,868.24,524.952,34227.934,7.716,22.347,2.254,108.309,124.199,169.157,100.294,1.298
4.734,1.179,0.593,1.342,18.904,449.01,23.752,95158,4.014,0.944,0.452,5.975,34.05,139.832,0.906,1.069,23.654,2,373.782,222.664,390.064,3.745,2.042,2.234,856.328,157.851,31899.302,6.091,22.551,5.926,103.637,132.55,161.219,88.961,2.971
5.721,1.8,0.337,0.82,14.221,233.473,16.418,221602,3.178,0.769,1.106,2.415,30.249,63.659,0.778,1.667,21.609,1,379.715,242.329,381.529,4.464,2.081,1.895,1405.878,713.026,43352.436,11.345,32.867,7.322,127.058,124.315,211.085,88.275,2.417
3.664,1.553,0.364,1.318,8.899,486.897,54.712,34031,2.36,0.661,0.304,10.682,27.656,131.474,0.659,1.519,24.819,1,348.269,251.805,352.721,2.285,1.192,1.421,668.816,109.915,30146.943,5.519,16.07,0.769,84.734,128.041,130.101,76.973,1.34
3.129,1.397,0.389,1.103,9.323,385.205,41.316,149955,2.24,0.68,0.432,5.712,26.236,89.616,0.636,1.381,28.373,1,341.479,255.91,356.188,1.997,1.586,1.389,1013.035,186.113,36301.28,7.124,27.229,2.939,107.111,127.868,162.882,77.241,1.61
4.782,1.132,0.27,2.147,12.602,373.027,29.6,190121,4.226,0.946,0.721,1.814,28.195,135.302,1.047,1.036,24.532,2,391.008,221.567,407.266,4.111,2.42,2.346,1207.986,387.626,41395.652,9.209,28.617,4.533,119.025,136.146,192.494,95.779,2.329
4.12,1.865,0.364,1.166,19.283,666.828,34.581,166808,2.209,0.7,0.4,6.823,25.268,179.259,0.816,1.805,33.625,1,340.282,260.637,358.141,2.499,1.554,1.154,1053.224,196.482,35879.687,8.162,27.996,6.859,109.779,130.72,171.533,76.685,3.55
5.502,1.157,0.326,1.963,16.315,385.319,23.618,197317,4.754,0.972,1.315,8.121,34.026,137.056,1.089,1.03,26.849,3,396.243,211.909,418.642,4.686,2.765,2.51,1348.34,790.825,44122.549,11.322,38.707,7.398,129.166,122.627,202.263,105,2.502
2.466,1.077,0.473,2.098,18.411,118.518,6.437,189652,2.289,0.649,1.337,4.031,32.927,42.182,0.638,0.985,15.754,1,357.481,255.873,371.424,1.787,1.786,1.407,1329.187,738.395,45533.34,11.042,35.768,8.639,127.875,119.361,202.714,85.081,3.389
7.846,1.29,0.745,1.456,12.397,140.644,11.345,182246,6.082,1.121,1.207,9.804,36.974,89.923,1.419,1.175,14.06,5,421.448,184.533,452.977,6.951,3.264,3.035,1276.495,662.203,44542.219,11.322,38.449,5.632,118.877,131.535,184.566,113.682,2.278
7.917,1.871,0.263,0.877,8.519,699.371,82.1,210738,4.231,0.906,0.591,8.368,31.518,210.626,0.923,1.788,36.664,2,382.209,220.27,399.41,6.384,2.435,2.222,1256.361,335.449,41771.368,10.454,34.353,4.811,115.343,135.734,177.105,91.413,1.431
6.189,1.673,0.632,0.882,19.692,772.421,39.225,172051,3.7,0.86,0.928,8.154,28.009,227.89,0.892,1.582,31.813,2,376.033,224.94,392.497,5.009,2.243,1.948,1189.877,493.039,38082.926,9.961,32.639,8.387,114.928,133.553,178.668,93.647,3.263
5.217,1.797,0.612,0.858,8.206,581.887,70.909,118532,2.903,0.766,0.521,5.629,31.815,182.676,0.76,1.738,28.399,1,361.93,241.984,376.295,3.507,1.603,1.571,958.503,254.469,37397.088,7.119,24.337,3.072,104.899,132.175,159.23,86.037,1.38
3.857,1.25,0.257,2.426,19.372,355.058,18.329,133820,3.085,0.756,0.638,11.581,30.068,124.047,0.824,1.111,23.448,1,352.6,243.598,379.745,2.879,1.899,1.716,1041.776,312.138,36600.456,8.89,28.156,6.352,104.386,135.201,155.989,86.656,3.79
6.883,1.625,0.754,1.5,12.424,757.02,60.931,187679,4.236,0.925,0.919,4.016,32.536,262.826,1.028,1.514,34.472,2,386.576,218.095,409.119,5.649,2.495,2.167,1243.043,502.531,41577.328,9.188,32,5.238,123.092,133.404,187.421,96.252,2.328
6.108,1.572,0.541,2.552,8.121,563.962,69.444,222787,3.886,0.881,1.182,7.355,35.56,179.713,0.966,1.463,32.507,2,380.614,230.155,410.026,4.842,2.391,2.151,1370.474,717.099,44863.106,13.331,37.192,3.354,130.94,130.957,193.51,96.535,1.621
2.976,1.833,0.418,1.75,16.27,691.033,42.473,89888,1.624,0.586,0.414,4.4,29.176,170.441,0.51,1.782,31.636,1,330.35,270.268,342.87,1.429,0.99,1.104,852.201,172.664,32740.452,5.718,21.724,5.152,93.436,121.082,143.368,70.492,2.718
7.466,1.906,0.654,1.797,19.766,636.097,32.181,105256,3.917,0.904,0.656,9.193,33.776,182.862,0.93,1.802,31.135,2,374.04,227.99,395.342,5.711,2.142,2.023,977.184,294.58,35744.36,7.509,26.285,6.786,105.998,131.759,162.298,85.643,3.432
6.935,1.012,0.354,1.928,19.588,365.398,18.655,234762,6.852,1.141,1.412,1.526,36.844,162.676,1.473,0.869,28.754,5,426.906,167.733,473.117,6.4,3.612,3.515,1447.484,901.219,47371.902,11.987,37.126,9.753,136.633,135.69,214.196,120,3.224
7.699,1.674,0.616,2.369,9.931,435.092,43.81,157272,4.599,0.937,0.815,1.505,30.493,165.555,1.061,1.545,28.426,2,387.738,217.027,418.908,6.366,2.453,2.348,1123.815,363.653,39763.941,8.207,27.056,4.385,115.131,132.735,178.969,95.945,1.63
6.354,1.052,0.224,1.402,10.175,230.293,22.633,69371,6.041,1.079,1.427,9.919,38.626,122.071,1.364,0.855,19.865,4,428.169,190.269,447.58,5.325,2.965,3.148,1028.641,677.437,40579.801,9.29,27.658,3.529,119.195,127.288,184.196,115.052,2.06
5.68,1.549,0.704,1.067,14.786,304.41,20.587,176012,3.668,0.834,1.49,5.777,31.238,127.692,0.842,1.452,19.505,2,384.241,229.582,397.754,4.398,2.305,2.047,1315.332,865.851,45831.815,11,35.65,7.474,126.967,119.412,201.51,97.516,2.527
4.509,1.288,0.469,2.023,15.648,644.688,41.2,247967,3.502,0.855,0.932,4.753,35.887,172.455,0.89,1.148,29.068,2,371.593,235.899,384.156,3.843,2.296,2.029,1375.751,605.907,42300.928,11.212,36.998,8.195,121.828,120.963,187.165,91.141,2.651
7.596,1.307,0.582,1.519,16.873,725.785,43.015,211159,5.813,1.139,0.646,7.683,34.302,263.829,1.343,1.185,34.551,4,405.447,190.773,437.006,6.707,3.024,2.924,1233.946,354.192,40486.065,10.264,34.402,6.969,122.411,140.481,185.298,105.931,3.066
7.196,1.353,0.333,1.773,10.173,607.122,59.682,194063,5.319,1.054,1.249,8.721,33.517,205.389,1.237,1.196,27.654,3,411.519,198.385,435.562,6.016,3.01,2.861,1294.376,730.131,44640.131,12.147,37.455,5.165,131.629,127.495,193.915,107.534,1.679
2.271,1.621,0.606,2.223,19.508,425.622,21.818,75770,1.401,0.538,0.491,3.213,23.961,86.588,0.564,1.606,25.066,1,335.368,274.276,332.919,0.777,0.816,0.912,821.615,140.709,30088.342,5.53,19.812,5.666,89.294,124.906,138.505,68.528,3.515
2.158,0.882,0.663,1.887,15.665,160.556,10.249,222750,2.446,0.697,0.602,3.04,26.224,57.792,0.689,0.8,18.416,1,354.19,248.36,365.578,1.719,1.811,1.497,1275.561,303.027,40905.77,10.001,34.715,6.796,115.834,129,179.331,77.69,2.688
4.259,1.733,0.484,2.165,18.165,139.864,7.7,145673,2.458,0.692,1.242,11.54,31.555,34.225,0.779,1.618,10.638,1,352.786,248.929,367.162,2.835,1.74,1.636,1199.823,644.109,40043.438,11.064,34.005,7.825,115.346,121.721,183.863,88.489,3.271
6.863,1.405,0.571,1.997,14.481,362.028,25.001,225643,4.887,1.036,0.82,7.486,33.696,138.479,1.234,1.311,20.975,3,392.702,206.774,415.21,5.75,2.827,2.592,1323.832,477.917,43521.723,11.057,35.358,5.916,127.653,136.086,194.391,100.557,2.506
7.924,1.068,0.474,2.428,12.971,424.675,32.74,102562,7.417,1.283,0.542,5.291,33.091,196.398,1.59,1.009,19.092,6,445.543,161.551,474.189,7.058,3.453,3.553,938.798,284.735,35002.774,6.474,21.798,3.993,111.004,148.229,175.056,111.676,2.095
2.903,1.759,0.736,2.353,19.726,526.384,26.685,43651,1.65,0.578,1.081,9.816,28.548,156.083,0.481,1.681,26.44,1,335.685,264.411,346.786,1.165,0.981,1.158,866.195,443.084,33741.891,8.612,24.09,6.189,99.209,123.287,143.841,79.472,3.729
5.565,1.286,0.499,1.975,14.985,104.543,6.976,134714,4.328,0.917,1.179,6.777,30.98,59.824,1.113,1.154,21.502,2,391.61,217.811,403.754,4.566,2.369,2.268,1136.985,627.332,39855.644,9.613,31.861,5.816,114.445,119.139,172.193,101.257,3.026
4.285,1.433,0.705,2.294,18.402,792.806,43.081,89364,2.991,0.799,0.45,3.658,30.57,223.274,0.783,1.372,29.345,1,351.227,244.563,374.177,3.072,1.596,1.704,828.209,199.483,32985.164,5.964,20.355,5.873,99.151,133.198,155.218,84.779,3.398
7.819,1.685,0.681,2.722,19.44,354.757,18.249,187350,4.639,0.934,0.632,3.274,31.624,135.908,1.086,1.538,20.637,3,388.632,212.422,409.129,6.541,2.555,2.441,1158.308,356.347,40393.508,9.529,30.512,7.682,111.741,134.898,175.956,95.417,3.18
7.053,1.332,0.446,1.751,16.104,693.666,43.073,240563,5.293,1.063,0.566,5.365,32.259,242.473,1.251,1.226,33.102,3,403.27,198.582,428.025,6.314,2.963,2.824,1315.273,317.563,43517.991,10.575,35.551,7.474,124.374,138.543,186.142,98.439,2.836
7.03,1.057,0.338,1.708,14.587,474.477,32.527,182014,6.653,1.198,0.756,10.459,32.82,198.04,1.453,0.99,25.462,5,427.201,175.371,458.778,6.513,3.431,3.408,1183.515,452.617,40843.399,10.752,33.325,5.982,119.426,141.779,181.932,109.905,2.652
4.812,1.374,0.444,2.481,8.042,191.308,23.788,225125,3.503,0.811,1.216,1.676,31.991,75.428,0.867,1.265,16.819,2,377.302,232.241,384.655,3.798,2.325,1.934,1406.002,777.82,43573.479,10.861,34.821,3.194,133.449,123.326,207.026,94.397,1.074
4.489,1.944,0.696,2.082,8.48,658.296,77.627,129665,2.309,0.716,1.156,3.404,30.392,187.682,0.669,1.844,32.948,1,348.214,251.727,369.928,2.773,1.548,1.535,1083.36,516.771,41759.176,8.372,28.618,3.412,119.922,112.65,185.498,87.816,1.385
3.64,1.642,0.337,0.956,10.41,596.879,57.336,199760,2.217,0.703,1.095,10.825,31.447,148.789,0.586,1.542,28.248,1,347.584,255.849,369.523,2.458,1.747,1.454,1287.542,628.449,42008.837,12.4,39.202,4.85,126.77,119.896,198.683,83.952,1.56
2.338,1.403,0.515,2.763,10.232,469.205,45.856,215469,1.666,0.606,0.308,2.339,26.839,134.513,0.699,1.331,21.695,1,334.997,262.584,344.484,1.356,1.452,1.16,1165.461,158.091,38454.8,7.904,30.46,3.207,109.876,118.415,173.961,71.355,1.627
7.188,1.632,0.684,0.868,11.057,460.187,41.619,186392,4.404,0.944,0.471,7.926,32.794,182.341,1.045,1.547,21.017,2,386.763,216.133,406.827,5.711,2.534,2.23,1134.713,303.544,38885.489,8.989,30.863,3.156,109.328,127.947,164.345,88.631,2.044
6.877,1.199,0.412,2.446,11.659,161.236,13.829,141711,5.736,1.05,0.568,3.349,31.907,118.728,1.258,1.116,26.858,3,409.807,192.089,432.017,5.946,2.862,2.915,1020.062,255.716,37363.249,7.189,25.237,3.936,105.384,141.246,165.121,105.156,2.072
7.998,1.418,0.585,2.469,12.321,559.094,45.378,167690,5.639,1.077,0.626,7.665,29.713,213.135,1.279,1.297,33.672,3,411.558,190.956,429.672,7.014,2.975,2.762,1136.674,339.043,38186.342,9.345,30.796,5.517,116.11,135.132,177.091,104.664,1.98
7.98,1.751,0.347,2.897,13.046,737.872,56.557,184111,4.557,0.953,0.476,5.214,33.321,194.127,1.19,1.581,32.904,2,380.162,216.643,406.822,6.486,2.453,2.339,1132.597,264.295,39112.303,8.733,30.922,6.531,114.1,135.859,178.197,92.018,2.321
5.333,1.101,0.266,0.919,9.186,165.271,17.991,85678,4.842,0.961,0.792,2.118,30.83,101.533,1.281,1.007,20.24,3,393.211,213.267,419.707,4.42,2.396,2.439,880.107,325.202,36809.402,5.644,21.951,1.919,106.863,132.51,163.771,98.192,1.557
6.614,1.278,0.677,2.113,8.508,284.458,33.433,208107,5.176,1.016,0.39,7.407,29.538,127.424,1.214,1.245,21.71,3,404.358,200.685,422.129,5.6,2.9,2.436,1188.612,284.07,37237.05,10.535,30.535,4.352,110.202,142.712,175.119,98.272,1.696
7.669,1.276,0.259,1.741,16.087,731.616,45.478,239071,6.008,1.121,1.2,8.513,36.167,258.182,1.342,1.127,36.306,5,425.285,195.119,444.833,6.94,3.405,3.031,1442.229,808.415,46317.775,12.954,42.29,8.701,131.35,134.332,205.939,117.349,2.445
7.098,1.432,0.363,1.527,14.448,299.041,20.698,132352,4.957,0.959,1.245,8.483,35.092,102.622,1.041,1.261,20.749,3,404.205,214.526,421.831,5.95,2.669,2.61,1141.578,589.678,39270.64,9.892,32.034,5.481,120.053,126.414,182.127,101.27,2.415
3.484,1.98,0.713,0.999,13.33,557.761,41.843,184234,1.759,0.587,0.989,8.007,27.938,148.788,0.457,1.914,26.662,1,340.937,264.119,344.614,1.827,1.491,1.319,1202.081,532.102,41161.147,10.814,33.939,6.55,115.116,125.619,171.715,78.163,2.673
4.703,1.068,0.408,2.038,15.613,474.373,30.383,192145,4.406,0.899,0.408,6.502,29.341,144.727,0.897,1.032,28.822,2,387.521,216.025,404.408,3.987,2.457,2.158,1111.57,221.495,39357.79,9.232,30.135,6.308,108.856,131.714,173.484,89.944,2.565
2.775,1.519,0.784,1.854,17.932,517.429,28.855,175694,1.827,0.623,1.368,6.714,30.172,132.351,0.55,1.43,31.791,1,348.287,261.647,355.056,1.488,1.55,1.274,1284.466,780.735,42646.218,10.958,34.596,7.948,120.291,119.428,183.627,86.289,2.971
7.724,1.179,0.788,1.03,13.132,391.052,29.778,150365,6.55,1.168,1.459,7.992,40.682,197.691,1.266,1.079,28.672,5,426.41,172.132,460.391,6.926,3.326,3.257,1272.942,826.104,44384.827,11.122,34.745,4.961,127.91,135.356,195.853,119.061,2.216
5.637,1.971,0.361,2.147,15.693,309.994,19.753,223962,2.86,0.728,0.543,8.593,28.9,88.91,0.864,1.915,26.363,1,360.9,243.008,376.356,4.05,2.018,1.701,1243.25,288.608,39053.393,10.809,33.305,6.88,114.758,122.523,180.843,80.513,3.062
3.372,1.113,0.225,2.423,19.443,133.973,6.891,128763,3.029,0.82,1.146,8.204,30.481,71.284,0.913,1.023,17.69,1,362.508,238.639,382.772,2.556,1.863,1.803,1130.725,546.782,36909.83,10.124,30.668,7.715,113.426,129.103,171.718,87.115,3.546
6.03,1.404,0.623,2.488,18.075,620.997,34.356,43442,4.296,0.888,1.31,7.456,31.984,190.53,1.002,1.265,29.209,2,393.474,215.798,411.533,4.637,2.137,2.334,924.832,530.009,36446.981,7.83,23.408,6.97,109.488,131.579,170.503,102.82,3.002
5.709,1.738,0.471,2.792,13.112,622.265,47.458,215802,3.285,0.823,0.948,2.714,31.165,194.82,0.987,1.643,25.033,1,362.142,233.41,386.962,4.578,2.163,1.869,1272.002,532.149,41454.598,10.29,34.597,5.365,123.58,122.571,191.623,88.968,2.315
4.149,1.705,0.26,1.701,15.737,569.508,36.19,178275,2.434,0.721,0.688,3.317,29.885,136.047,0.661,1.618,29.34,1,357.089,255.976,367.487,2.926,1.661,1.325,1125.487,355.314,38276.739,8.623,28.503,5.756,113.493,126.258,175.588,77.978,2.742
2.681,1.423,0.625,2.897,10.125,550.544,54.375,216836,1.885,0.636,0.874,3.862,30.092,159.183,0.563,1.335,29.443,1,341.567,258.833,345.484,1.858,1.602,1.145,1311.385,489.513,37829.633,10.083,32.795,4.392,116.512,127.432,185.374,77.319,1.886
6.029,1.347,0.219,2.704,14.726,270.602,18.375,60480,4.478,0.908,0.915,11.116,32.802,128.147,0.898,1.23,21.497,2,385.31,218.48,407.225,4.979,2.152,2.291,849.67,400.854,32164.749,7.737,26.178,5.707,103.696,123.417,162.593,96.471,2.615
5.122,1.398,0.722,1.452,19.776,115.641,5.848,36765,3.665,0.896,0.781,9.353,30.197,66.778,1.056,1.301,16.147,2,371.018,230.502,389.064,3.747,1.833,2.1,723.799,282.107,29843.283,6.407,20.335,4.435,99.271,133.162,157.787,89.422,3.576
6.634,1.264,0.283,1.15,14.22,666.101,46.843,235562,5.247,1.074,1.416,7.082,35.703,226.102,1.199,1.083,36.678,3,407.26,206.799,428.515,5.77,3.085,2.643,1522.118,964.55,48489.027,12.601,42.818,8.23,137.015,125.895,211.374,106.631,2.453
5.121,1.205,0.276,1.758,19.132,443.797,23.197,62500,4.249,0.933,1.193,3.773,35.437,133.874,1.066,1.107,28.723,2,388.378,220.254,406.72,4.203,2.105,2.398,949.312,504.722,37614.458,7.08,23.382,5.578,106.162,127.178,161.654,96.988,3.672
7.113,1.483,0.305,1.684,12.888,314.787,24.425,208123,4.796,0.984,0.59,2.22,29.871,126.834,1.227,1.354,27.743,3,397.501,212.155,406.389,6.035,2.62,2.501,1207.814,307.567,38791.555,9.368,31.38,5.664,116.368,133.952,184.526,100.388,2.294
5.311,1.269,0.776,2.067,19.986,171.352,8.574,211106,4.187,0.879,1.003,10.886,31.626,100.146,1.116,1.151,16.939,2,385.675,219.451,407.836,4.532,2.649,2.116,1297.45,599.228,42127.79,11.828,38.146,9.125,125.706,123.633,192.561,97.001,3.442
5.366,1.287,0.616,2.083,14.951,143.905,9.625,185915,4.168,0.924,1.126,10.819,34.793,78.386,1.048,1.178,17.17,2,377.597,223.872,403.134,4.4,2.535,2.283,1286.426,616.123,42048.241,11.511,37.44,6.382,121.896,125.076,189.434,96.867,2.869
7.26,1.657,0.681,2.45,8.507,344.207,40.461,58877,4.382,0.933,0.468,2.218,32.825,111.701,1.103,1.536,27.949,2,378.639,218.028,402.826,5.673,1.982,2.365,783.426,136.153,34680.61,4.813,18.299,2.692,97.761,133.968,153.224,92.048,1.635
4.421,1.969,0.439,1.922,15.041,663.316,44.1,176827,2.246,0.693,0.73,9.769,28.848,159.997,0.635,1.825,31.212,1,358.755,259.977,358.374,2.872,1.635,1.317,1153.852,392.212,38285.761,10.176,33.167,5.674,112.718,130.449,171.635,79.803,2.504
2.804,1.604,0.402,1.031,11.295,743.107,65.792,225599,1.749,0.589,1.387,5.913,29.796,209.917,0.709,1.49,31.228,1,345.883,260.317,357.338,1.494,1.676,1.23,1418.327,827.765,44682.73,12.887,40.378,4.799,127.724,118.511,194.906,82.067,1.203
2.173,0.937,0.341,2.688,8.39,727.726,86.74,123616,2.319,0.698,0.981,4.564,27.653,208.009,0.703,0.799,31.486,1,355.357,253.534,352.949,1.546,1.48,1.698,1028.124,439.508,36118.014,8.194,28.203,2.863,114.645,116.536,176.613,79.172,1.589
6.531,1.076,0.488,1.481,17.85,744.001,41.68,120973,6.072,1.065,0.56,9.13,34.069,247.036,1.309,0.989,34.825,4,413.665,189.894,442.107,5.739,2.996,2.997,975.174,284.136,33873.259,8.458,26.688,5.634,106.472,139.319,168.008,103.166,3.109
5.722,1.951,0.531,2.937,11.309,735.408,65.03,127428,2.932,0.742,0.447,7.758,31.334,183.898,0.764,1.84,36.363,1,353.234,244.715,368.775,3.983,1.715,1.606,971.055,185.165,35890.622,7.951,25.04,3.973,101.62,128.854,158.895,80.528,2.031
6.224,1.297,0.579,1.059,17.559,469.057,26.714,48099,4.798,0.95,0.922,9.58,38.22,162.261,1.209,1.229,27.046,3,393.659,208.627,418.247,5.025,2.368,2.472,833.664,315.985,33751.481,7.44,22.668,4.98,102.314,128.598,153.173,99.43,3.369
3.278,1.092,0.354,2.908,11.459,253.591,22.131,226245,3.001,0.744,0.957,1.818,31.532,56.973,0.819,0.994,23.688,1,364.112,241.718,372.801,2.653,2.046,1.774,1350.749,599.578,42490.671,9.866,34.175,6.199,127.751,122.919,205.825,83.834,1.843
2.818,1.599,0.769,1,10.332,658.633,63.747,221220,1.762,0.6,0.701,4.504,27.902,167.607,0.647,1.525,32.267,1,336.896,264.488,348.844,1.681,1.461,1.218,1251.602,388.191,40435.91,10.284,33.764,4.366,120.54,124.376,188.358,80.713,1.614
2.087,1.308,0.302,1.308,19.687,249.599,12.678,249540,1.596,0.585,1.056,4.512,27.408,93.797,0.59,1.16,17.946,1,346.96,262.926,352.975,1.333,1.533,0.986,1432.275,687.456,42413.077,10.902,39.226,10.007,129.424,112.814,198.912,83.653,3.233
4.104,1.649,0.779,0.902,12.34,287.045,23.262,158740,2.489,0.718,0.382,4.627,24.386,60.103,0.729,1.58,19.41,1,346.166,251.335,360.111,2.707,1.587,1.264,1002.076,201.727,37661.34,7.334,26.584,3.747,107.155,125.887,165.48,77.903,2.65
5.54,1.267,0.209,2.351,15.217,263.278,17.302,195262,4.371,0.948,0.474,6.527,31.625,108.298,1.16,1.17,21.023,2,379.196,219.927,398.978,4.878,2.457,2.199,1158.195,280.22,36847.142,9.086,32.671,5.955,110.688,130.06,170.598,91.336,2.963
4.353,1.015,0.489,2.671,15.32,460.488,30.058,74587,4.289,0.949,0.956,4.113,37.908,180.505,1.11,0.862,23.297,2,389.986,217.428,403.123,3.471,2.008,2.325,935.116,412.574,38113.811,6.869,21.637,4.558,106.186,127.621,163.099,95.357,2.863
4.625,1.965,0.4,1.755,14.726,325.279,22.089,176856,2.354,0.679,0.374,5.888,30.19,102.234,0.623,1.898,21.307,1,349.835,255.942,358.574,3.003,1.568,1.373,1054.766,193.602,36362.119,8.486,26.684,6.029,103.797,128.703,165.549,77.122,2.254
7.425,1.251,0.469,2.843,18.976,207.909,10.956,172941,5.936,1.081,1.357,5.046,38.636,122.233,1.232,1.098,26.063,4,420.534,188.243,449.15,6.676,3.118,2.942,1304.921,809.981,43806.421,11.183,35.288,8.288,131.246,131.775,212.937,112.601,3.09
4.09,1.676,0.542,2.099,16.093,417.221,25.925,228265,2.44,0.69,0.471,9.088,28.652,113.919,0.727,1.596,25.096,1,346.217,251.828,360.753,2.724,1.834,1.405,1233.472,288.293,40542.568,10.935,35.505,6.623,121.147,129.616,185.727,80.231,3.023
5.084,1.707,0.461,2.186,12.845,711.735,55.41,212774,2.979,0.793,1.109,7.639,32.672,186.527,0.923,1.6,30.667,1,357.105,242.55,378.691,3.958,2.114,1.792,1336.389,635.332,42843.152,11.639,37.334,6.157,127.045,115.911,195.09,90.985,2.359
6.702,1.61,0.449,2.66,18.349,499.387,27.217,236462,4.163,0.887,0.769,8.19,26.875,163.842,1.144,1.494,33.78,2,387.505,223.714,401.624,5.572,2.478,2.148,1321.041,470.288,43443.393,11.303,36.795,8.127,127.898,129.376,197.881,91.671,3.225
4.379,1.313,0.64,1.453,10.173,714.835,70.27,221143,3.336,0.782,0.78,3.316,32.026,216.941,0.718,1.227,30.206,2,371.311,235.321,382.479,3.466,2.102,1.812,1307.602,440.111,42212.118,9.877,32.19,5.36,121.327,126.789,182.55,86.33,1.537
5.733,1.271,0.612,1.579,14.531,237.111,16.318,221112,4.51,0.965,1.218,4.581,33.291,123.48,1.113,1.143,18.901,2,391.597,208.202,412.309,4.814,2.722,2.415,1376.034,729.801,45612.492,10.926,36.45,7.977,130.983,122.649,205.136,103.123,2.79
7.174,1.598,0.7,2.793,19.407,216.882,11.176,44019,4.49,0.996,0.899,1.233,32.143,91.421,1.18,1.496,25.094,2,390.059,209.397,412.611,5.563,2.021,2.468,836.453,365.013,35426.048,4.577,18.483,5.233,101.679,129.924,158.35,98.614,3.825
7.697,1.866,0.35,2.782,15.505,502.904,32.435,216111,4.125,0.924,1.171,2.192,33.124,165.989,1.072,1.729,30.252,2,385.046,219.703,406.034,6.236,2.411,2.302,1351.137,680.871,43840.141,10.102,35.26,7.755,129.934,128.266,201.995,95.696,2.843
2.882,1.732,0.566,2.948,17.804,424.33,23.834,163645,1.664,0.597,0.906,3.916,28.074,89.371,0.658,1.616,24.606,1,345.529,266.892,352.645,1.5,1.29,1.072,1142.068,459.272,39856.735,9.486,29.595,6.694,115.851,121.94,172.158,76.608,3.026
7.56,1.106,0.551,2.784,15.843,562.121,35.481,113697,6.836,1.197,1.011,1.72,34.973,236.273,1.531,0.948,33.336,5,429.004,174.221,466.988,6.731,3.245,3.489,1075.549,508.312,39905.868,7.265,23.376,5.786,119.374,139.203,175.982,114.679,3.126
4.953,1.155,0.422,1.08,18.072,656.239,36.312,42433,4.289,0.932,1.213,7.629,34.059,222.459,0.986,1.075,33.034,2,386.845,224.44,410.015,3.904,2.09,2.262,885.765,475.334,37433.143,7.361,24.34,5.948,108.414,120.363,166.571,99.502,3.25
3.549,1.945,0.492,2.612,19.334,625.915,32.374,179088,1.825,0.621,1.029,11.979,28.453,167.633,0.53,1.883,26.574,1,340.274,260.171,354.88,1.922,1.534,1.122,1153.526,538.154,38857.526,11.893,35.622,7.876,118.057,117.886,185.634,79.978,3.775
4.755,1.737,0.388,1.702,11.275,759.583,67.368,102204,2.738,0.769,1.039,2.109,31.581,195.734,0.837,1.67,26.872,1,360.914,251.536,368.874,3.33,1.582,1.664,983.926,445.177,38281.976,6.359,26.722,3.966,110.004,118.634,163.394,88.43,1.927
7.88,1.883,0.285,2.98,10.036,378.779,37.742,132910,4.185,0.895,1.247,10.034,30.757,141.888,1.102,1.8,23.348,2,388.024,216.577,406.723,6.477,2.392,2.296,1107.058,634.739,38914.639,10.213,32.326,4.438,117.445,126.857,185.622,99.551,2.181
4.956,1.203,0.328,1.839,13.808,244.471,17.705,179980,4.121,0.899,1.439,2.307,34.11,91.787,1.034,1.059,24.961,2,389.362,223.254,409.293,4.233,2.332,2.336,1325.772,835.932,42100.361,9.965,35.421,6.953,130.924,123.72,201.718,101.273,2.353
3.973,1.588,0.263,2.018,16.422,485.639,29.572,230590,2.502,0.692,0.752,8.369,27.122,150.051,0.595,1.511,25.624,1,349.038,253.589,357.743,2.817,1.913,1.401,1302.536,439.972,39830.098,11.404,36.314,7.512,113.828,122.247,173.118,80.027,2.801
5.8,1.701,0.61,1.966,10.726,177.52,16.55,211596,3.41,0.827,0.993,8.075,30.611,69.818,0.825,1.598,21.126,2,377.24,234.471,388.642,4.563,2.174,2.022,1303.434,549.834,42010.17,11.57,35.118,4.576,118.164,139.537,183.487,91.114,2.067
3.441,1.68,0.596,1.508,8.049,302.196,37.543,129131,2.048,0.669,0.404,10.93,27.926,59.252,0.727,1.63,22.783,1,339.083,257.436,346.061,2.064,1.477,1.395,927.942,174.811,34417.946,8.671,26.775,2.615,99.144,122.628,148.482,74.121,1.422
2.455,1.408,0.77,0.965,12.115,245.522,20.266,115312,1.744,0.585,0.731,2.253,24.734,56.507,0.542,1.323,15.398,1,343.44,262.807,343.726,1.406,1.226,1.15,973.121,323.936,35245.028,7.608,24.336,3.622,100.187,121.639,145.136,75.012,2.236
2.773,1.015,0.638,2.77,19.626,377.595,19.239,82751,2.731,0.734,0.794,4.47,28.345,117.324,0.786,0.928,23.158,1,369.663,242.03,367.503,1.896,1.489,1.638,871.6,342.142,34852.369,7.06,22.894,6.38,106.301,127.589,169.591,81.351,3.305
2.768,1.34,0.231,2.566,16.34,177.852,10.885,111933,2.066,0.67,1.302,1.999,32.389,50.949,0.759,1.236,20.204,1,346.723,263.552,360.964,1.575,1.402,1.258,1109.249,622.128,38075.506,8.393,27.182,6.25,113.587,121.118,175.865,87.645,2.702
2.911,1.253,0.731,1.107,12.816,122.289,9.542,54430,2.323,0.687,0.916,5.481,27.082,30.147,0.61,1.177,15.444,1,352.351,253.084,356.795,1.858,1.247,1.424,846.661,375.314,35701.518,7.63,23.153,3.245,103.896,125.594,158.153,85.816,2.203
2.833,1.45,0.718,2.509,10.311,559.756,54.288,243643,1.953,0.631,1.177,11.028,33.839,138.465,0.595,1.372,27.431,1,346.408,260.184,360.529,1.903,1.812,1.282,1410.177,700.473,46015.874,12.409,42.346,5.76,131.917,120.938,202.159,83.29,1.892
5.845,1.958,0.466,2.177,12.273,527.174,42.954,156261,2.986,0.806,0.323,9.597,31.368,141.171,0.821,1.883,29.577,1,365.099,241.688,370.274,4.111,1.817,1.598,998.522,171.931,36755.617,9.505,28.009,4.282,104.414,130.266,158.742,82.645,2.044
3.091,1.399,0.552,1.7,10.038,595.851,59.359,58117,2.21,0.668,0.857,8.952,28.46,155.718,0.709,1.315,29.787,1,347.224,254.831,366.599,1.865,1.294,1.343,838.824,312.785,34816.888,8.063,22.17,2.573,101.408,123.233,155.771,81.215,1.995
4.074,1.84,0.786,1.359,9.276,562.271,60.618,107617,2.214,0.682,1.382,6.863,30.133,140.684,0.756,1.737,31.925,1,354.669,255.43,366.495,2.596,1.481,1.456,1068.568,682.519,37247.714,9.395,28.258,4.041,119.644,116.777,184.999,84.306,1.607
7.381,1.189,0.519,2.691,18.881,180.006,9.534,150348,6.21,1.075,0.569,10.718,33.58,136.761,1.202,1.129,21.951,4,418.378,188.836,445.731,6.437,3.164,2.912,1074.108,328.484,38813.506,9.057,30.063,7.727,114.184,134.726,179.735,105.9,3.723
4.844,1.672,0.743,2.34,19.972,303.755,15.209,147234,2.896,0.741,0.338,5.944,25.351,80.835,0.793,1.548,19.691,1,355.108,237.742,364.355,3.394,1.725,1.554,1000.361,175.023,36407.778,7.37,27.034,6.049,96.431,124.261,146.685,78.648,3.374
6.005,1.977,0.25,2.005,9.969,190.669,19.125,37810,3.038,0.777,0.82,2.647,26.598,71.047,0.907,1.853,18.441,1,365.9,238.992,371.941,4.106,1.473,1.671,785.246,284.279,33678.847,5.262,18.923,3.294,97.384,129.893,146.715,87.056,1.838
3.034,1.102,0.315,2.141,8.654,690.081,79.739,239185,2.753,0.746,1.145,10.213,30.618,198.856,0.642,1.017,32.298,1,361.387,248.721,376.795,2.465,2.172,1.755,1435.278,678.613,46053.505,13.368,40.698,4.426,129.811,127.642,199.064,91.159,1.615
3.154,1.008,0.464,1,11.957,622.833,52.09,90582,3.128,0.833,0.845,4.076,31.108,198.006,0.894,0.916,34.918,1,366.68,238.989,374.581,2.321,1.585,1.856,992.584,391.026,36982.702,6.088,23.006,4.64,106.728,125.876,175.285,86.025,2.181
2.245,1.03,0.551,1.843,13.54,241.069,17.804,33560,2.18,0.696,0.852,1.59,29.945,82.519,0.609,0.948,19.389,1,348.615,256.725,360.752,1.373,1.195,1.43,735.578,292.749,31981.226,5.923,16.206,3.452,94.733,123.745,147.464,81.259,2.402
3.014,1.093,0.69,1.226,10.458,338.916,32.408,46817,2.758,0.774,1.104,2.386,30.469,113.676,0.766,1.007,18.37,1,358.266,244.764,380.75,2.035,1.394,1.784,871.372,452.482,36255.085,6.254,20.878,3.379,99.646,130.777,156.051,89.274,2.019
3.672,1.748,0.793,1.258,11.617,776.63,66.852,157642,2.1,0.64,0.605,7.7,30.65,211.279,0.446,1.679,35.298,1,342.776,257.723,357.245,2.319,1.497,1.226,1036.101,249.133,35514.887,9.419,28.05,4.061,109.327,128.848,168.437,79.671,1.826
3.062,1.915,0.433,2.255,10.41,515.912,49.557,60312,1.599,0.596,1.202,7.678,26.965,113.47,0.684,1.802,25.013,1,343.033,266.886,351.895,1.21,1.147,1.215,950.319,504.247,36558.403,7.511,23.375,3.959,103.494,121.811,167.349,82.594,1.894
2.532,1.377,0.228,2.805,17.291,660.809,38.217,39179,1.839,0.622,0.484,3.862,25.121,152.01,0.584,1.326,27.152,1,340.151,261.44,347.348,1.136,1,1.252,708.362,176.407,29469.154,5.128,12.009,3.951,90.468,125.863,143.664,71.45,2.901
2.724,1.259,0.681,1.688,16.551,285.214,17.232,113517,2.164,0.655,0.775,8.999,29.931,64.154,0.6,1.176,21.806,1,351.681,253.233,355.37,1.665,1.461,1.284,963.659,314.003,35141.215,8.71,25.736,6.095,105.863,120.936,159.925,77.214,2.84
4.765,1.434,0.563,1.257,15.619,247.037,15.816,167007,3.322,0.837,1.087,9.51,30.066,99.201,0.94,1.311,24.441,2,378.1,235.227,385.666,3.557,2.165,1.782,1201.801,580.974,37672.184,11.011,33.242,6.659,119.163,124.342,185.333,92.828,2.833
3.238,1.723,0.319,2.227,12.647,648.742,51.298,54604,1.879,0.587,1.294,11.126,27.819,168.798,0.497,1.645,28.845,1,344.674,259.864,354.6,1.657,1.229,1.246,949.528,518.438,35358.672,8.571,25.174,4.581,104.094,118.198,159.798,82.911,2.427
4.186,1.009,0.497,2.717,18.908,580.111,30.68,98932,4.148,0.884,1.25,7.434,33.855,201.325,0.918,0.908,31.529,2,387.703,221.249,400.994,3.213,2.263,2.372,1064.064,568.87,38526.688,8.88,26.453,6.537,114.73,128.278,179.476,97.067,3.091
5.021,1.589,0.645,2.446,19.634,576.685,29.371,121907,3.159,0.826,1.166,9.574,30.471,184.474,1.015,1.483,31.767,1,367.742,238.164,383.624,3.639,1.85,1.817,1109.012,558.765,38923.223,9.375,29.146,7.833,113.897,121.58,180.527,93.479,3.829
6.142,1.613,0.662,2.711,10.084,486.844,48.28,65081,3.807,0.891,0.731,9.284,31.348,150.596,1.141,1.564,30.11,2,371.412,225.096,396.964,4.636,1.966,2.051,876.241,293.519,33847.195,7.602,23.682,3.359,106.624,135.862,160.374,89.683,1.994
2.236,1.638,0.5,1.98,10.676,494.505,46.319,141336,1.365,0.519,0.447,3.836,24.611,119.63,0.434,1.618,24.24,1,331.301,272.055,330.242,0.797,1.109,0.859,994.237,235.681,33550.344,7.831,24.347,4.642,101.866,127.616,159.328,73.179,1.917
6.796,1.242,0.383,2.454,14.308,614.988,42.983,48747,5.472,1.053,0.56,4.412,31.15,222.497,1.341,1.165,28.222,3,407.211,193.594,432.702,5.627,2.526,2.738,795.38,215.942,32489.118,5.503,15.925,4.332,106.265,140.276,161.482,99.146,2.345
5.767,1.714,0.784,1.108,9.095,289.002,31.776,40234,3.365,0.859,1.338,6.263,29.453,96.666,0.967,1.669,19.706,2,369.636,230.301,394.947,4.134,1.756,1.936,905.978,517.963,37762.933,6.457,21.424,2.59,105.26,131.079,168.819,93.113,1.903
2.491,1.091,0.598,1.566,13.237,346.938,26.209,144363,2.282,0.689,1.329,1.209,31.859,87.719,0.592,0.979,25.801,1,352.866,250.712,367.738,1.789,1.534,1.401,1142.8,682.219,39905.934,9.54,28.48,4.98,118.604,122.584,187.702,86.791,2.435
7.241,1.199,0.445,1.657,14.981,710.146,47.402,84537,6.038,1.095,1.442,4.271,34.407,275.106,1.256,1.04,36.134,4,421.219,190.392,451.764,6.128,2.89,3.104,1071.659,712.982,41994.582,8.505,26.111,6,118.319,132.397,175.435,116.087,2.746
7.525,1.877,0.368,1.925,14.265,316.206,22.167,50982,4.008,0.867,0.391,6.213,29.629,119.303,1.108,1.818,20.501,2,370.025,231.825,392.129,5.778,1.88,2.058,717.525,168.709,32275.479,4.358,18.091,3.312,91.229,133.077,136.898,88.337,2.42
2.366,0.989,0.639,2.844,11.971,482.417,40.299,123260,2.392,0.682,0.944,2.189,28.932,133.901,0.59,0.889,33.185,1,352.351,249.193,364.121,1.668,1.457,1.574,1059.516,478.241,36818.907,7.042,24.39,4.179,108.912,121.627,163.439,86.857,2.165
3.661,1.014,0.345,2.723,14.509,591.848,40.791,231330,3.612,0.896,1.078,2.389,32.654,171.048,1.173,0.899,27.151,2,371.212,231.523,390.542,3.108,2.239,2.091,1353.339,649.146,44411.779,10.383,36.666,6.443,126.485,128.235,195.805,93.565,2.454
6.837,1.248,0.303,1.096,19.506,799.947,41.011,189322,5.477,1.047,1.153,6.096,34.87,278.851,1.204,1.089,39.183,3,410.748,196.912,434.451,5.928,3.076,2.763,1313.072,676.271,42036.461,10.756,36.099,9.031,123.091,128.01,191.997,106.819,3.719
6.49,1.214,0.518,1.18,10.472,404.704,38.646,209435,5.344,1.037,1.073,9.041,35.126,152.085,1.359,1.107,30.826,3,407.991,200.332,430.995,5.603,3.08,2.731,1338.409,621.672,42530.755,11.298,38.369,5.015,132.271,132.204,208.187,108.297,2.101
3.107,1.271,0.374,1.587,15.858,399.665,25.203,221821,2.445,0.704,1.224,10.171,29.883,118.53,0.705,1.121,25.135,1,357.822,251.173,376.003,2.432,1.956,1.626,1389.671,774.009,44504.518,12.287,40.464,7.55,126.843,116.641,195.624,87.994,2.787
3.256,1.248,0.577,1.44,8.521,689.812,80.957,243978,2.61,0.755,0.731,7.009,32.47,202.809,0.854,1.155,29.956,1,356.058,249.25,368.458,2.502,2.01,1.54,1351.709,439.328,43077.184,11.636,37.908,4.879,124.282,123.593,191.507,81.219,1.395
4.223,1.063,0.271,2.152,8.797,663.852,75.464,197914,3.974,0.906,0.515,6.222,27.244,206.633,1.133,0.969,29.978,2,382.815,228.291,392.782,3.531,2.376,2.031,1171.347,277.655,41158.137,9.88,31.387,3.892,116.873,137.985,182.291,89.481,1.726
4.907,1.459,0.593,2.786,14.622,611.753,41.838,163849,3.363,0.841,0.546,5.227,29.824,188.522,1.032,1.357,29.873,2,362.763,231.042,380.147,3.946,1.931,1.871,1072.606,265.364,37131.227,8.79,29.791,6.368,113.861,135.603,189.085,85.527,2.746
5.71,1.733,0.37,2.917,9.259,424.261,45.82,110393,3.295,0.808,0.314,3.122,30.624,139.035,0.837,1.603,29.08,1,359.422,238.543,373.412,4.215,1.766,1.712,899.434,162.947,34058.404,5.378,21.656,2.98,95.653,128.371,142.203,81.427,1.424
4.213,1.607,0.2,2.238,8.268,326.757,39.52,69961,2.622,0.694,0.72,2.612,30.168,98.23,0.662,1.469,19.347,1,357.028,245.814,364.144,2.95,1.448,1.572,857.905,285.962,33522.208,6.302,18.99,2.116,103.494,128.549,152.899,82.366,1.408
4.775,1.673,0.276,2.644,10.058,526.111,52.307,181065,2.854,0.793,0.41,9.711,27.207,154.949,0.836,1.571,22.809,1,354.954,245.64,371.363,3.351,1.846,1.657,1108.563,223.432,39824.471,9.297,30.976,3.405,108.404,128.157,165.882,77.327,2.237
6.485,1.081,0.76,1.955,14.778,713.356,48.271,248888,5.998,1.152,0.686,6.115,32.946,258.472,1.281,0.978,35.526,5,419.325,184.982,438.211,5.882,3.243,2.937,1365.207,425.413,45221.908,11.867,36.591,7,132.137,136.406,201.938,104.504,2.638
2.22,1.174,0.72,1.258,16.44,718.644,43.713,132818,1.892,0.647,1.054,9.694,27.962,186.217,0.66,1.088,34.298,1,346.835,259.499,351.793,1.203,1.369,1.447,1094.734,502.227,38838.469,9.992,30.5,6.676,114.243,126.54,174.125,81.75,2.975
3.515,1.838,0.34,1.954,10.43,175.949,16.87,189209,1.912,0.65,1.373,8.745,32.489,45.832,0.579,1.731,24.902,1,355.817,261.932,356.168,2.045,1.623,1.361,1320.651,780.815,44489.475,12.374,38.42,4.672,121.765,114.129,188.686,83.806,1.945
6.28,1.805,0.667,2.021,16.019,399.845,24.961,138920,3.479,0.866,1.308,3.133,32.14,113.771,1.039,1.657,21.312,2,375.334,230.555,389.314,4.743,1.951,1.846,1143.699,693.918,41064.231,9.454,29.581,6.841,124.369,118.365,188.091,93.261,2.732
7.371,1.823,0.565,2.433,10.19,425.305,41.739,125025,4.044,0.922,0.603,6.613,31.982,147.087,0.995,1.735,25.915,2,372.887,221.898,400.704,5.762,2.155,2.199,960.45,230.552,36891.188,8.062,25.053,4.127,110.398,130.16,168.735,90.462,1.969
5.07,1.933,0.783,1.284,15.361,784.331,51.058,120267,2.623,0.754,0.461,5.884,29.42,218.935,0.651,1.8,38.11,1,353.191,247.235,363.814,3.382,1.521,1.321,930.92,217.799,35472.994,7.106,25.278,4.602,97.9,126.524,150.568,77.948,2.827
5.193,1.544,0.424,1.61,12.944,574.599,44.393,141017,3.363,0.833,0.532,5.663,34.865,176.294,1.025,1.384,30.061,2,365.557,236.879,379.228,3.898,1.917,1.939,974.28,273.941,35154.027,8.383,27.706,3.864,108.729,129.258,167.445,82.274,2.539
2.643,1.2,0.609,1.601,15.846,385.072,24.302,110717,2.202,0.643,1.465,6.968,32.207,117.856,0.67,1.083,23.614,1,356.426,255.838,366.144,1.655,1.468,1.489,1118.746,665.005,40370.603,10.136,29.106,6.679,122.19,110.696,188.83,85.402,2.471
4.684,1.617,0.238,2.911,19.941,118.241,5.93,194730,2.897,0.758,0.959,11.803,29.307,55.904,0.812,1.501,20.356,1,364.397,244.221,376.124,3.397,2.034,1.705,1233.879,521.904,41086.71,11.531,38.073,8.746,121.165,126.46,187.207,87.61,3.631
5.196,1.743,0.438,1.777,19.254,495.77,25.749,222339,2.981,0.814,0.519,9.942,26.919,132.408,0.958,1.687,25.85,1,356.712,246.079,368.823,4.013,2.101,1.7,1234.028,322.023,40305.781,10.667,36.561,8.479,112.864,137.841,171.71,82.277,3.492
3.455,1.738,0.778,2.461,8.051,167.253,20.773,224234,1.988,0.625,1.309,10.941,30.184,42.212,0.694,1.64,21.236,1,344.835,262.567,353.882,2.077,1.741,1.409,1406.716,776.374,44172.574,12.8,40.406,4.313,130.999,119.486,202.029,85.25,1.127
3.615,1.521,0.523,2.452,18.625,684.115,36.73,80093,2.376,0.719,0.774,1.326,29.489,178.642,0.68,1.482,28.219,1,349.932,249.174,366.924,2.271,1.318,1.429,850.581,308.475,33851.959,6.357,21.669,4.782,104.174,124.497,161.45,80.328,3.276
4.264,1.068,0.373,1.384,8.798,626.763,71.24,227100,3.991,0.862,1.379,2.544,29.443,203.141,0.942,0.928,26.56,2,376.095,225.682,408.292,3.554,2.439,2.241,1447.518,845.297,45762.934,11.579,36.626,4.678,131.731,127.511,208.025,96.456,1.621
2.12,1.048,0.272,2.058,19.437,422.356,21.73,105141,2.024,0.63,0.613,1.932,26.579,109.235,0.542,0.987,24.256,1,342.882,259.987,353.392,1.216,1.227,1.262,907.998,256.564,33241.425,6.501,21.527,6.267,99.822,124.285,148.801,74.773,3.49
3.932,1.921,0.622,2.767,11.382,400.448,35.183,98047,2.047,0.634,0.772,3.896,29.294,115.414,0.52,1.832,16.858,1,342.941,260.948,357.981,2.15,1.26,1.062,885.945,341.349,33724.331,6.894,22.114,3.76,105.253,123.082,163.24,77.95,2.021
3.269,1.584,0.587,1.845,12.584,728.137,57.86,189886,2.063,0.617,0.906,5.861,27.967,194.507,0.667,1.54,32.927,1,349.64,258.133,363.914,2.053,1.609,1.358,1208.812,523.943,40274.341,10.685,32.186,4.847,113.769,120.944,177.002,81.184,2.235
3.965,1.538,0.424,2.879,9.1,301.921,33.179,97033,2.577,0.695,1.371,8.063,33.761,109.31,0.76,1.422,17.13,1,352.162,250.37,371.016,2.635,1.617,1.69,1072.633,648.409,40647.553,8.832,29.439,3.457,115.269,120.749,179.405,85.999,1.504
2.719,1.269,0.771,1.272,9.347,274.314,29.347,41652,2.143,0.638,1.343,6.509,27.915,79.161,0.708,1.19,22.259,1,352.016,256.755,358.766,1.444,1.303,1.468,892.174,493.428,36530.646,7.942,22.718,2.677,110.421,116.771,172.078,81.485,2.043
7.343,1.368,0.213,0.963,16.721,757.438,45.299,112195,5.366,1.078,0.989,10.935,36.242,244.284,1.377,1.21,35.803,3,412.786,200.812,432.57,6.166,2.764,2.834,1037.103,460.845,39564.069,9.876,27.843,6.591,118.761,127.902,178.827,107.331,3.046
5.562,1.895,0.382,2.761,19.332,666.472,34.475,188722,2.934,0.737,0.566,11.338,30.939,181.598,0.854,1.801,31.407,1,361.181,249.157,365.481,3.964,1.947,1.766,1150.28,253.98,40623.895,10.301,32.894,7.74,110.107,134.982,171.309,83.53,3.525
6.075,1.666,0.753,2.665,15.329,674.438,43.998,101930,3.645,0.842,0.784,2.799,33.151,213.88,1.007,1.565,33.538,2,377.377,229.894,389.755,4.529,1.946,1.996,948.82,334.554,34841.56,6.344,22.473,4.791,101.686,131.104,158.037,88.173,2.47
6.735,1.787,0.393,2.984,16.59,236.636,14.264,168502,3.768,0.831,1.471,10.382,30.72,68.911,0.768,1.7,21.851,2,383.892,231.829,399.353,5.375,2.362,2.158,1289.876,849.974,44676.472,12.127,36.913,6.994,124.541,120.35,195.23,98.556,2.879
4.991,1.454,0.351,2.295,17.144,200.307,11.684,175226,3.432,0.85,1.029,6.299,32.945,57.409,0.909,1.279,19.528,2,365.415,234.76,390.541,3.775,2.161,1.922,1191.551,510.803,41457.471,10.618,35.054,7.586,122.203,128.667,188.749,90.53,2.949
2.522,1.28,0.521,2.861,11.154,118.221,10.599,191421,1.97,0.639,1.237,5.987,29.283,30.769,0.715,1.169,23.005,1,348.503,260.004,356.263,1.631,1.595,1.2,1286.18,685.589,42699.744,11.705,35.552,5.512,120.691,114.759,184.912,84.218,1.964
5.223,1.248,0.694,2.619,8.543,265.929,31.129,227368,4.184,0.934,0.84,9.634,29.752,124.719,0.968,1.129,23.563,2,385.336,221.577,406.915,4.565,2.535,2.299,1365.104,493.792,44465.087,11.966,38.11,5.043,126.855,132.816,200.629,93.348,1.448
5.521,1.705,0.262,2.658,8.022,641.933,80.017,125164,3.237,0.799,0.938,2.025,30.52,214.362,0.879,1.542,33.562,1,363.342,241.767,379.493,4.162,1.926,1.811,1058.447,489.992,37888.685,7.475,27.347,2.811,109.276,129.447,164.506,86.625,1.292
6.473,1.428,0.766,2.052,12.208,268.027,21.955,66615,4.534,0.93,0.815,10.707,30.612,112.654,1.12,1.307,25.641,2,389.252,208.517,412.346,5.212,2.242,2.224,876.962,342.616,35345.194,8.135,23.159,3.241,102.15,135.521,152.837,97.493,2.127
4.59,1.443,0.677,1.641,10.898,610.372,56.01,100163,3.182,0.82,1.144,8.379,34.26,198.18,0.925,1.285,32.545,1,357.104,237.693,381.057,3.346,1.778,1.881,1018.399,539.081,36013.034,9.207,28.979,3.821,111.929,127.739,168.527,94.624,1.711
2.765,1.649,0.309,2.856,8.748,276.336,31.589,125076,1.677,0.601,1.322,10.628,31.523,69.088,0.611,1.478,27.5,1,342.063,268.77,354.943,1.425,1.4,1.23,1119.159,649.636,39595.379,10.698,31.546,3.078,118.845,116.691,185.594,83.658,1.654
3.703,1.936,0.627,1.751,10.154,376.705,37.098,187056,1.912,0.6,0.909,11.939,26.528,75.19,0.643,1.844,24.315,1,341.763,260.171,348.917,2.17,1.567,1.228,1205.119,500.025,40698.013,11.021,35.301,3.968,111.252,124.82,169.55,79.442,1.962
4.178,1.064,0.431,1.985,9.494,788.214,83.022,32886,3.927,0.891,0.877,6.698,30.747,244.074,1.017,0.949,35.247,2,385.068,227.001,396.825,3.294,1.856,2.16,805.952,355.065,34544.585,6.528,18.906,2.915,101.26,127.493,156.509,92.586,1.782
5.876,1.825,0.441,1.781,18.979,271.368,14.299,99472,3.22,0.787,0.708,2.026,29.518,82.662,0.741,1.726,19.984,1,362.629,238.247,384.626,4.239,1.708,1.674,955.568,312.795,34337.669,6.691,22.007,6.893,104.919,129.142,168.167,84.462,3.566
5.425,1.292,0.67,2.043,9.683,363.459,37.535,201565,4.197,0.891,0.513,2.832,30.601,149.822,1.06,1.208,23.883,2,379.613,212.346,398.953,4.616,2.38,2.258,1171.53,270.097,39085.472,9.714,30.315,4.177,111.135,129.722,167.55,89.717,1.885
4.137,1.444,0.778,1.835,14.452,310.761,21.503,177588,2.865,0.78,1.427,4.56,35.075,96.098,0.853,1.298,20.693,1,365.521,238.279,384.884,3.022,1.9,1.833,1307.512,787.599,42559.414,10.846,34.956,6.67,127.421,122.888,190.696,92.964,2.302
7.919,1.022,0.276,0.906,15.117,176.737,11.691,190982,7.749,1.257,0.679,2.139,37.188,130.256,1.477,0.948,23.48,6,443.919,161.23,478.531,7.431,3.866,3.807,1204.944,431.755,40513.258,9.422,29.803,6.786,119.695,148.266,188.846,119.771,2.999
5.635,1.301,0.452,2.741,14.522,442.926,30.501,208598,4.331,0.91,1.261,9.969,34.065,134.766,1.156,1.177,23.976,2,393.443,217.692,408.389,4.738,2.653,2.329,1381.299,783.829,45242.847,12.917,38.925,6.907,125.252,130.302,190.803,102.91,2.75
3.423,1.503,0.489,1.778,9.189,365.083,39.732,202311,2.278,0.666,1.158,4.266,30.108,101.924,0.725,1.442,24.014,1,344.623,255.652,364.71,2.196,1.676,1.5,1320.676,610.296,44059.242,10.712,33.466,4.972,122.903,124.41,185.813,85.189,1.237
2.611,1.056,0.426,2.096,11.826,586.421,49.589,180080,2.472,0.741,1.249,11.735,28.336,126.233,0.658,0.897,31.301,1,361.53,252.09,371.843,1.921,1.904,1.452,1271.659,686.943,43510.003,12.501,37.765,6.763,119.853,126.677,185.341,87.666,1.939
2.917,1.491,0.418,1.106,8.615,672.316,78.038,126725,1.956,0.651,1.424,8.729,34.097,171.227,0.583,1.357,31.864,1,349.409,258.966,352.508,1.741,1.428,1.324,1177.413,737.447,41428.535,10.135,33.01,3.235,116.736,117.867,180.177,85.889,1.261
3.476,1.927,0.231,0.807,12.748,480.975,37.729,246391,1.804,0.627,1.048,2.908,28.826,125.833,0.571,1.856,23.846,1,348.152,264.283,354.345,2.172,1.625,1.142,1418.467,688.141,43357.348,11.143,37.994,6.934,128.599,116.943,195.858,81.344,2.35
2.964,1.105,0.611,1.34,10.263,122.537,11.94,155196,2.681,0.734,1.378,6.236,35.427,28.837,0.729,0.985,20.096,1,351.053,247.83,371.764,2.089,1.752,1.714,1216.222,701.787,41716.292,10.281,33.787,4.974,121.29,113.583,190.248,90.397,1.699
3.119,1.764,0.462,2.35,14.74,533.246,36.178,74609,1.768,0.606,0.501,6.136,27.666,149.471,0.616,1.664,27.498,1,327.09,265.776,340.155,1.365,1.094,1.038,805.687,201.473,34913.082,6.205,19.646,4.42,97.823,119.826,148.509,73.519,2.643
3.711,1.41,0.317,1.018,16.314,138.774,8.507,94418,2.632,0.721,1.052,6.418,34.912,65.215,0.68,1.255,9.736,1,356.733,256.65,372.688,2.529,1.561,1.574,985.56,450.727,34914.054,7.401,27.216,6.271,108.45,123.684,164.798,84.33,3.252
3.04,1.655,0.69,2.8,14.385,531.449,36.944,182583,1.837,0.584,1.227,6.893,31.129,120.216,0.665,1.581,24.673,1,347.354,259.987,360.485,1.787,1.532,1.265,1246.405,632.703,40053.133,11.668,35.085,6.453,118.113,109.578,175.612,80.81,2.841
7.381,1.26,0.682,1.273,13.211,579.521,43.867,233442,5.857,1.078,0.626,1.343,30.579,216.407,1.387,1.168,35.004,3,409.457,194.142,437.221,6.474,3.146,2.878,1301.541,413.558,42382.081,9.375,31.765,6.342,123.659,138.048,181.852,102.125,2.168
2.481,1.159,0.492,1.25,12.648,238.437,18.852,69318,2.14,0.664,1.189,8.549,29.501,79.879,0.722,1.066,25.072,1,352.746,254.963,355.927,1.434,1.376,1.316,968.302,482.665,37417.71,8.701,26.435,4.327,109.373,122.399,170.473,84.727,2.333
5.147,1.16,0.379,1.199,18.1,673.542,37.212,48116,4.435,0.928,1.234,6.359,33.729,217.784,1.073,1.022,34.127,2,396.103,218.597,409.706,4.06,2.197,2.549,933.794,540.768,37795.857,7.585,23.315,5.986,105.428,121.696,158.13,100.245,3.586
4.462,1.07,0.583,0.831,10.632,737.76,69.388,223936,4.169,0.951,1.297,9.701,32.851,212.964,1.152,0.909,36.599,2,390.672,220.837,405.604,3.906,2.588,2.36,1437.766,776.876,46459.033,12.667,42.176,5.668,135.042,131.66,208.704,104.914,1.692
7.894,1.186,0.373,2.498,16.811,669.161,39.806,231361,6.658,1.121,0.675,9.969,33.395,254.959,1.37,1.067,30.877,5,427.015,176.792,455.37,7.138,3.554,3.362,1329.234,404.067,41043.165,10.955,39.025,8.031,127.932,136.53,206.005,110.489,3.199
2.672,1.592,0.342,2.725,17.09,313.576,18.349,90803,1.678,0.575,1.118,3.536,26.64,62.558,0.498,1.462,21.36,1,341.767,267.045,350.045,1.227,1.177,1.102,988.865,498.734,36223.689,7.277,25.813,5.391,109.801,111.771,172.053,83.303,3.009
4.387,1.882,0.638,2.151,13.03,510.65,39.189,113002,2.331,0.661,0.665,1.533,28.608,156.131,0.776,1.78,31.118,1,346.159,251.059,361.255,2.741,1.335,1.362,940.384,303.757,32580.675,6.531,23.325,4.543,103.7,117.748,160.848,82.271,2.137
7.817,1.814,0.224,1.214,11.568,740.371,64.004,175241,4.309,0.925,1.187,8.736,34.325,245.342,1.085,1.73,35.488,2,389.207,223.359,413.037,6.243,2.547,2.37,1268.57,675.657,43093.281,10.88,35.537,5.013,129.53,128.039,202.468,100.254,2.349
7.193,1.685,0.257,1.428,13.646,324.465,23.776,102584,4.269,0.887,0.856,11.755,30.057,120.81,0.965,1.524,23.854,2,381.292,218.584,405.553,5.865,2.336,2.385,945.751,395.522,36312.564,8.7,26.577,4.239,109.971,130.102,179.084,95.065,2.345
6.902,1.11,0.204,1.847,9.119,674.019,73.917,222974,6.216,1.096,1.017,5.913,39.106,257.612,1.309,1.002,32.676,4,418.919,187.432,452.549,6.313,3.284,3.251,1350.429,608.012,43845.37,10.943,36.554,4.795,128.813,134.697,192.115,108.919,1.581
3.547,1.289,0.292,2.9,8.551,106.633,12.47,53667,2.752,0.739,0.799,3.856,30.192,22.437,0.724,1.243,21.145,1,359.578,250.403,369.046,2.309,1.395,1.583,842.489,343.402,31986.642,6.172,22.343,2.055,104.791,129.928,161.882,82.646,1.444
3.025,1.31,0.241,1.344,9.339,102.553,10.981,38356,2.31,0.682,0.494,2.723,26.533,21.554,0.862,1.26,20.66,1,344.668,260.646,369.931,1.703,1.18,1.31,697.263,177.579,29116.202,4.945,13.916,2.144,96.498,126.766,155.471,78.782,1.877
6.012,1.25,0.797,2.41,10.246,631.798,61.664,75866,4.81,0.991,0.514,4.162,28.69,241.072,1.155,1.162,33.709,3,388.76,209.962,414.189,4.83,2.268,2.462,847.699,235.934,31658.109,5.43,20.093,2.507,95.926,133.305,149.918,95.37,2.026
7.576,1.515,0.373,1.767,14.05,633.013,45.054,92939,5.001,0.984,0.393,4.607,31.496,219.829,1.171,1.407,31.959,3,395.742,208.716,417.471,6.294,2.375,2.599,848.467,183.596,33386.189,5.768,20.757,3.971,98.52,135.083,157.524,93.438,2.369
5.341,1.536,0.29,1.455,18.19,652.284,35.86,54843,3.478,0.841,1.042,5.663,31.74,209.004,0.985,1.407,30.601,2,374.54,233.167,396.046,3.834,1.807,1.998,894.206,432.949,39019.635,7.107,22.588,6.889,107.182,131.227,163.63,91.431,3.266
5.43,1.357,0.345,1.803,10.828,751.019,69.361,44451,4.002,0.901,1.318,8.209,35.651,237.667,0.921,1.165,36.458,2,384.351,222.858,404.208,4.142,2.071,2.287,887.763,498.073,36043.025,7.948,23.804,2.982,113.559,122,171.014,99.49,1.983
3.68,1.354,0.762,0.957,19.222,182.534,9.496,196233,2.718,0.728,0.325,4.005,27.753,79.7,0.858,1.284,16.171,1,351.582,241.563,361.118,2.583,1.741,1.608,1140.088,157.572,37485.995,8.253,30.628,7.594,104.641,129.884,169.838,77.977,3.645
6.617,1.829,0.512,2.557,19.459,262.389,13.484,66140,3.619,0.884,0.379,1.561,27.742,66.774,0.93,1.731,19.413,2,370.595,227.064,389.391,4.964,1.803,2.029,749.42,136.867,31662.2,5.115,16.947,5.8,98.103,134.313,152.36,84.408,3.37
3.122,1.789,0.419,1.335,19.507,732.607,37.556,231062,1.745,0.597,0.849,5.106,31.903,181.372,0.729,1.687,28.351,1,343.775,265.235,354.037,1.841,1.48,1.26,1292.34,494.559,39883.481,10.896,36.961,9.043,118.961,125.214,187.693,77.293,3.762
3.942,1.308,0.724,2.396,18.051,224.065,12.413,110959,3.014,0.768,1.185,10.412,32.83,100.807,0.802,1.198,24.38,1,366.914,237.768,381.152,2.841,1.762,1.856,1091.898,555.73,37702.313,9.179,30.149,6.829,116.02,124.01,183.385,85.492,3.376
4.553,1.914,0.437,0.95,12.366,577.56,46.706,177533,2.379,0.725,0.489,6.482,28.15,172.558,0.83,1.838,27.177,1,342.944,257.282,365.244,3.009,1.617,1.536,1098.178,243.636,36672.371,8.568,29.539,4.407,107.111,124.013,171.14,77.559,2.021
5.046,1.953,0.401,2.901,8.872,471.324,53.124,79588,2.584,0.748,0.626,11.613,29.813,156.188,0.583,1.849,27.988,1,351.882,248.547,364.022,3.316,1.505,1.444,849.337,247.676,34269.433,7.245,23.71,2.974,92.799,128.21,145.017,78.482,1.675
3.454,1.327,0.324,1.225,14.826,158.236,10.673,82871,2.604,0.761,0.578,6.54,30.396,51.925,0.702,1.291,18.624,1,351.022,250.821,367.952,2.307,1.443,1.728,886.311,277.4,34225.172,6.685,23.15,4.437,94.176,131.085,147.325,80.894,2.749
2.689,1.354,0.427,2.742,14.704,299.685,20.381,156436,1.985,0.646,0.779,4.035,26.013,69.658,0.622,1.293,30.77,1,339.313,260.056,359.086,1.71,1.391,1.372,1112.767,401.699,37803.506,8.014,29.193,6.814,107.169,123.716,168.101,78.512,2.482
5.664,1.506,0.39,2.581,18.2,464.261,25.509,153341,3.762,0.862,0.57,3.126,30.941,136.194,0.802,1.441,28.381,2,375.402,224.958,389.99,4.371,2.044,2.01,1047.495,244.412,37863.773,7.042,27.624,6.531,107.232,135.69,163.643,89.669,3.344
3.732,1.941,0.606,2.929,19.952,696.645,34.916,199120,1.922,0.61,0.723,8.64,27.315,161.55,0.654,1.86,26.271,1,344.135,263.812,352.799,2.219,1.572,1.319,1200.552,389.971,41418.007,9.664,35.402,9.229,114.212,117.296,181.231,78.651,3.57
5.487,1.876,0.374,1.851,14.098,595.277,42.225,196718,2.925,0.782,1.174,6.9,33.097,183.901,0.861,1.782,33.537,1,367.29,246.454,382.536,4.02,1.975,1.755,1327.554,674.519,44165.119,11.965,35.338,6.989,122.576,123.44,187.706,93.002,2.196
2.926,1.103,0.546,2.4,12.142,535.318,44.087,177551,2.654,0.768,1.033,7.644,29.873,159.912,0.727,0.973,27.295,1,354.14,250.29,369.321,2.275,1.867,1.691,1201.279,542.477,39316.891,9.957,33.348,5.54,118.982,124.809,188.848,82.01,1.515
4.887,1.393,0.24,1.616,10.231,447.223,43.713,128808,3.509,0.854,0.397,9.306,28.624,144.523,0.94,1.329,25.992,2,367.763,236.71,378.706,3.754,1.979,1.945,978.182,193.166,33202.414,7.935,25.824,3.424,101.365,135.519,160.295,84.079,2.239
5.196,1.553,0.315,1.206,8.058,309.079,38.359,225940,3.345,0.854,1.065,8.985,35.84,114.851,0.997,1.436,21.127,2,370.832,234.999,391.699,4.086,2.267,2.029,1359.395,666.275,41600.633,12.112,39.801,3.604,126.527,130.707,187.291,87.115,1.394
2.311,1.456,0.444,1.775,14.109,183.471,13.004,166967,1.587,0.557,0.872,1.477,30.638,42.517,0.365,1.346,19.402,1,338.516,265.663,346.606,1.144,1.259,1.066,1125.457,411.583,39259.696,8.528,29.018,5.428,115.219,119.832,181.816,77.559,2.535
4.02,1.194,0.762,1.165,14.666,386.353,26.343,247843,3.367,0.818,1.421,9.828,26.911,139.577,0.796,1.071,25.478,2,375.338,234.654,389.107,3.441,2.464,2.078,1527.508,945.682,46959.691,13.96,43.441,8.364,135.099,121.726,210.338,95.292,2.392
2.806,1.859,0.426,2.96,17.899,119.963,6.702,210261,1.51,0.575,0.647,6.86,29.807,36.463,0.52,1.778,15.364,1,333.598,274.041,341.359,1.18,1.391,1.012,1230.324,361.819,40652.747,10.163,32.839,7.97,115.408,122.837,184.217,72.393,3.083
2.38,0.965,0.598,1.012,14.055,247.739,17.627,39748,2.467,0.725,1.171,5.309,31.237,56.991,0.754,0.93,19.569,1,355.583,251.97,370.358,1.536,1.262,1.64,826.965,426.694,33572.964,6.709,21.819,3.135,106.697,117.814,172.311,86.858,2.928
7.94,1.838,0.353,2.096,18.998,402.738,21.199,100530,4.32,0.98,1.177,6.913,33.056,149.729,1.111,1.725,26.294,2,393.958,222.351,402.887,6.301,2.226,2.409,1047.117,536,39204.168,8.865,28.078,6.318,114.541,128.037,177.981,97.259,3.868
3.934,1.859,0.276,2.178,15.537,393.024,25.296,155812,2.117,0.673,0.566,7.737,26.321,79.115,0.751,1.83,17.488,1,340.308,258.115,356.217,2.372,1.486,1.168,1029.007,249.189,36993.262,8.896,29.461,5.528,101.581,127.933,158.879,80.301,2.409
6.859,1.748,0.235,1.984,18.084,131.007,7.244,188723,3.923,0.887,1.384,2.645,32.278,70.452,1.037,1.656,14.498,2,383.765,230.794,404.552,5.462,2.365,2.184,1352.047,806.363,43795.412,10.58,34.641,8.826,128.955,126.945,194.748,98.58,3.225
3.528,1.439,0.383,2.257,9.78,512.342,52.389,151074,2.451,0.707,0.889,5.592,28.679,153.131,0.789,1.348,32.645,1,357.342,251.553,371.221,2.386,1.668,1.581,1145.476,471.076,39980.206,9.287,30.493,3.806,110.597,121.437,170.751,82.985,2.107
6.089,1.611,0.295,1.056,18.264,484.779,26.543,202948,3.781,0.91,1.115,4.691,31.125,137.523,0.903,1.48,28.743,2,375.955,230.311,395.676,4.923,2.408,2.137,1328.838,644.997,42641.917,10.442,35.015,8.243,127.925,125.256,204.908,94.584,3.294
6.561,1.16,0.304,2.021,16.102,154.673,9.606,92184,5.655,1.076,0.475,4.854,30.098,99.644,1.3,1.003,18.594,3,403.492,194.684,435.609,5.522,2.705,2.915,861.964,207.139,33177.85,6.28,22.751,4.366,106.617,135.27,165.257,102.127,3.021
5.574,1.674,0.656,1.432,10.043,760.214,75.697,70460,3.33,0.801,0.609,2.005,27.97,225.497,0.854,1.559,29.122,2,368.976,237.469,380.402,4.052,1.603,1.739,847.217,215.946,34257.892,4.996,19.615,3.434,98.265,126.237,156.02,83.22,1.756
4.829,1.179,0.21,2.868,10.277,169.568,16.499,41861,4.095,0.905,1.003,2.758,33.518,86.092,1.144,1.087,19.689,2,378.054,227.316,402.694,3.762,1.915,2.303,841.226,374.3,35071.918,5.864,17.767,3.076,104.433,129.707,161.784,97.364,1.923
4.471,1.694,0.535,2.477,19.118,698.384,36.53,156129,2.639,0.732,0.683,2.78,29.619,187.406,0.784,1.599,35.344,1,356.98,243.783,367.385,3.013,1.54,1.555,1079.845,341.052,37972.682,7.767,27.266,8.066,111.817,131.31,172.85,80.633,3.71
4.093,1.23,0.428,2.94,8.387,100.217,11.95,181491,3.329,0.788,0.9,5.105,32.165,33.183,0.812,1.142,25.575,2,366.958,240.634,392.404,3.267,2.045,1.859,1193.666,436.918,38765.544,10.132,32.354,2.854,114.989,131.729,180.531,88.078,1.587
7.577,1.118,0.504,0.883,13.55,717.597,52.958,101752,6.78,1.2,0.749,10.839,35.266,272.576,1.547,0.931,40.417,5,431.171,181.055,453.191,6.692,3.24,3.254,973.758,374.378,36352.513,8.016,25.832,4.964,110.12,136.331,159.037,113.206,2.173
6.984,1.165,0.538,1.427,11.762,113.804,9.676,164988,5.993,1.059,1.069,3.266,32.365,76.995,1.337,1.051,16.419,4,413.68,186.756,446.653,6.084,2.954,3.048,1209.171,564.953,42337.291,9.125,31.81,5.252,117.095,134.529,182.984,109.24,1.959
7.79,1.002,0.388,1.23,15.981,630.468,39.451,41474,7.775,1.243,0.885,5.578,37.441,263.989,1.514,0.9,31.246,6,453.53,156.571,481.827,6.776,3.529,3.67,787.22,380.042,36612.911,6.066,17.574,4.827,108.946,141.335,159.868,121.265,3.005
2.746,1.719,0.377,0.825,18.076,353.184,19.539,51844,1.598,0.586,0.306,4.428,24.246,77.362,0.535,1.606,18.759,1,326.942,271.946,338.698,1.066,0.879,0.974,698.065,120.591,31834.512,5.102,17.295,4.83,93.812,125.986,145.079,71.114,3.231
6.385,1.732,0.64,1.333,12.325,616.752,50.043,184386,3.686,0.861,1.08,9.661,33.945,190.024,0.933,1.631,28.338,2,380.04,228.736,396.374,5.032,2.197,2.076,1252.712,552.297,41271.903,10.724,36.11,5.15,122.193,123.29,186.057,93.057,2.077
7.63,1.515,0.723,2.293,13.123,381.222,29.05,110975,5.037,1.044,0.807,1.551,31.428,145.931,1.32,1.439,25.07,3,394.022,203.548,424.907,6.331,2.454,2.61,1007.774,384.876,36370.824,6.934,21.538,4.538,108.113,131.912,162.954,100.4,2.12
3.087,1.161,0.316,1.308,19.783,149.636,7.564,177693,2.658,0.722,0.71,3.162,28.131,27.78,0.777,1.126,17.528,1,362.185,255.315,369.132,2.393,1.812,1.646,1106.942,347.431,40011.968,8.745,29.779,7.748,113.554,127.363,181.92,81.162,3.34
2.399,1.084,0.259,1.92,17.407,637.255,36.609,212978,2.214,0.7,0.413,3.317,27.332,163.162,0.771,0.996,36.896,1,343.696,254.017,358.604,1.712,1.719,1.132,1189.448,238.067,39620.215,9.256,30.704,6.745,107.569,126.164,171.21,75.415,2.978
6.447,1.019,0.739,2.753,18.766,149.877,7.986,217576,6.326,1.099,0.564,11.923,34.794,129.877,1.312,0.932,16.196,4,427.311,177.861,444.935,5.792,3.433,3.071,1249.9,375.189,40630.137,10.932,37.751,8.725,118.148,138.814,181.705,107.001,3.452
5.447,1.166,0.41,2.326,13.265,745.484,56.199,67876,4.672,0.928,0.569,7.279,31.76,261.826,1.11,1.112,34.213,3,386.513,213.871,409.421,4.469,2.255,2.358,830.702,248.453,33376.643,5.997,19.958,2.62,98.258,129.231,161.812,92.616,2.267
7.051,1.891,0.531,1.668,10.809,135.682,12.553,136982,3.729,0.901,1.422,2.529,34.546,103.515,1.106,1.774,12.807,2,379.576,223.773,395.104,5.356,2.172,2.191,1167.987,723.69,40110.571,9.527,30.8,3.838,121.293,123.702,191.979,99.053,1.939
2.839,1.242,0.416,1.619,12.942,435.528,33.651,191463,2.286,0.698,0.819,3.994,33.419,144.459,0.685,1.192,26.671,1,354.188,254.4,368.06,1.917,1.64,1.392,1183.444,396.583,40695.868,8.955,32.942,4.522,116.747,119.04,180.325,81.468,2.337
6.772,1.354,0.275,1.803,16.593,606.124,36.529,200275,5,0.979,0.35,2.846,27.479,193.06,1.164,1.261,27.045,3,387.803,206.646,413.463,5.756,2.709,2.581,1109.134,219.36,39764.404,8.1,29.016,6.991,113.395,137.632,168.212,91.229,3.13
3.21,1.105,0.554,1.189,9.313,375.273,40.295,202628,2.904,0.804,0.467,2.371,27.438,110.005,0.748,1.034,27.906,1,354.138,246.187,368.295,2.27,1.903,1.643,1171.175,270.391,40744.02,8.458,31.401,3.925,112.405,128.995,173.833,79.434,1.498
2.982,1.222,0.515,2.195,11.246,252.063,22.414,80196,2.439,0.703,0.395,9.769,25.853,73.947,0.667,1.132,20.241,1,349.839,254.047,360.833,1.965,1.357,1.428,796.695,185.671,33167.27,7.187,21.567,2.869,97.87,128.994,149.172,75.432,2.336
2.986,1.519,0.322,1.601,8.56,631.364,73.761,72357,1.965,0.659,1.007,6.453,26.397,166.995,0.631,1.421,26.215,1,341.365,257.002,359.743,1.686,1.298,1.402,910.741,404.556,34575.746,6.929,24.789,2.777,105.885,120.259,162.272,79.947,1.159
6.887,1.608,0.471,2.675,13.188,649.006,49.211,159802,4.284,0.932,0.524,7.943,29.839,211.786,0.98,1.525,25.644,2,384.437,217.041,397.765,5.673,2.331,2.25,1040.778,269.024,38020.959,8.734,31.705,4.936,108.307,134.707,169.531,89.363,2.293
5.991,1.245,0.678,2.464,17.929,745.886,41.601,193038,4.811,0.984,0.898,4.644,34.779,279.421,1.254,1.11,31.648,3,396.259,205.909,421.364,5.283,2.649,2.433,1222.986,489.691,42856.86,9.904,33.783,7.055,120.82,139.562,184.758,101.333,3.115
5.138,1.058,0.554,2.143,8.296,363.316,43.794,100210,4.858,0.987,0.744,7.091,31.634,132.61,1.086,0.942,25.748,3,388.829,207.473,414.59,4.402,2.444,2.491,903.572,319.085,36140.475,7.381,25.286,2.697,107.017,131.556,171.161,100.056,1.313
4.153,1.391,0.258,1.601,16.104,454.376,28.215,53035,2.986,0.765,1.265,3.833,31.569,124.863,0.885,1.302,27.683,1,370.257,240.902,386.58,2.841,1.61,1.798,895.693,464.652,36797.226,6.988,21.613,5.743,107.155,124.79,163.969,89.499,2.42
7.263,1.234,0.529,1.262,19.19,354.19,18.457,187684,5.885,1.095,0.685,4.388,30.437,185.902,1.337,1.181,23.741,3,407.725,191.196,435.52,6.493,3.099,2.818,1178.844,385.242,40343.132,9.525,32.831,8.7,119.518,134.746,181.163,102.101,3.676
4.355,1.22,0.622,2.508,10.843,279.957,25.819,95933,3.571,0.846,0.85,8.175,29.962,92.895,0.94,1.056,25.162,2,375.857,228.672,391.696,3.319,1.938,1.938,944.407,376.301,34539.344,7.919,26.3,4.011,100.572,128.061,158.485,90.167,2.092
6.9,1.96,0.676,1.87,16.324,625.723,38.332,66599,3.52,0.805,1.166,2.654,31.401,195.452,1.013,1.908,27.457,2,375.537,232.993,391.607,5.039,1.802,2,939.859,475.674,38558.779,6.817,21.721,5.499,108.731,126.724,168.421,96.29,3.003
4.635,1.616,0.577,1.294,19.701,337.756,17.144,62499,2.868,0.744,0.82,7.789,31.49,118.146,0.614,1.516,14.638,1,357.996,243.756,368.421,3.083,1.603,1.833,865.261,339.202,33831.541,7.48,23.549,6.429,102.113,126.886,161.697,89.221,3.376
4.262,1.557,0.292,1.229,19.547,399.705,20.448,99280,2.737,0.723,1.252,10.375,28.336,123.563,0.75,1.478,25.733,1,357.369,245.476,369.579,2.882,1.699,1.719,1033.003,590.258,39553.007,9.607,29.225,7.42,114.922,124.443,178.814,87.834,3.38
4.776,1.416,0.626,1.164,10.819,382.572,35.361,160389,3.373,0.857,1.094,2.325,31.749,128.546,0.851,1.338,28.862,2,372.98,238.433,384.373,3.707,1.956,1.99,1200.963,616.824,43908.793,9.592,30.722,3.986,122.547,130.78,184.39,87.193,1.847
3.808,1.429,0.606,2.51,9.204,598.863,65.066,108848,2.665,0.742,0.793,10.872,32.247,185.526,0.624,1.385,33.837,1,352.408,251.43,372.114,2.724,1.621,1.73,989.234,329.788,37130.638,8.239,27.034,2.73,105.81,128.575,165.221,80.192,1.585
6.486,1.541,0.215,1.304,9.779,742.457,75.921,34545,4.209,0.948,0.905,1.874,32.1,223.368,0.981,1.407,30.452,2,389.641,223.392,395.683,5.072,1.969,2.346,825.633,363.645,35286.243,5.228,16.442,3.143,104.297,134.869,158.029,91.755,1.892
5.016,1.696,0.447,1.959,16.424,566.729,34.505,51319,2.957,0.809,1.461,4.838,29.321,156.638,0.866,1.567,27.771,1,372.81,242.48,383.917,3.361,1.544,1.923,973.383,658.91,36907.945,8.109,22.673,5.261,113.992,123.442,177.272,94.06,2.814
3.393,1.702,0.4,1.793,16.709,430.108,25.741,93910,1.994,0.645,1.094,7.716,32.668,119.306,0.586,1.605,27.502,1,353.391,257.749,357.972,1.795,1.248,1.313,993.752,470.37,35801.315,8.292,26.106,5.299,109.487,117.67,167.313,82.277,2.803
7.397,1.172,0.602,2.075,16.091,645.444,40.112,175134,6.313,1.185,1.386,7.154,39.237,213.979,1.509,1.011,30.996,5,428.626,184.758,448.799,6.622,3.309,3.188,1294.812,830.09,45977.12,11.123,35.81,7.937,126.013,137.673,194.498,116.261,2.884
4.303,1.5,0.33,2.73,12.033,548.68,45.598,51673,2.869,0.748,0.515,2.06,30.771,180.895,0.781,1.459,29.024,1,355.164,248.194,366.098,2.979,1.391,1.641,758.197,171.868,30728.227,5.337,16.367,3.225,97.707,126.793,151.619,83.507,2.159
5.261,1.412,0.555,2.709,10.037,142.427,14.19,153344,3.726,0.841,0.88,9.788,28.129,73.359,0.916,1.307,16.777,2,374.684,226.049,389.341,4.254,2.246,2.197,1115.898,443.573,37163.904,9.677,30.694,3.888,114.625,130.979,180.604,94.9,1.881
7.439,1.871,0.748,1.792,14.969,166.965,11.154,56374,3.977,0.889,1.39,11.705,37.251,81.293,0.978,1.695,16.461,2,384.007,220.373,404.387,5.66,2.029,2.385,994.589,568.735,36337.924,9.453,25.732,4.609,111.701,120.518,170.93,101.209,2.93
5.745,1.631,0.679,0.834,13.804,126.542,9.167,76555,3.522,0.842,0.687,2.994,29.306,35.944,0.923,1.518,15.842,2,371.255,232.55,391.589,4.305,1.783,1.998,867.871,233.254,33627.762,6.389,21.626,3.969,98.188,128.34,141.034,89.368,2.383
2.701,1.533,0.753,1.738,16.746,419.771,25.067,67881,1.763,0.621,1.461,10.846,30.279,85.133,0.574,1.377,27.846,1,348.088,258.722,360.614,1.373,1.304,1.26,995.597,593.904,37687.408,9.567,27.635,5.664,104.568,114.178,158.254,81.925,3.157
7.639,1.115,0.787,2.134,13.296,678.097,50.999,44790,6.849,1.185,0.416,7.125,32.477,258.472,1.399,0.997,33.733,5,432.368,168.55,454.228,6.505,2.99,3.177,766.442,211.005,33698.042,5.544,15.779,3.114,102.795,143.779,159.867,106.922,2.409
5.766,1.606,0.206,2.027,12.064,319.158,26.456,177692,3.591,0.835,1.383,11.295,35.447,124.512,1.007,1.504,27.135,2,378.555,230.585,392.288,4.538,2.309,2.025,1292.3,760.594,42340.649,11.775,37.367,4.849,127.162,121.678,201.828,99.507,2.335
4.009,1.117,0.574,2.233,11.522,368.912,32.019,131948,3.589,0.873,0.834,2.937,31.455,94.48,0.916,0.994,26.277,2,367.328,227.787,382.731,3.228,1.868,2.035,1055.319,381.005,39305.983,8.123,25.787,5.13,108.008,129.46,168.61,89.033,2.295
2.836,1.337,0.448,1.139,10.538,736.634,69.905,212831,2.121,0.656,0.388,9.712,28.386,208.64,0.632,1.257,37.858,1,340.425,256.088,349.8,1.965,1.723,1.233,1210.926,230.738,37692.026,9.727,34.061,5.171,106.619,125.981,169.242,76.717,1.734
6.764,1.143,0.716,2.222,11.189,685.832,61.295,51755,5.919,1.058,1.355,1.658,36.267,245.789,1.321,0.996,35.831,4,426.314,190.454,442.882,5.718,2.75,3.136,961.903,566.025,36607.611,7.004,20.969,3.714,112.466,134.996,174.953,112.943,2.369
5.72,1.692,0.351,1.202,9.138,565.534,61.888,61841,3.381,0.834,0.602,10.715,30.224,172.168,0.94,1.606,31.751,2,360.65,231.075,381.459,4.361,1.77,1.756,828.196,268.822,33165.996,7.002,23.288,1.985,100.692,132.078,156.945,87.459,1.663
5.201,1.206,0.789,2.451,12.162,286.763,23.578,97420,4.312,0.973,0.327,8.416,29.087,120.638,1.036,1.131,22.699,2,383.831,217.384,398.781,4.344,2.116,2.239,883.097,201.813,34041.018,6.746,22.362,2.896,101.139,137.73,155.797,87.357,1.95
7.363,1.392,0.568,1.546,8.439,181.929,21.559,198490,5.29,1.07,0.463,5.073,36.322,111.981,1.323,1.312,29.858,3,398.293,201.003,420.04,6.369,2.877,2.623,1160.819,207.643,40066.641,8.955,30.714,3.203,117.044,138.492,185.616,99.114,1.277
6.732,1.896,0.676,2.362,10.237,111.241,10.867,97266,3.551,0.855,1.091,3.095,29.701,46.672,0.989,1.851,18.541,2,371.294,233.578,389.395,5.015,1.877,2.117,1031.85,515.731,36467.09,7.84,24.376,2.57,108.911,123.865,175.396,91.669,2.105
2.91,1.204,0.251,0.905,16.961,174.907,10.312,119852,2.416,0.691,1.473,9.982,33.009,62.142,0.729,1.094,13.216,1,359.81,255.266,368.065,2.001,1.514,1.638,1144.528,680.923,41291.615,11.301,32.592,6.568,118.657,115.433,180.06,90.056,3.272
3.87,1.508,0.31,1.697,11.906,304.818,25.603,96352,2.567,0.691,0.434,7.636,28.783,55.457,0.69,1.457,23.189,1,356.785,250.179,359.626,2.551,1.521,1.394,897.484,153.689,31632.289,7.018,23.105,2.729,98.045,128.375,152.869,78.115,2.349
3.491,1.419,0.655,2.351,16.019,486.253,30.355,47649,2.46,0.704,0.854,4.965,32.169,127.634,0.698,1.281,24.024,1,354.179,248.04,370.108,2.269,1.362,1.576,842.461,338.861,30810.958,5.931,19.258,4.676,99.369,118.617,149.254,84.854,2.75
6.464,1.018,0.213,1.299,16.603,144.8,8.722,236675,6.349,1.162,0.517,5.882,36.792,118.089,1.4,0.893,23.321,5,418.393,186.991,447.942,5.818,3.467,2.999,1310.99,301.631,44571.371,9.727,35.072,7.716,123.289,140.588,197.785,107.306,2.898
2.201,0.826,0.69,2.55,14.974,195.359,13.046,150678,2.663,0.724,1.194,10.092,31.191,57.564,0.664,0.713,21.958,1,354.698,248.028,375.049,1.657,1.748,1.511,1198.93,633.129,42142.99,11.236,33.014,6.19,122.985,122.601,191.311,84.441,2.344
5.419,1.069,0.208,2.188,19.504,226.756,11.626,203323,5.069,0.986,0.442,4.728,32.664,86.277,1.162,0.942,21.04,3,395.269,205.606,420.873,4.812,2.666,2.473,1161.744,250.805,39145.954,9.098,31.927,9.017,114.817,130.415,177.886,94.165,3.439
6.575,1.474,0.594,2.093,8.257,542.387,65.686,174838,4.46,0.991,0.588,1.986,35.777,201.095,1.206,1.355,26.861,2,380.824,217.698,408.861,5.53,2.388,2.202,1162.695,280.541,36963.41,7.985,26.867,3.257,111.702,134.812,168.584,92,1.503
7.261,1.561,0.419,1.578,16.864,531.053,31.491,143135,4.652,1.002,0.536,11.024,32.034,166.501,1.227,1.456,29.723,3,387.857,211.57,414.476,5.868,2.546,2.417,1010.653,278.884,36048.358,9.166,28.717,6.83,104.482,135.794,161.046,95.377,3.319
4.052,1.628,0.567,1.861,19.505,485.536,24.892,49729,2.489,0.72,0.963,5.261,28.356,132.9,0.718,1.517,25.094,1,354.173,250.667,368.659,2.447,1.292,1.542,852.43,377.447,34479.879,6.915,20.426,5.968,102.466,132.202,158.52,82.986,3.427
6.928,1.689,0.618,2.114,18.347,275.351,15.008,171401,4.102,0.878,1.348,4.832,33.163,111.229,1.086,1.643,24.761,2,377.88,219.401,407.249,5.448,2.31,2.261,1264.866,747.734,42454.463,10.354,35.082,9.129,123.39,125.606,186.958,97.712,3.195
2.664,1.253,0.405,1.839,10.015,359.784,35.926,64181,2.125,0.633,0.913,3.248,26.637,97.891,0.793,1.181,25.194,1,352.945,260.099,355.357,1.469,1.237,1.394,885.809,345.732,36067.747,6.136,21.893,2.227,103.02,125.177,160.285,78.109,1.833
7.079,1.01,0.265,2.336,11.922,167.683,14.065,121164,7.009,1.144,0.37,10.872,33.952,147.683,1.411,0.964,29.576,5,424.903,168.741,455.335,6.209,3.357,3.263,974.182,201.128,36842.055,7.622,26.409,3.524,106.02,143.149,160.897,109.955,2.305
2.765,1.723,0.242,1.754,10.069,258.522,25.674,168404,1.604,0.577,0.976,3.393,30.952,60.56,0.609,1.683,19.434,1,337.894,268.292,350.537,1.421,1.346,1.037,1179.895,471.53,38405.626,8.765,29.545,4.015,119.388,120.521,186.789,73.796,2.094
4.384,1.536,0.553,1.245,15.216,728.394,47.871,202090,2.855,0.731,1.257,8.003,31.559,211.074,0.6,1.408,32.224,1,366.089,242.226,377.442,3.271,2.02,1.673,1342.565,709.195,41791.017,11.618,37.389,7.951,126.292,125.196,191.808,92.177,2.561
6.784,1.836,0.512,1.271,16.546,785.784,47.49,180709,3.695,0.895,0.459,10.688,27.328,233.234,0.893,1.747,34.759,2,376.323,230.189,381.345,5.297,2.227,1.904,1108.281,252.796,39029.537,10.246,33.705,6.299,112.042,127.396,174.293,83.792,2.93
2.9,1.821,0.645,0.813,11.805,553.362,46.876,177737,1.592,0.596,0.387,1.384,28.741,147.221,0.579,1.745,27.884,1,329.358,267.348,331.297,1.436,1.234,0.995,1070.615,220.737,37479.661,7.313,26.794,4.083,103.482,124.42,159.623,69.895,2.141
3.376,1.843,0.506,1.462,14.474,741.776,51.249,62789,1.831,0.601,0.525,10.117,23.759,210.995,0.51,1.769,36.029,1,328.179,259.679,355.181,1.753,1.118,1.204,770.725,179.165,32168.773,7.013,21.484,4.208,89.905,124.947,140.558,71.786,2.536
6.334,1.485,0.453,2.448,16.291,549.919,33.756,106148,4.265,0.925,1.195,5.517,30.789,185.371,1.22,1.334,28.619,2,393.033,220.827,404.224,4.977,2.228,2.215,1098.349,595.202,41605.444,9.105,27.394,6.716,118.577,124.337,184.456,97.358,2.772
6.32,1.334,0.439,2.547,13.056,123.238,9.439,39440,4.739,1,1.01,8.238,33.688,93.257,1.208,1.2,25,3,390.406,206.755,413.636,4.911,2.204,2.514,858.539,404.335,35431.999,7.276,20.467,3.54,108.537,131.744,168.612,99.847,2.268
5.847,1.792,0.216,1.245,18.248,797.734,43.716,188284,3.264,0.848,0.949,5.096,32.48,250.565,0.999,1.697,37.084,1,369.669,246.105,388.096,4.489,2.085,1.984,1229.875,530.11,41131.621,10.79,32.122,7.511,118.86,128.241,181.275,88.956,3.013
6.164,1.451,0.401,2.91,17.259,169.267,9.808,239568,4.247,0.964,0.599,8.651,32.809,104.592,1.093,1.36,18.63,2,384.127,218.808,395.793,5.16,2.682,2.355,1311.699,346.647,42940.693,11.218,36.24,8.771,115.302,133.448,180.935,88.829,2.967
5.256,1.183,0.786,1.905,8.776,577.849,65.844,88104,4.442,0.906,0.699,3.797,31.539,192.508,0.969,1.091,27.848,2,373.927,216.915,408.224,4.168,2.157,2.26,963.105,310.614,37267.111,6.522,21.532,3.583,108.108,128.053,168.718,93.664,1.312
3.511,1.855,0.724,2.817,15.454,276.985,17.924,49293,1.893,0.599,1.459,1.241,34.539,85.549,0.551,1.747,24.442,1,342.199,260.743,366.435,1.799,1.192,1.521,950.373,602.389,37908.517,6.8,22.192,5.899,112.926,113.27,177.584,85.964,2.74
4.074,1.883,0.398,2.355,10.824,374.387,34.589,134625,2.164,0.679,0.589,11.426,28.632,105.472,0.709,1.831,24.161,1,342.999,258.589,363.132,2.303,1.53,1.255,1026.267,314.99,36192.938,9.948,28.96,4.358,104.549,124.373,161.949,78.15,1.852
3.09,1.466,0.553,2.389,14.69,552.154,37.587,218473,2.107,0.666,1.382,1.18,33.584,162.362,0.621,1.35,28.493,1,341.41,254.153,361.149,1.992,1.695,1.434,1394.162,804.894,46094.502,11.464,36.993,6.741,132.285,120.449,204.324,82.248,2.494
7.451,1.076,0.708,0.987,19.483,405.541,20.815,151434,6.926,1.141,0.997,10.065,37.251,201.712,1.482,0.986,24.907,5,429.289,172.188,464.292,6.487,3.528,3.309,1171.201,495.086,40939.781,9.708,34.299,7.97,119.679,136.633,181.443,114.487,3.48
5.5,1.388,0.465,1.284,18.549,275.382,14.846,40290,3.963,0.896,0.448,2.861,27.959,110.547,1.067,1.243,22.284,2,376.31,225.089,390.982,4.214,1.852,2.13,702.638,238.542,30083.014,5.401,18.196,4.031,94.302,134.095,143.525,84.011,2.831
4.405,1.804,0.211,0.819,12.854,334.112,25.992,244339,2.442,0.723,0.861,5.314,29.78,101.901,0.749,1.731,21.328,1,352.218,255.76,363.992,3.216,1.87,1.74,1356.198,523.33,42902.202,11.429,37.641,6.589,118.613,123.88,181.957,81.41,2.225
4.772,1.902,0.245,2.375,11.498,339.084,29.49,212302,2.509,0.693,1.438,10.047,36.313,102.19,0.576,1.803,27.333,1,360.76,252.604,377.656,3.249,1.992,1.77,1418.307,894.715,45274.591,12.965,41.181,5.436,133.344,115.916,210.53,88.963,2.065
7.684,1.203,0.506,1.558,10.813,771.527,71.353,58950,6.385,1.179,0.802,3.265,34.352,286.922,1.572,1.057,38.156,5,424.743,181.417,444.491,6.535,2.928,3.272,844.407,341.858,34445.596,6.205,20.248,2.34,100.407,137.732,150.653,110.578,2.117
2.92,1.067,0.782,2.531,14.39,659.029,45.797,232795,2.737,0.711,1.336,10.523,30.529,182.507,0.737,0.946,30.796,1,355.896,241.823,378.835,2.461,2.092,1.648,1414.591,837.981,44224.343,12.892,42.78,7.182,135.683,117.315,204.951,92.137,2.672
5.517,1.877,0.616,1.546,9.371,420.984,44.924,129151,2.939,0.793,0.608,6.475,30.291,125.109,1.065,1.804,25.129,1,353.838,241.713,371.167,3.949,1.733,1.68,1006.619,307.167,37318.043,8.051,27.226,3.864,111.424,116.823,172.425,80.821,1.923
5.035,1.389,0.243,2.603,14.591,239.875,16.44,111817,3.624,0.867,0.985,5.028,31.402,118.116,1.014,1.308,21.74,2,378.13,231.566,397.025,4.06,1.94,2.142,1022.044,472.607,37678.464,8.041,25.708,4.531,103.885,128.063,157.957,92.778,2.31
5.669,1.542,0.314,1.088,8.016,667.711,83.297,131431,3.677,0.847,1.313,8.287,31.826,216.767,0.928,1.369,32.064,2,385.406,229.192,401.902,4.403,2.122,2.176,1152.001,692.918,41618.143,10.046,33.415,3.17,124.233,123.866,191.031,97.799,1.613
2.109,1.106,0.663,1.181,11.886,210.028,17.67,213605,1.907,0.635,1.405,4.755,30.274,44.883,0.666,1.018,16.92,1,344.503,260.776,357.182,1.448,1.626,1.372,1359.244,828.406,44895.946,12.082,39.324,5.377,127.825,122.762,196.37,83.712,2.157
7.233,1.067,0.705,1.55,10.639,247.324,23.246,175085,6.781,1.205,0.883,4.82,38.855,147.221,1.322,0.921,17.301,5,431.93,173.387,459.342,6.632,3.371,3.387,1181.407,507.109,39786.607,9.339,32.191,4.895,122.63,141.84,187.553,114.611,1.781
7.593,1.648,0.571,1.699,19.655,356.209,18.123,43034,4.606,1.008,1.068,9.069,34.09,154.529,1.242,1.559,22.543,3,396.819,213.273,417.722,6.019,2.233,2.594,870.251,472.793,36867.372,7.58,23.045,4.963,102.242,133.595,155.424,100.328,3.527
5.391,1.074,0.587,1.567,16.727,716.244,42.82,240672,5.019,0.995,0.304,4.408,28.496,228.781,1.376,0.927,33.5,3,394.326,204.66,417.991,4.818,2.849,2.612,1245.687,198.543,40268.17,9.677,33.864,7.86,115.315,133.417,175.011,93.228,3.627
6.18,1.375,0.217,2.48,12.196,192.251,15.764,62512,4.493,0.972,0.604,3.208,29.051,73.07,0.95,1.347,18.479,2,385.917,218.624,396.201,4.736,2.127,2.241,834.365,257.641,33024.696,5.956,18.898,3.209,96.487,138.395,148.077,93.981,2.206
7.535,1.804,0.697,1.013,9.114,185.564,20.36,194024,4.177,0.929,0.634,9.884,36.101,67.509,1.033,1.678,22.814,2,378.973,219.959,403.071,6.258,2.437,2.245,1170.605,329.958,39714.729,10.918,34.504,3.654,113.485,133.364,170.053,88.694,1.638
6.243,1.433,0.673,1.573,14.202,445.782,31.39,169950,4.355,0.942,0.412,9.859,30.5,132.618,1.07,1.385,26.223,2,390.461,216.511,407.352,5.181,2.419,2.304,1069.711,214.021,37627.264,9.254,30.459,5.746,112.778,133.519,177.229,90.715,2.716
2.915,1.997,0.355,2.642,10.561,293.487,27.789,71256,1.46,0.565,0.636,6.473,28.191,48.332,0.603,1.924,27.218,1,333.015,271.381,340.763,1.052,1.014,0.978,824.181,248.621,35433.958,6.443,21.518,3.786,99.768,118.731,151.104,71.154,1.838
5.458,1.559,0.625,0.947,14.437,498.11,34.502,67561,3.501,0.8,0.685,6.793,28.8,139.001,1.056,1.443,25.969,2,371.421,235.536,389.039,4.106,1.757,2.011,833.872,258.3,33883.364,7.458,21.273,4.239,102.506,125.901,160.698,87.786,2.42
5.64,1.321,0.329,2.873,18.024,416.146,23.088,221472,4.269,0.91,1.463,8.657,35.406,169.124,1.073,1.198,26.464,2,392.768,216.908,416.587,4.668,2.719,2.371,1458.398,929.978,46436.869,11.865,40.47,8.838,132.199,124.56,202.271,101.623,3.481
4.545,1.22,0.224,2.97,15.39,404.471,26.282,122332,3.725,0.872,1.102,6.602,35.79,135.416,1.144,1.137,24.732,2,374.822,230.203,396.062,3.525,2.052,2.217,1065.637,532.411,40839.855,9.414,30.511,5.474,112.913,123.229,179.164,94.879,2.449
6.419,1.351,0.321,0.995,15.605,178.381,11.431,174006,4.753,0.949,0.811,5.587,31.334,90.41,1.124,1.196,21.577,3,393.865,212.9,417.552,5.46,2.623,2.445,1182.899,474.269,38130.936,9.35,31.253,7.044,111.928,132.148,173.65,100.387,2.793
7.606,1.373,0.307,1.441,14.492,198.735,13.713,140895,5.542,1.103,1.486,11.944,38.09,93.841,1.345,1.246,24.576,4,413.319,193.043,439.797,6.519,3.034,3,1260.289,803.389,43453.239,11.892,34.685,5.951,128.914,130.53,195.51,111.874,2.551
7.553,1.069,0.403,1.619,19.127,674.755,35.277,190017,7.068,1.214,0.484,2.624,31.692,263.053,1.536,0.952,35.55,5,430.698,173.707,461.089,6.9,3.362,3.43,1144.876,285.666,38803.742,8.354,29.477,7.829,121.89,145.295,198.921,112.282,3.262
4.705,1.37,0.451,2.508,19.183,720.118,37.54,135433,3.435,0.832,0.871,7.52,35.517,185.438,1.014,1.285,27.239,2,371.818,235.319,383.388,3.626,2.041,2.075,1078.838,408.803,38057.231,9.531,27.718,7.247,116.289,127.4,178.576,87.457,3.163
2.679,1.464,0.505,2.111,14.153,264.278,18.673,93223,1.83,0.628,1.076,10.744,30.378,60.268,0.584,1.371,22.618,1,340.041,265.891,353.868,1.452,1.367,1.333,992.671,489.933,36975.568,9.353,28.75,5.297,108.19,112.941,165.469,83.594,2.49
7.909,1.723,0.486,2.218,11.669,179.422,15.376,109944,4.591,0.959,0.367,8.559,30.155,124.767,1.176,1.614,17.291,2,381.485,216.833,412.949,6.301,2.323,2.308,907.861,194.541,34951.2,6.78,24.085,3.725,102.787,134.612,157.367,89.512,2.163
7.033,1.657,0.362,2.467,13.515,137.392,10.166,218997,4.245,0.933,1.16,10.69,33.237,86.246,0.965,1.502,18.236,2,390.031,221.922,403.712,5.917,2.672,2.326,1374.467,744.449,44957.742,11.941,39.281,6.285,129.101,124.179,201.698,96.135,2.607
2.748,1.427,0.218,1.06,10.239,525.808,51.355,132967,1.926,0.593,0.42,4.7,25.78,134.668,0.566,1.383,29.587,1,336.732,256.903,349.867,1.548,1.248,1.143,978.643,182.694,35601.702,7.122,24.297,3.255,103.362,122.056,154.401,72.967,1.676
7.525,1.008,0.563,2.633,15.636,600.747,38.42,76958,7.463,1.213,0.468,3.992,33.509,264.749,1.481,0.913,28.511,6,437.631,161.611,471.082,6.675,3.35,3.547,883.493,219.872,34669.674,6.016,18.08,4.574,107.445,138.862,167.083,111.97,2.644
7.219,1.218,0.437,2.352,14.001,360.967,25.781,235613,5.929,1.056,0.492,10.364,27.745,157.005,1.292,1.133,28.717,4,403.921,190.417,442.234,6.425,3.416,2.827,1293.745,324.203,43313.632,11.722,38.77,5.65,118.088,146.112,176.295,99.238,2.811
5.113,1.662,0.379,2.07,9.24,575.773,62.316,205252,3.077,0.804,1.415,5.335,33.115,160.667,0.842,1.554,28.552,1,373.385,238.319,391.322,3.839,1.987,1.888,1390.471,870.781,43406.795,11.374,37.686,4.75,128.149,121.453,198.336,91.259,1.527
5.548,1.484,0.72,2.757,10.372,599.071,57.76,42246,3.738,0.868,1.12,8.807,32.619,215.284,1.06,1.398,36.963,2,380.585,221.58,391.985,4.166,1.864,2.227,867.035,376.004,31970.247,6.709,24.421,3.252,104.785,129.958,166.923,87.418,1.767
4.394,1.005,0.648,2.341,13.756,754.74,54.868,249767,4.371,0.922,1.087,2.625,34.389,222.455,0.99,0.93,34.763,2,392.372,217.526,406.899,3.947,2.707,2.477,1417.439,661.917,45860.862,11.51,38.054,6.091,130.496,127.747,200.051,95.931,2.687
2.329,0.9,0.715,1.244,18.651,145.412,7.796,182883,2.588,0.722,0.967,9.314,29.479,42.792,0.617,0.747,23.638,1,357.797,243.954,366.454,1.867,1.903,1.46,1189.472,522.396,39625.004,10.855,35.04,7.562,120.189,123.007,189.843,83.394,2.999
4.011,1.773,0.497,1.745,14.797,234.604,15.855,65258,2.263,0.657,0.651,7.039,26.95,70.347,0.564,1.624,24.087,1,341.177,261.481,355.657,2.403,1.215,1.231,792.38,234.533,34060.713,6.666,21.818,3.966,97.241,122.605,144.046,81.634,2.404
6.817,1.548,0.279,1.887,16.178,147.968,9.146,82176,4.403,0.984,1.045,3.955,33.977,67.568,1.204,1.479,17.803,2,390.614,219.314,407.805,5.385,2.16,2.371,974.386,482.424,38280.023,6.897,24.07,5.225,107.924,128.386,164.796,99.785,3.159
2.028,1.066,0.618,0.921,12.068,707.596,58.632,182338,1.901,0.593,0.792,6.44,25.058,193.678,0.51,0.947,28.156,1,339.711,264.887,352.726,1.356,1.47,1.081,1166.542,434.928,39564.985,10.233,31.744,4.867,110.733,118.748,166.739,78.463,2.028
4.001,1.767,0.324,2.9,14.857,654.811,44.074,201547,2.265,0.702,0.474,8.666,28.609,170.483,0.749,1.659,31.519,1,341.662,256.736,352.116,2.657,1.665,1.268,1191.384,256.663,38430.967,9.605,31.249,6.142,107.625,128.761,174.451,80.879,2.553
4.389,1.584,0.465,1.083,13.369,502.249,37.569,82587,2.771,0.75,1.128,1.131,27.786,155.041,0.771,1.47,25.808,1,363.16,248.653,371.657,2.975,1.503,1.726,924.195,478.929,36601.28,7.055,25.098,4.771,108.885,123.24,167.14,84.345,2.283
5.224,1.782,0.239,2.334,15.91,158.564,9.967,86533,2.932,0.78,0.455,8.012,31.42,66.698,0.9,1.652,23.822,1,363.962,245.475,366.804,3.658,1.536,1.651,840.098,224.411,32385.739,6.975,21.529,4.676,101.041,135.063,154.011,80.853,2.786
7.519,1.752,0.695,1.914,8.607,291.319,33.847,97566,4.292,0.914,0.529,6.957,32.451,115.524,1.029,1.646,22.198,2,388.524,220.193,402.748,5.86,2.165,2.1,903.025,258.008,34502.272,7.312,25.755,3.017,103.454,132.306,159.323,95.463,1.442
4.078,1.803,0.276,0.856,13.92,308.404,22.156,161564,2.262,0.708,1.281,3.423,29.773,110.797,0.945,1.667,21.642,1,356.014,250.968,364.88,2.436,1.548,1.612,1244.707,675.329,41582.269,9.497,31.298,5.369,122.64,119.896,190.119,85.193,2.496
4.082,1.518,0.742,2.834,11.552,492.52,42.635,67799,2.689,0.722,1.092,9.283,32.352,131.945,0.914,1.41,23.013,1,359.2,248.33,371.296,2.795,1.546,1.609,926.284,445.52,35958.478,7.898,26.344,3.214,103.203,123.08,158.481,85.272,2.297
6.425,1.14,0.719,2.674,11.914,280.631,23.554,52933,5.634,1.078,1.057,4.338,35.384,159.342,1.264,1.02,24.584,3,411.128,194.839,433.275,5.38,2.569,2.875,902.75,439.244,35707.268,7.062,21.778,3.078,104.795,136.295,157.667,108.762,1.952
4.713,1.671,0.479,1.953,19.531,151.072,7.735,179350,2.82,0.793,0.802,4.045,28.706,71.319,0.805,1.565,15.426,1,355.167,244.941,365.254,3.434,1.815,1.768,1179.688,401.663,40817.88,9.399,31.537,7.866,116.007,127.84,185.208,83.251,3.373
3.348,1.62,0.647,1.304,10.192,611.534,59.999,201401,2.066,0.671,0.776,6.183,25.114,189.632,0.926,1.524,31.301,1,343.861,256.415,361.281,2.061,1.565,1.366,1233.623,452.073,40769.076,10.268,33.067,4.429,119.924,129.322,190.235,81.286,1.818
4.715,1.742,0.572,1.068,11.735,309.356,26.362,140204,2.706,0.743,1.128,8.438,32.061,96.613,0.698,1.645,24.446,1,363.626,245.82,371.918,3.354,1.813,1.667,1134.993,547.744,38958.541,10.432,30.912,5.496,118.584,133.574,185.138,89.145,2.393
2.845,1.17,0.682,1.599,14.119,416.662,29.511,110043,2.432,0.736,1.188,11.217,29.998,104.539,0.757,1.095,23.112,1,362.948,251.618,378.602,1.923,1.597,1.541,1105.977,575.072,38687.043,10.126,29.821,5.05,111.403,125.858,173.794,85.899,2.447
3.058,1.195,0.459,1.362,18.356,189.367,10.316,125049,2.559,0.734,0.912,2.555,32.652,90.109,0.769,1.148,22.542,1,351.924,253.902,370.343,2.099,1.547,1.62,1056.456,457.278,35993.265,7.621,26.152,7.212,117.113,126.238,182.387,85.823,3.097
4.99,1.89,0.671,1.915,13,661.784,50.906,115449,2.64,0.71,1.463,5.361,32.399,179.577,0.747,1.769,30.559,1,354.167,245.51,382.949,3.354,1.651,1.65,1141.684,715.147,38479.171,9.731,29.497,4.779,112.619,111.587,172.733,90.565,1.892
4.514,1.75,0.477,2.926,16.926,495.872,29.296,241196,2.579,0.716,1.447,1.737,30.979,126.585,0.611,1.69,22.847,1,358.771,244.649,378.079,3.107,1.955,1.646,1471.845,911.04,47832.916,12.009,38.764,8.732,133.664,125.441,204.919,90.682,2.851
7.489,1.908,0.765,2.065,18.276,731.11,40.003,198979,3.925,0.877,0.795,9.344,35.296,220.574,1.029,1.833,38.421,2,382.208,230.694,396.515,6.009,2.402,2.036,1227.782,449.05,40249.155,11.008,34.067,7.778,119.015,134.852,190.849,93.182,3.092
4.174,1.759,0.492,2.758,11.72,446.83,38.125,75779,2.374,0.682,1.285,5.925,32.481,109.424,0.627,1.616,23.13,1,363.86,255.357,365.244,2.686,1.46,1.631,1015.976,561.878,36343.74,7.857,24.478,3.706,109.781,126.334,172.661,86.253,1.833
5.484,1.597,0.478,2.232,12.713,758.998,59.702,114521,3.433,0.856,0.952,8.776,24.764,232.397,1.054,1.453,35.918,2,376.559,233.206,383.049,4.141,1.948,2.096,981.716,460.756,37111.65,8.582,28.502,3.945,112.721,131.236,169.398,93.477,2.274
5.794,1.654,0.671,1.846,12.279,724.308,58.989,149682,3.502,0.849,0.914,4.544,30.875,207.885,0.82,1.532,34.782,2,377.327,235.153,392.503,4.454,1.992,2.002,1122.307,437.72,38128.781,9.179,28.299,5.622,114,124.368,174.894,90.627,2.13
2.079,1.161,0.693,2.68,17.994,503.522,27.982,164856,1.79,0.574,0.366,10.287,23.587,121.986,0.567,1.144,28.053,1,332.482,265.037,344.833,1.222,1.411,1.055,1026.067,120.437,35509.172,9.04,28.563,6.196,98.775,120.439,155.052,72.501,3.513
5.981,1.579,0.533,1.837,8.532,753.725,88.339,133000,3.788,0.909,0.989,6.883,31.263,248.391,0.836,1.452,35.594,2,374.794,229.023,397.677,4.755,2.106,2.215,1104.469,511.555,37470.858,8.334,29.141,3.798,114.399,124.996,178.791,90.752,1.549
3.068,1.632,0.308,2.711,11.701,326.162,27.875,208227,1.88,0.604,1.381,11.38,30.486,92.91,0.425,1.472,19.661,1,342.344,262.273,361.178,1.951,1.709,1.377,1378.359,811.513,45269.213,12.412,37.964,5.984,127.586,117.408,199.871,83.436,2.266
7.766,1.156,0.481,1.441,16.153,355.95,22.036,198873,6.716,1.224,1.236,1.867,38.342,177.407,1.432,1.002,30.869,5,430.58,177.276,464.001,6.973,3.407,3.394,1382.564,740.463,45691.438,9.746,34.149,7.511,133.54,134.03,201.042,117.169,2.836
2.892,1.474,0.781,1.083,14.785,131.835,8.917,141134,1.962,0.659,1.244,6.657,31.405,36.177,0.601,1.312,20.8,1,351.41,261.704,356.202,1.729,1.51,1.464,1160.267,638.674,40796.995,10.329,31.238,6.003,121.481,123.256,189.576,85.395,2.448
4.488,1.716,0.652,2.682,13.235,512.441,38.717,217974,2.615,0.76,0.492,9.431,31.24,145.165,0.913,1.604,29.275,1,358.48,242.562,367.476,3.226,1.861,1.501,1212.849,287.654,39056.095,10.535,35.376,5.679,111.561,126.568,177.382,82.031,2.491
2.512,1.271,0.687,2.092,14.479,605.347,41.808,195239,1.977,0.652,0.73,7.602,30.022,150.719,0.648,1.172,25.744,1,344.262,259.602,351.453,1.664,1.638,1.177,1215.478,376.522,40052.351,10.193,33.714,6.403,119.416,122.426,179.074,75.476,2.359
7.981,1.202,0.22,2.756,10.371,641.463,61.852,201288,6.639,1.127,0.58,1.255,34.993,253.1,1.501,1.093,29.61,5,424.272,179.643,453.369,7.12,3.345,3.212,1239.452,370.969,39352.033,8.417,28.882,4.297,116.832,140.23,188.048,106.775,2.081
5.013,1.314,0.481,2.863,13.169,204.871,15.558,240408,3.816,0.882,0.679,11.696,31.702,93.597,0.957,1.247,22.622,2,371.207,228.27,394.964,4.272,2.547,2.162,1339.195,434.38,45185.292,11.658,38.788,5.419,120.124,129.111,187.512,87.399,2.2
5.572,1.242,0.588,0.918,14.02,410.911,29.308,88622,4.488,0.927,0.995,4.281,35.68,150.022,1.121,1.148,19.97,2,390.295,214.644,410.454,4.553,2.207,2.407,992.997,496.972,37576.628,7.75,24.528,4.523,108.445,126.216,168.528,99.351,2.642
2.402,1.215,0.698,1.902,18.814,223.804,11.895,88882,1.977,0.618,0.738,3.742,27.73,63.626,0.558,1.101,21.082,1,343.784,262.38,345.086,1.462,1.104,1.163,893.882,287.12,35944.816,6.951,22.528,6.469,95.503,115.374,144.223,80.522,3.44
6.5,1.425,0.23,1.625,11.13,563.489,50.628,225569,4.562,0.972,0.973,6.342,32.972,182.027,1.058,1.297,25.981,2,385.987,215.419,416.194,5.437,2.631,2.42,1356.434,592.147,43350.914,10.985,36.21,5.268,124.973,135.094,191.161,98.29,1.78
3.259,1.908,0.711,2.177,18.414,210.562,11.435,199889,1.708,0.561,0.826,6.964,24.228,40.049,0.399,1.832,16.905,1,342.7,263.548,352.52,1.667,1.612,1.235,1254.841,460.91,39185.89,10.956,34.497,7.877,119.526,116.541,183.754,76.99,3.532
7.388,1.507,0.529,2.546,15.731,732.915,46.591,233840,4.902,1.043,0.644,9.429,35.206,231.447,1.239,1.39,30.262,3,392.988,208.47,408.257,6.514,2.851,2.584,1319.541,385.212,41850.276,11.628,38.067,6.528,123.601,134.61,185.879,97.31,3.196
3.231,1.188,0.318,1.417,8.244,261.444,31.713,43888,2.72,0.773,0.414,5.326,28.782,74.596,0.836,1.101,22.367,1,356.546,247.963,360.635,2.222,1.404,1.566,705.626,159.98,30322.185,4.764,15.857,2.655,92.688,128.396,142.408,78.074,1.322
3.144,1.077,0.39,2.025,16.696,303.982,18.207,168106,2.919,0.76,1.37,5.84,38.465,114.584,0.876,0.91,25.987,1,366.208,240.17,388.765,2.338,1.859,1.79,1268.378,768.485,42718.643,10.598,32.018,7.308,125.005,113.586,190.19,89.436,2.833
2.219,1.575,0.369,2.359,8.427,695.634,82.552,61818,1.409,0.535,0.314,6.885,24.863,186.539,0.518,1.486,32.575,1,329.682,272.333,335.683,0.837,0.899,1.01,744.932,128.826,32617.683,5.497,20.318,2.741,93.267,124.686,147.296,70.745,1.521
4.832,1.383,0.519,1.096,19.969,420.927,21.079,140857,3.495,0.838,0.302,5.338,29.446,119.144,1.088,1.292,27.25,2,363.116,233.624,380.52,3.694,1.954,1.946,983.664,145.942,34402.702,7.376,25.207,7.216,99.765,138.356,142.451,83.395,3.759
5.389,1.822,0.231,2.591,18.472,116.797,6.323,64264,2.958,0.804,1.292,11.06,33.904,53.955,0.874,1.613,18.638,1,364.788,243.812,378.877,3.56,1.839,1.718,945.584,536.065,36141.159,8.499,26.056,6.511,113.325,127.607,174.665,90.116,3.531
2.394,1.308,0.295,2.133,11.568,446.21,38.572,58177,1.831,0.62,1.496,10.364,29.226,108.437,0.69,1.217,27.685,1,350.487,264.285,354.112,1.035,1.226,1.42,986.53,627.464,38798.069,8.993,26.385,4.824,111.557,115.138,169.042,91.781,1.966
6.653,1.796,0.688,2.889,11.089,159.18,14.355,32677,3.704,0.847,1.173,6.005,33.569,62.383,0.92,1.64,20.768,2,377.87,218.289,394.779,4.921,1.775,2.142,850.104,429.511,32939.703,7.187,20.825,3.36,102.837,130.243,159.408,94.992,1.988
4.72,1.272,0.28,1.547,12.577,789.741,62.791,168652,3.711,0.862,0.318,1.002,29.689,215.359,0.889,1.211,27.047,2,365.555,234.597,389.352,3.91,2.061,2.087,1042.682,167.984,36517.112,6.398,26.581,4.523,107.706,126.385,176.359,81.37,2.184
5.146,1.692,0.34,1.038,12.274,511.678,41.688,108984,3.041,0.779,0.572,10.91,29.031,167.488,0.897,1.625,30.627,1,360.903,245.246,373.702,3.794,1.729,1.707,954.359,294.47,35254.501,8.276,24.641,4.882,102.976,132.127,166.309,84.46,2.11
4.645,1.264,0.472,1.914,12.468,279.573,22.423,53141,3.674,0.902,1.466,2.368,37.036,82.937,0.993,1.117,25.002,2,382.342,226.072,400.871,3.588,1.861,2.272,970.739,680.333,38758.418,6.824,22.244,4.653,111.175,122.412,170.341,94.631,2.094
4.405,1.939,0.51,0.989,11.819,494.602,41.847,101024,2.271,0.656,1.27,3.69,29.148,134.035,0.739,1.866,25.903,1,359.082,253.005,372.28,2.734,1.417,1.521,1040.2,610.798,38541.948,8.678,28.028,3.951,109.655,123.396,169.223,87.076,1.817
5.358,1.636,0.658,2.933,15.454,153.807,9.953,67167,3.274,0.781,0.98,2.676,31.841,48.686,0.883,1.557,13.046,1,373.348,240.144,381.473,3.881,1.631,1.78,884.256,379.752,37099.001,6.656,21.955,5.304,103.768,125.727,157.49,90.56,2.925
2.931,1.325,0.468,0.885,9.971,659.924,66.183,237172,2.213,0.695,0.584,2.978,31.586,190.384,0.644,1.236,32.005,1,345.422,252.95,356.913,2.173,1.736,1.448,1280.821,348.8,39708.273,9.258,34.93,5.227,115.783,121.358,178.861,80.263,1.798
3.092,1.27,0.674,2.458,18.152,747.73,41.193,100401,2.435,0.73,0.317,9.832,26.617,195.93,0.841,1.186,34.594,1,344.817,252.21,361.4,1.862,1.466,1.485,830.017,84.974,31633.226,6.849,23.772,4.123,100.183,130.353,158.228,73.849,3.563
7.171,1.191,0.571,1.955,17.749,712.111,40.122,103469,6.021,1.145,0.325,7.375,32.449,254.409,1.31,1.119,33.062,5,410.717,185.576,432.633,6.266,2.906,2.916,862.643,153.972,34769.954,6.827,22.891,4.737,101.367,141.761,151.865,100.461,3.35
7.677,1.695,0.268,1.611,13.718,339.23,24.729,214768,4.53,0.959,1.034,11.517,38.334,132.546,1.156,1.584,24.876,2,389.789,217.548,412.784,6.322,2.836,2.466,1318.645,596.715,43402.237,11.366,38.25,5.926,124.778,131.443,199.672,98.984,2.358
4.24,1.219,0.294,0.945,18.233,328.038,17.992,172506,3.479,0.853,0.326,3.546,30.487,115.868,1.042,1.169,26.827,2,367.908,235.179,387.941,3.293,1.976,2.042,1039.335,219.097,36910.337,7.268,26.52,6.994,110.192,129.765,174.455,84.999,3.044
3.624,1.595,0.462,2.169,10.966,124.561,11.359,186237,2.272,0.683,1.492,6.342,31.148,37.935,0.668,1.409,25.037,1,359.986,254.557,366.53,2.457,1.721,1.503,1325.522,861.224,42497.66,11.252,37.376,5.482,131.451,113.854,207.233,89.68,2.303
5.864,1.265,0.438,2.087,8.211,555.98,67.713,169920,4.637,0.927,0.52,11.752,32.813,195.967,1.174,1.173,30.049,3,393.624,214.196,412.526,5.014,2.536,2.424,1103.809,274.823,40682.713,10.447,31.162,3.432,108.385,136.113,169.526,94.737,1.123
4.452,1.662,0.646,1.418,15.43,474.433,30.746,238163,2.679,0.744,1.153,10.091,30.398,127.666,0.815,1.509,27.837,1,358.102,245.13,372.208,3.218,2.102,1.578,1375.9,690.521,44527.724,12.626,41.177,7.869,124.523,122.817,189.396,90.025,2.675
2.152,1.237,0.548,2.802,13.495,421.542,31.237,75540,1.74,0.565,0.486,9.015,23.592,81.777,0.618,1.171,22.326,1,334.14,258.933,351.32,1.118,1.084,1.046,788.3,173.427,29533.617,7.151,21.923,3.169,96.137,125.346,153.061,72.571,2.349
2.937,1.778,0.433,1.469,14.806,735.342,49.665,247588,1.652,0.568,0.948,3.079,31.356,168.239,0.481,1.716,31.152,1,337.532,264.022,341.135,1.699,1.581,1.211,1383.924,584.265,43823.244,10.848,39.549,6.569,122.973,121.68,189.33,80.865,2.507
6.296,1.761,0.302,1.789,18.792,217.515,11.575,212810,3.575,0.888,0.397,9.463,28.033,95.25,0.997,1.726,20.58,2,360.597,230.079,383.68,4.936,2.316,1.965,1209.384,216.026,38384.441,10.492,33.631,8.581,111.695,136.288,166.373,84.612,3.2
5.954,1.188,0.336,1.996,19.639,106.766,5.436,159573,5.013,0.988,1.22,4.823,39.637,77.146,1.051,1.032,22.153,3,397.616,202.273,419.003,5.097,2.668,2.649,1219.583,673.301,43121.054,9.28,33.021,8.435,126.079,136.346,195.741,106.521,3.254
2.163,1.088,0.545,1.021,15.613,151.322,9.692,175721,1.987,0.662,1.002,6.836,28.976,29.089,0.798,0.98,20.889,1,345.646,260.981,352.932,1.592,1.521,1.476,1199.107,563.556,38566.088,9.912,33.61,7.157,116.286,122.648,175.607,79.941,2.635
3.332,1.699,0.454,2.851,17.169,256.36,14.932,172741,1.961,0.614,0.403,7.701,31.253,44.544,0.451,1.631,26.655,1,340.851,260.549,345.158,1.956,1.517,1.115,1057.532,203.497,37506.742,8.777,29.315,6.005,111.118,121.217,169.813,74.759,3.068
3.386,1.368,0.509,1.624,9.006,123.3,13.691,42847,2.475,0.695,1.318,7.703,28.873,20,0.694,1.231,13.391,1,359.695,252.443,369.198,2.084,1.428,1.578,865.213,495.517,33778.98,7.933,21.988,2.199,107.352,117.203,169.222,90.46,1.643
6.031,1.432,0.302,0.978,9.929,451.991,45.524,77963,4.211,0.935,0.956,8.992,35.1,149.073,0.99,1.349,23.07,2,382.237,223.348,399.362,4.767,2.198,2.34,948.009,411.664,35013.791,8.248,24.749,2.659,108.287,129.246,167.366,93.789,1.653
2.118,1.031,0.598,1.652,16.798,319.863,19.041,241523,2.054,0.662,1.406,8.279,32.565,97.12,0.719,0.92,25.95,1,349.072,260.511,361.778,1.556,1.82,1.366,1487.626,931.599,46864.312,13.251,42.797,9.147,138.951,119.453,215.224,88.14,2.876
2.625,1.129,0.712,2.12,13.176,226.338,17.178,147560,2.325,0.686,1.4,1.752,33.51,56.651,0.859,1.022,24.75,1,354.767,253.683,369.786,1.854,1.495,1.587,1228.62,749.9,41340.504,9.577,29.244,6.232,122.07,124.903,193.882,88.43,2.121
6.799,1.034,0.355,1.93,13.352,625.059,46.815,113237,6.578,1.198,1.405,6.031,39.933,251.698,1.518,0.9,32.519,5,430.925,175.82,455.443,6.11,3.194,3.48,1198.091,733.502,42158.034,9.465,30.169,5.87,121.132,134.148,178.73,121.978,2.395
3.071,1.879,0.495,2.328,11.703,243.116,20.773,197648,1.634,0.549,0.393,8.304,25.164,48.268,0.764,1.817,6.876,1,336.104,268.361,338.136,1.568,1.368,1.018,1096.911,220.64,34997.311,9.621,33.228,4.251,104.323,130.036,166.2,70.633,2.104
5.916,1.243,0.785,0.922,15.288,581.324,38.024,145394,4.758,1.023,0.445,4.256,29.44,210.267,1.074,1.119,28.395,3,384.869,208.733,420.189,4.895,2.486,2.407,986.659,202.508,35699.212,7.079,25.768,5.598,106.351,144.201,165.434,94.237,2.814
3.429,1.557,0.4,1.426,10.222,344.485,33.7,32895,2.202,0.647,1.485,4.444,31.609,89.534,0.555,1.444,24.208,1,349.889,263.737,367.582,2.096,1.239,1.466,921.828,591.865,37860.528,6.666,22.785,3.603,109.16,119.264,168.921,87.924,1.687
2.597,1.039,0.557,2.602,15.523,458.279,29.523,191972,2.499,0.739,0.885,2.37,30.851,109.506,0.696,0.919,23.714,1,352.644,250.581,358.334,1.951,1.687,1.337,1219.823,485.055,42654.527,8.886,31.795,5.615,120.567,127.601,186.728,84.442,2.585
3.459,1.667,0.254,0.976,10.086,753.707,74.731,191087,2.075,0.642,0.586,5.605,27.102,196.956,0.656,1.595,33.965,1,337.75,261.762,347.083,2.038,1.536,1.362,1132.731,281.008,38967.311,8.6,31.807,3.823,106.666,122.73,167.891,72.19,1.794
6.334,1.323,0.564,2.682,8.766,126.146,14.391,66332,4.787,1.017,1.224,11.855,35.658,106.146,1.098,1.223,24.919,3,390.804,209.037,420.905,5.292,2.462,2.629,960.313,484.462,38246.821,9.215,28.14,3.086,112.202,137.454,178.017,100.373,1.645
7.134,1.898,0.254,1.002,11.964,450.185,37.627,240465,3.759,0.887,0.617,4.139,31.777,176.7,0.93,1.767,31.083,2,367.859,230.455,390.505,5.807,2.345,2.034,1299.953,379.244,39624.758,10.641,33.653,5.998,124.45,129.137,191.952,90.055,1.958
6.981,1.888,0.776,2.636,10.774,698.096,64.796,79259,3.698,0.837,1.173,6.846,30.918,222.097,0.986,1.728,35.228,2,377.311,227.185,393.067,5.38,1.931,1.958,1014.643,474.237,37747.408,7.84,24.485,3.783,111.453,130.544,172.215,95.007,1.779
4.383,1.325,0.629,1.594,18.668,511.582,27.404,130704,3.307,0.853,1.305,9.176,34.24,153.481,0.83,1.206,28.007,2,375.101,234.13,397.19,3.434,2.108,2.078,1199.408,663.942,40822.144,10.752,32.972,7.911,123.469,121.01,193.812,89.801,3.076
6.009,1.901,0.673,2.147,8.659,293.809,33.929,55241,3.161,0.78,1.241,1.148,31.786,103.994,0.757,1.766,20.98,1,371.911,238.255,394.905,4.43,1.569,1.84,891.792,511.607,33845.131,6.717,22.37,2.669,103.801,126.022,152.5,90.751,1.287
3.23,1.996,0.622,1.136,10.119,378.377,37.391,162722,1.618,0.558,0.629,10.905,25.809,98.081,0.504,1.927,25.964,1,341.765,267.76,342.086,1.476,1.408,1.115,1047.906,306.775,34783.838,9.618,29.917,3.844,106.86,126.16,165.238,73.087,1.693
3.759,1.825,0.554,0.946,14.585,576.186,39.506,112599,2.059,0.666,0.782,5.252,30.695,150.44,0.645,1.75,29.145,1,345.292,257.245,358.177,2.095,1.354,1.327,962.08,335.325,36140.104,7.586,26.751,4.227,105.941,127.359,166.2,77.827,2.434
7.378,1.845,0.47,1.275,13.773,723.568,52.536,107698,3.999,0.864,0.796,10.56,30.003,231.372,1.062,1.68,33.726,2,380.889,226.761,401.226,5.709,2.101,2.019,964.729,330.356,35244.263,9.252,24.648,4.348,109.283,127.698,167.415,94.408,2.615
2.078,0.626,0.715,1.081,8.55,128.746,15.058,211934,3.321,0.797,0.89,1.428,30.212,61.344,0.802,0.547,13.754,2,367.669,236.648,387.956,1.834,2.058,1.982,1271.444,492.142,39716.83,8.707,33.68,2.689,118.457,125.723,180.413,91.433,1.518
2.513,1.48,0.774,1.487,8.087,150.077,18.558,32103,1.698,0.587,0.501,2.602,27.187,30.128,0.511,1.378,15.955,1,334.765,260.602,340.806,1.107,0.916,1.181,681.388,178.277,28819.11,4.872,15.284,1.708,91.155,129.744,140.681,68.421,1.694
3.247,1.067,0.499,1.932,19.857,327.536,16.495,205548,3.043,0.811,0.843,4.548,33.851,85.198,0.918,0.968,25.688,1,371.52,238.345,384.812,2.552,1.997,1.845,1250.704,467.877,41382.074,10.405,32.871,8.94,121.052,125.56,185.29,86.175,3.804
2.159,1.095,0.759,2.095,15.906,262.946,16.531,155718,1.972,0.61,0.913,4.8,29.353,60.811,0.672,0.99,17.709,1,345.671,259.777,354.065,1.281,1.364,1.306,1096.366,410.843,37116.454,8.796,28.981,5.708,112.214,119.1,172.95,79.987,2.839
3.089,1.999,0.55,2.538,12.385,285.452,23.048,246941,1.545,0.562,0.938,10.326,29.553,78.626,0.65,1.9,22.182,1,338.587,266.024,346.938,1.514,1.646,1.007,1360.994,533.879,41182.785,12.553,39.865,5.774,124.672,125.375,191.353,74.109,1.8
5.498,1.327,0.523,2.244,13.645,254.889,18.68,159677,4.144,0.935,1.284,1.123,33.766,104.653,1.098,1.251,23.352,2,382.859,218.078,406.594,4.467,2.279,2.406,1266.605,704.867,41840.997,9.899,30.376,6.244,124.446,127.542,199.137,101.924,2.497
4.529,1.748,0.473,2.139,11.199,237.078,21.17,42183,2.59,0.75,0.921,8.052,30.531,77.577,0.795,1.661,22.341,1,357.477,254.741,367.48,2.956,1.416,1.774,808.564,348.139,34178.486,6.404,22.931,4.53,98.666,124.924,148.374,84.925,2.217
7.356,1.807,0.326,1.706,12.138,191.437,15.771,41141,4.072,0.948,0.577,2.444,31.581,83.269,1.114,1.735,22.257,2,381.692,221.208,397.612,5.586,1.992,2.202,740.806,215.287,29176.014,4.736,17.088,3.106,96.218,141.167,152.478,92.126,2.294
6.905,1.858,0.202,1.842,15.789,753.768,47.741,224293,3.716,0.892,1.096,10.055,33.676,210.6,0.971,1.747,36.296,2,382.289,226.921,390.16,5.56,2.461,2.133,1342.21,617.772,43249.512,12.618,40.72,7.777,123.598,125.418,189.228,93.27,2.879
4.051,1.998,0.345,1.712,18.594,200.933,10.806,215067,2.028,0.651,1.257,9.564,30.242,48.776,0.63,1.914,17.754,1,351.59,258.388,351.81,2.378,1.781,1.303,1358.451,773.501,43651.735,12.507,38.879,8.747,121.75,116.538,190.015,82.718,3.26
3.557,1.241,0.506,2.653,10.21,243.083,23.809,106095,2.865,0.757,0.683,6.499,32.492,64.57,0.665,1.166,16.7,1,357.89,245.083,370.369,2.271,1.631,1.49,961.996,283.966,34453.895,7.611,24.803,3.616,104.872,127.949,165.14,82.113,1.582
4.278,1.04,0.428,1.306,18.084,272.386,15.062,165967,4.112,0.877,1.074,3.34,32.077,92.081,1.072,0.935,19.698,2,384.086,222.777,399.84,3.559,2.266,2.218,1215.608,590.25,40040.007,10.097,29.814,7.68,114.098,127.849,182.974,96.458,3.348
5.542,1.411,0.469,0.813,9.459,753.11,79.621,137710,3.927,0.91,0.476,7.979,27.416,252.992,1.04,1.353,36.659,2,375.161,231.223,394.3,4.357,2.212,2.216,1011.229,210.485,37476.017,7.746,26.564,3.137,105.299,130.39,164.785,87.354,1.649
3.608,1.13,0.788,2.233,10.58,629,59.452,242776,3.193,0.844,0.71,2.719,36.452,181.341,0.975,1.039,27.497,1,365.006,233.913,380.506,2.893,2.101,1.944,1312.593,483.166,43118.376,9.818,34.783,4.759,123.284,132.853,189.504,87.686,1.946
5.745,1.022,0.41,1.245,8.446,652.79,77.289,238991,5.619,1.092,1.391,3.09,36.013,228.808,1.078,0.948,29.566,3,420.121,196.287,440.362,5.121,3.166,2.976,1466.335,928.048,47459.378,10.927,39.735,4.958,136.871,131.691,212.413,116.357,1.361
4.456,1.36,0.471,2.758,9.69,173.331,17.888,246444,3.276,0.775,1.394,7.894,35.502,93.249,0.846,1.271,16.295,1,377.19,240.651,394.716,3.532,2.425,1.974,1515.805,894.968,46789.042,12.75,41.387,5.285,140.515,122.364,225.472,95.818,2.102
5.312,1.784,0.28,2.69,19.008,685.417,36.06,220618,2.978,0.776,0.99,11.904,34.087,206.595,0.765,1.648,26.703,1,366.523,242.175,377.38,3.891,2.134,1.667,1348.721,590.401,43226.077,12.144,38.318,8.374,124.897,125.349,194.244,83.837,3.439
4.617,1.566,0.229,0.969,13.513,385.735,28.545,230101,2.948,0.781,1.143,10.802,33.839,112.203,0.957,1.453,21.328,1,372.605,247.221,372.732,3.439,2.229,1.793,1387.423,667.563,44741.008,12.914,40.823,6.35,126.755,120.117,191.239,89.658,2.322
3.767,1.313,0.665,1.034,8.932,283.976,31.793,77801,2.869,0.777,1.325,7.524,32.224,97.826,0.877,1.21,25.207,1,354.271,237.534,378.129,2.501,1.672,1.744,1022.968,587.489,38178.17,9.096,26.283,2.752,114.328,119.435,175.675,88.608,1.341
7.691,1.654,0.542,1.889,19.517,503.025,25.774,212821,4.649,0.992,1.45,6.924,36.273,173.764,1.165,1.518,26.392,3,396.341,217.258,424.361,6.292,2.748,2.587,1400.392,898.273,46648.179,11.884,38.271,10.03,129.606,121.817,199.253,104.129,3.19
6.582,1.232,0.656,2.14,18.548,675.528,36.421,185948,5.342,1.046,0.888,11.982,31.556,224.114,1.207,1.133,27.826,3,404.992,201.574,420.645,5.545,2.998,2.74,1203.865,506.665,40464.171,11.247,34.608,7.436,123.85,138.837,194.887,102.978,3.436
2.841,1.014,0.29,1.405,17.056,645.057,37.819,241813,2.8,0.732,0.974,7.021,34.662,188.465,0.811,0.941,29.52,1,357.457,245.231,372.919,2.507,2.032,1.645,1352.916,548.057,39229.315,12.383,38.065,8.507,123.819,124.182,187.032,85.771,2.924
7.211,1.764,0.543,2.377,19.202,722.998,37.653,155677,4.087,0.95,0.799,5.621,30.891,219.098,0.997,1.616,35.406,2,377.834,224.58,401.8,5.753,2.327,2.319,1125.853,392.24,38801.396,8.851,30.148,8.055,117.778,136.088,180.525,91.124,3.342
4.925,1.624,0.352,2.109,10.642,749.693,70.45,48736,3.033,0.799,0.386,11.005,28.627,217.715,0.851,1.583,28.446,1,351.587,246.531,381.968,3.52,1.633,1.848,723.746,168.961,31556.087,6.613,20.074,2.768,93.593,129.081,145.924,81.91,1.795
7.367,1.762,0.337,1.515,18.036,266.685,14.786,161427,4.181,0.896,0.807,3.576,32.178,123.459,0.977,1.643,25.111,2,382.077,218.19,406.492,5.914,2.309,2.222,1122.922,445.228,38901.627,9.089,28.227,7.361,116.531,135.01,179.502,89.964,3.004
6.799,1.039,0.207,0.856,16.28,396.701,24.368,181047,6.544,1.131,1.249,2.073,36.349,198.296,1.577,0.881,22.117,5,433.861,178.747,459.49,6.111,3.409,3.42,1283.895,693.62,44032.479,9.532,32.004,7.065,126.11,127.465,195.835,116.568,2.835
4.551,1.837,0.278,2.45,18.437,110.24,5.979,78470,2.477,0.738,1.266,7.975,30.608,28.799,0.884,1.709,16.522,1,360.348,257.219,371.776,2.896,1.506,1.512,1040.789,603.106,37997.41,8.228,25.099,7.141,107.626,125.907,167.41,85.728,3.292
2.135,0.917,0.386,1.272,17.563,715.525,40.741,116704,2.327,0.713,1.371,2.054,34.829,198.176,0.817,0.83,31.516,1,352.593,255.225,360.062,1.502,1.522,1.553,1115.966,636.595,39769.51,9.245,27.26,6.24,113.75,120.115,177.17,88.299,2.919
3.612,1.563,0.27,2.636,12.158,208.201,17.125,161670,2.31,0.678,0.362,5.105,29.478,43.288,0.576,1.487,18.231,1,346.086,257.56,350.971,2.272,1.677,1.244,1050.677,175.914,36494.197,8.101,27.141,4.24,98.895,121.889,149.58,72.825,2.244
5.25,1.625,0.792,1.725,17.293,703.032,40.655,112303,3.231,0.772,0.933,5.659,31.633,210.778,0.913,1.506,32.468,1,372.922,235.713,384.886,3.819,1.95,1.814,1012.986,395.167,39212.56,7.653,25.371,5.977,108.372,114.397,171.166,89.274,2.84
5.801,1.864,0.385,2.07,11.149,330.571,29.649,112488,3.111,0.758,0.429,7.023,28.012,109.322,0.838,1.774,25.632,1,354.213,243.589,374.241,4.186,1.73,1.754,894.789,177.573,34769.269,6.807,26.045,3.985,98.552,131.313,150.614,84.681,1.906
3.547,1.587,0.278,2.72,11.943,357.694,29.95,59279,2.235,0.658,0.541,11.908,30.191,103.836,0.77,1.459,23.453,1,345.009,259.077,356.823,1.924,1.33,1.43,802.806,253.148,32857.71,7.174,22.563,4.208,97.784,129.379,151.519,75.949,2.206
2.836,1.581,0.319,2.7,9.295,127.393,13.706,236964,1.794,0.611,1.38,3.431,29.918,25.733,0.624,1.452,15.81,1,347.24,265.472,356.166,1.833,1.593,1.241,1469.587,871.928,46391.752,12.487,39.12,4.553,127.506,117.521,192.786,82.887,1.629
7.01,1.991,0.553,1.617,19.221,328.815,17.107,195108,3.521,0.852,0.896,5.133,34.944,143.413,0.94,1.85,24.999,2,372.383,225.892,388.2,5.494,2.218,2.026,1244.067,491.001,39548.28,10.44,33.332,8.321,126.344,130.789,195.993,91.267,3.105
7.906,1.757,0.238,1.26,11.492,721.855,62.813,30273,4.501,0.967,1.21,2.455,34.673,221.378,1.132,1.623,34.538,2,396.517,219.001,413.949,6.042,2.093,2.569,881.742,467.936,37311.333,6.549,17.699,2.956,104.022,131.127,161.995,101.45,1.475
5.154,1.442,0.717,2.505,14.247,117.883,8.274,198434,3.574,0.869,0.377,7.684,32.399,73.609,0.817,1.378,16.415,2,362.106,232.124,378.922,4.038,2.147,2.014,1191.171,211.666,40401.936,9.22,30.381,5.898,108.31,133.279,168.026,81.779,2.667
3.03,1.707,0.777,1.753,12.696,384.429,30.28,192754,1.775,0.571,0.8,9.004,27.821,81.118,0.496,1.646,24.02,1,335.923,258.122,347.729,1.717,1.579,1.185,1185.347,398.132,39598.403,10.597,35.524,5.818,109.942,124.555,167.288,79.24,2.399
3.634,1.389,0.348,1.222,19.519,121.98,6.249,32140,2.616,0.699,1.109,6.303,30.968,50.081,0.765,1.327,15.589,1,360.902,246.618,365.879,2.376,1.357,1.557,835.372,417.017,33953.811,6.444,22.019,4.809,102.238,116.189,162.981,88.237,3.568
2.11,0.926,0.47,2.79,12.021,359.646,29.919,111312,2.28,0.67,0.46,3.704,30.33,108.075,0.777,0.885,21.074,1,338.831,256.754,353.201,1.529,1.331,1.295,894.907,195.562,34234.594,6.382,20.23,3.774,98.713,126.811,155.338,79.045,2.104
7.486,1.597,0.213,1.236,17.343,220.848,12.734,163484,4.688,0.941,0.691,7.83,36.44,106.328,1.053,1.478,23.701,3,394.538,214.496,416.208,6.165,2.586,2.356,1097.523,340.003,37998.244,8.888,30.853,7.021,113.02,135.424,174.626,97.198,3.051
2.707,1.928,0.584,0.857,18.265,276.553,15.141,129605,1.404,0.511,0.377,6.931,28.757,53.245,0.472,1.873,22.297,1,330.84,264.134,334.687,1.225,1.076,0.914,907.32,148.075,34181.005,7.16,26.43,5.829,99.693,120.511,153.933,73.131,3.255
5.459,1.929,0.448,0.845,13.227,714.319,54.003,201156,2.83,0.768,1.082,2.883,33.293,203.734,0.688,1.823,35.24,1,364.72,243.011,377.618,3.928,1.907,1.657,1329.1,635.216,41975.294,9.877,33.549,6.058,125.768,125.4,191.987,84.043,2.466
3.644,1.342,0.362,2.169,12.538,405.234,32.32,123600,2.716,0.765,1.465,5.463,34.218,123.046,0.923,1.158,27.096,1,361.658,249.161,377.789,2.532,1.802,1.804,1127.801,702.509,38425.77,9.696,31.892,5.387,116.873,116.52,178.663,94.639,2.186
5.325,1.528,0.324,2.256,16.973,291.659,17.184,63849,3.486,0.861,1.292,5.787,32.492,129.084,1.037,1.371,20.075,2,377.707,236.694,390.656,3.97,1.797,2.074,974.96,553.383,36099.924,8.069,24.873,5.387,111.322,125.804,178.376,94.13,3.091
5.909,1.212,0.592,1.484,18.955,512.537,27.04,244811,4.876,1.025,1.47,11.809,36.771,170.882,1.245,1.066,31.918,3,397.783,205.731,420.883,5.211,3.072,2.704,1503.781,952.752,48323.764,14.859,44.615,9.587,140.698,126.117,216.649,105.682,3.631
6.978,1.996,0.45,1.504,17.059,199.475,11.693,83248,3.497,0.855,1.315,10.342,31.698,70.228,0.975,1.869,19.516,2,374.433,233.016,391.107,5.17,1.932,1.912,1059.113,559.615,38760.49,9.297,27.79,5.401,110.638,123.077,182.545,93.826,2.838
3.239,1.773,0.308,1.547,10.726,281.574,26.253,187892,1.827,0.623,1.326,9.078,31.527,75.482,0.737,1.685,24.317,1,346.288,262.02,356.834,2.001,1.541,1.316,1299.759,767.28,42737.101,12.045,37.045,5.042,132.182,120.352,200.244,84.72,1.854
2.066,1.224,0.613,2.296,18.66,482.374,25.851,61494,1.687,0.571,0.993,10.777,29.705,115.002,0.489,1.153,25.969,1,336.703,268.692,351.353,0.984,1.136,1.132,867.551,335.855,32368.001,8.118,23.892,5.776,109.124,112.149,170.618,80.323,3.157
2.821,1.804,0.539,0.928,12.651,266.266,21.047,102382,1.564,0.59,0.922,9.09,24.851,60.367,0.492,1.667,21.958,1,338.236,268.067,345.951,1.143,1.314,1.3,1006.307,366.099,36641.788,9.049,27.133,4.169,105.74,115.975,164.802,76.075,2.171
7.4,1.715,0.715,2.844,14.915,575.389,38.579,127246,4.315,0.905,0.788,10.937,32.089,207.354,1.125,1.627,31.035,2,380.962,214.611,406.971,5.872,2.405,2.183,1051.383,401.81,36311.993,8.854,29.352,5.042,106.986,133.753,165.973,95.2,2.641
7.243,1.593,0.27,1.29,17.977,444.044,24.7,72291,4.547,0.932,1.282,1.6,35.142,118.25,1.16,1.473,29.269,2,395.729,212.53,409.324,5.913,2.236,2.458,1001.404,543.988,38751.371,6.949,22.482,6.277,109.997,127.083,164.128,107.734,3.022
5.584,1.053,0.671,2.999,10.261,640.392,62.412,128991,5.302,1.014,0.518,6.017,32.078,219.92,1.111,0.97,27.163,3,407.582,195.399,426.325,4.844,2.634,2.69,1002.213,201.831,34754.147,7.91,23.481,3.647,107.684,133.342,161.425,96.994,1.507
5.603,1.455,0.604,1.177,17.414,763.771,43.859,64575,3.852,0.925,0.367,9.216,31.287,204.714,0.991,1.398,30.066,2,367.976,231.274,384.631,4.153,1.897,1.984,745.497,180.872,30414.319,6.593,19.969,3.945,97.384,136.616,151.728,85.582,2.862
5.99,1.675,0.269,2.497,15.154,181.063,11.948,152981,3.577,0.893,1.437,7.416,31.778,57.502,1.12,1.542,22.112,2,378.665,232.947,399.871,4.493,2.099,2.29,1262.983,777.802,42190.255,11.09,32.713,5.726,119.417,120.849,181,100.126,2.773
3.052,1.678,0.617,1.292,18.72,334.266,17.856,176016,1.819,0.625,0.305,2.927,25.165,119.065,0.647,1.653,23.925,1,329.324,261.116,345.692,1.729,1.426,1.285,1043.357,185.689,36661.067,8.169,25.865,5.973,101.264,121.752,161.796,68.24,3.227
7.486,1.373,0.465,0.978,10.064,323.684,32.164,43735,5.452,1.064,1.472,4.745,38.73,156.857,1.329,1.202,22.022,3,409.529,197.502,430.133,6.25,2.573,2.85,967.419,612.545,38054.344,6.924,22.215,2.681,114.945,129.32,177.269,111.322,1.724
4.513,1.942,0.767,2.725,13.048,205.828,15.774,221649,2.324,0.687,1.175,4.496,30.948,73.93,0.614,1.811,20.988,1,356.387,250.14,368.173,2.96,1.812,1.459,1379.97,663.769,44499.214,10.765,37.846,5.699,121.777,120.671,189.774,80.533,2.323
4.299,1.167,0.285,2.689,17.994,667.212,37.079,70730,3.683,0.904,0.694,3.875,32.307,201.443,1.055,1.08,28.073,2,371.505,231.114,393.327,3.139,1.837,2.219,832.812,266.423,34794.26,6.381,19.164,5.203,100.942,128.601,156.299,86.349,3.4
5.114,1.5,0.586,1.688,8.231,631.915,76.775,79579,3.408,0.847,1.137,4.774,31.621,206.223,0.816,1.376,40.979,2,375.691,234.072,393.66,3.682,1.915,2.102,985.745,470.337,39308.043,8.009,23.248,2.882,111.48,125.256,172.521,90.126,1.391
2.282,1.413,0.429,2.345,9.346,439.098,46.98,175496,1.615,0.597,1.281,6.663,30.332,83.389,0.416,1.322,29.301,1,343.304,267.545,347.828,1.351,1.441,1.184,1255.419,706.689,42167.057,11.119,35.189,4.023,120.807,122.999,193.334,79.928,1.693
2.998,1.697,0.774,2.026,19.887,476.44,23.958,133125,1.766,0.587,0.594,10.404,22.819,134.072,0.632,1.686,28.126,1,337.48,258.226,346.71,1.607,1.324,1.171,963.953,278.115,33491.254,9.986,27.464,6.889,101.517,122.713,161.689,72.003,3.335
6.428,1.649,0.398,2.677,11.365,141.681,12.467,139867,3.899,0.874,1.225,9.162,35.078,59.176,1.099,1.542,19.264,2,378.317,229.31,403.259,5.139,2.354,2.086,1160.641,651.012,42178.66,10.009,30.934,4.817,119.582,121.813,185.97,97.397,1.977
2.497,1.275,0.777,1.493,19.707,488.855,24.807,58194,1.958,0.652,1.265,10.188,34.501,117.206,0.629,1.179,24.973,1,350.635,256.882,361.2,1.431,1.256,1.545,930.817,509.667,37939.469,8.807,26.222,6.585,109.102,119.535,171.808,86.687,3.314
5.619,1.156,0.741,1.952,10.19,653.939,64.172,207261,4.86,0.957,0.599,10.72,29.754,232.164,1.08,1.03,28.247,3,394.685,204.621,415.744,4.827,2.714,2.485,1231.473,377.944,40490.612,10.81,34.943,4.437,114.382,125.447,181.985,100.287,1.788
3.472,1.636,0.362,1.868,12.333,501.679,40.677,165751,2.122,0.685,0.35,5.578,25.738,138.471,0.829,1.516,26.94,1,335.594,256.788,349.19,2.138,1.396,1.332,984.497,145.626,36687.146,8.295,27.595,3.721,105.447,134.19,161.051,72.002,2.235
4.336,1.599,0.682,1.579,17.034,285.714,16.773,59784,2.711,0.741,0.545,4.806,29.959,88.013,0.767,1.516,19.53,1,350.39,242.587,370.134,2.843,1.392,1.491,789.536,210.012,32381.079,5.865,18.589,4.04,96.855,123.139,143.905,81.974,3.003
3.732,1.179,0.797,2.761,15.893,567.284,35.693,112279,3.165,0.835,0.541,1.634,33.127,147.691,0.897,1.123,27.116,1,351.294,237.462,380.085,2.811,1.707,1.698,923.196,235.436,32622.554,6.111,22.508,4.854,104.781,131.539,164.622,86.058,2.76
4.134,1.705,0.352,1.165,14.973,353.042,23.578,208290,2.424,0.689,0.378,11.235,27.78,100.935,0.85,1.625,19.333,1,341.961,256.232,357.26,2.933,1.85,1.435,1173.988,259.964,37798.039,10.58,34.757,6.72,110.864,128.3,176.822,76.753,2.738
6.314,1.455,0.462,1.129,14.359,481.411,33.527,155038,4.339,0.958,1.171,1.724,31.718,181.896,1.066,1.344,28.615,2,388.564,216.029,406.383,5.319,2.321,2.553,1199.193,653.604,40793.763,9.017,29.634,7.199,121.568,126.236,181.572,100.846,2.469
3.783,1.668,0.512,2.069,18.121,441.296,24.352,53902,2.268,0.677,0.756,9.152,28.725,110.816,0.64,1.626,24.608,1,344.163,249.547,356.059,2.288,1.286,1.36,801.167,278.86,31976.061,7.102,20.008,5.36,97.727,129.447,149.051,80.869,3.156
5.398,1.837,0.377,2.246,10.819,366.823,33.904,112010,2.938,0.781,1.361,5.159,30.759,133.402,0.901,1.762,25.9,1,363.172,241.017,386.433,3.851,1.712,1.742,1106.426,664.878,38842.587,9.592,28.868,4.369,116.42,130.774,179.486,92.819,1.696
4.856,1.17,0.209,1.228,13.31,603.215,45.322,83392,4.152,0.917,0.603,11.437,30.08,183.241,0.986,1.085,32.121,2,386.318,222.252,402.37,4.007,2.21,2.228,877.779,292.656,32944.044,8.9,23.927,4.623,104.031,129.706,157.318,89.82,2.479
5.982,1.019,0.332,1.66,9.865,718.713,72.852,143842,5.87,1.141,0.844,5.616,34.461,260.358,1.355,0.899,35.221,4,418.208,187.995,439.179,5.234,3.029,3.136,1125.04,419.898,41215.714,7.976,29.393,4.641,115.858,140.329,179.002,102.226,1.742
7.621,1.779,0.369,2.882,15.151,103.649,6.841,215539,4.284,0.949,1.067,9.983,31.8,83.649,0.977,1.615,26.367,2,384.994,218.146,406.245,6.368,2.736,2.305,1327.344,577.133,41274.651,12.567,37.396,6.578,128.064,125.992,194.045,97.09,2.599
6.395,1.61,0.466,1.343,11.007,753.532,68.462,125978,3.973,0.875,1.353,4.109,32.352,223.946,1.005,1.467,36.808,2,388.219,223.101,396.57,5.084,2.209,2.226,1145.998,657.626,40008.465,9.493,28.991,5.866,121.525,130.702,187.087,97.513,1.733
3.29,1.7,0.303,2.27,12.006,458.061,38.152,125335,1.935,0.652,0.93,4.29,29.688,134.887,0.653,1.602,22.277,1,348.994,262.693,353.398,1.89,1.419,1.368,1073.927,431.718,38414.871,7.904,25.306,5.307,106.773,127.174,168.296,79.147,2.601
2.187,1.398,0.724,2.428,13.655,590.512,43.245,229177,1.565,0.551,0.748,7.551,28.038,175.896,0.603,1.298,30.344,1,338.118,261.682,338.633,1.23,1.482,1.144,1282.16,456.241,40071.865,10.916,37.296,5.445,116.629,124.59,172.496,76.853,1.832
3.574,1.803,0.623,1.786,8.321,698.937,83.994,156760,1.982,0.625,1.34,11.978,28.019,189.579,0.693,1.707,31.813,1,350.28,261.077,360.33,1.973,1.614,1.35,1228.693,739.508,42175.856,12.058,36.766,3.079,120.285,111.414,182.238,87.832,1.306
5.57,1.961,0.251,2.863,9.103,426.973,46.903,154562,2.841,0.728,0.672,6.693,30.221,121.007,0.821,1.933,21.563,1,362.25,251.841,375.305,3.946,1.728,1.713,1049.691,320.788,36366.247,8.838,28.468,4.753,109.658,124.3,175.573,83.254,1.522
2.309,1.536,0.59,2.421,16.231,684.482,42.171,87620,1.503,0.574,0.395,11.299,25.702,156.91,0.576,1.52,27.142,1,334.086,272.512,333.889,0.976,1.11,1.041,782.44,161.654,31762.005,7.445,23.148,4.963,95.803,121.936,145.197,67.897,3.094
4.978,1.488,0.592,1.807,13.148,224.334,17.063,163699,3.344,0.805,0.834,9.649,32.441,102.412,0.878,1.398,22.189,2,363.688,233.31,384.541,3.771,2.088,1.886,1119.365,402.58,37390.303,9.826,31.269,4.852,114.857,125.105,167.634,87.641,2.279
5.581,1.402,0.774,2.053,18.377,211.417,11.504,156700,3.981,0.876,1.242,9.755,35.044,109.39,1.041,1.305,22.883,2,383.325,224.156,406.481,4.485,2.235,2.303,1200.801,709.324,39234.722,10.665,33.232,7.763,121.803,131.664,189.479,96.228,3.307
4.005,1.154,0.202,2.324,16.336,560.23,34.294,117307,3.472,0.874,0.337,5.796,28.743,193.435,0.871,1.048,26.362,2,363.655,237.543,381.306,3.016,1.924,1.949,925.808,191.922,34026.476,6.464,23.881,5.67,99.321,126.272,153.648,83.594,2.842
6.625,1.573,0.349,2.103,8.097,709.1,87.573,247953,4.213,0.952,1.003,5.252,34.663,229.753,0.893,1.5,36.446,2,390.475,221.244,402.628,5.479,2.671,2.238,1445.045,643.43,43153.261,11.458,38.193,4.54,132.403,132.091,205.817,95.595,1.796
2.64,1.179,0.757,2.733,15.401,724.698,47.057,224016,2.238,0.649,1.013,3.111,28.169,208.092,0.756,1.04,33.569,1,348.103,254.186,361.447,1.87,1.708,1.539,1300.623,574.436,41891.354,10.567,36.117,7.695,123.954,124.343,192.358,84.635,2.821
2.451,1.906,0.759,1.585,9.125,550.618,60.344,194908,1.286,0.524,1.414,11.603,32.592,133.116,0.536,1.835,31.449,1,334.276,272.833,349.085,0.828,1.457,1.099,1327.495,824.389,42140.977,12.903,39.234,4.361,124.797,111.596,198.527,79.275,1.47
6.369,1.583,0.632,1.46,17.371,467.842,26.932,148216,4.023,0.94,0.644,11.553,30.255,144.168,1.048,1.497,30.724,2,382.958,225.178,397.281,5.036,2.23,2.292,1076.979,322.657,36465.826,9.327,31.152,6.688,109.483,135.065,166.886,95.253,3.248
4.973,1.593,0.659,1.27,19.898,331.975,16.684,131653,3.122,0.762,0.635,9.218,30.383,122.556,0.913,1.484,22.87,1,363.582,236.092,376.287,3.701,1.82,1.744,1001.831,248.143,37767.228,9.008,27.412,6.795,107.2,129.538,165.785,81.525,3.513
6.13,1.355,0.255,0.883,14.374,786,54.681,70677,4.525,0.988,0.829,4.259,32.799,274.652,1.077,1.236,40.51,2,398.175,218.762,414.107,5.033,2.269,2.444,919.575,392.938,35812.784,6.212,22.334,4.162,105.344,131.934,161.553,97.226,2.928
4.609,1.052,0.508,0.895,16.193,323.787,19.995,97262,4.381,0.946,0.728,3.697,30.236,111.498,1.029,0.913,20.508,2,382.695,222.071,407.185,3.918,2.129,2.359,952.812,353.79,33915.679,7.173,24.662,4.913,101.566,136.912,160.132,91.187,3.163
3.478,1.032,0.339,2.714,10.848,620.93,57.24,200271,3.371,0.84,1.184,11.875,34.619,172.912,0.853,0.884,38.055,2,370.446,239.25,383.562,2.815,2.27,2.025,1316.216,693.024,43195.842,12.032,36.769,4.925,122.449,123.566,192.906,94.899,1.976
6.915,1.423,0.309,2.292,13.251,472.387,35.649,129824,4.858,0.991,1.07,1.732,32.946,175.489,1.203,1.254,25.138,3,402.634,214.695,422.244,5.847,2.417,2.709,1104.827,520.756,39296.339,8.909,26.792,5.296,120.648,135.53,188.494,101.941,2.306
6.796,1.085,0.686,2.253,18.273,525.959,28.783,224099,6.267,1.149,1.211,10.279,33.228,226.947,1.271,0.967,29.6,5,419.789,173.962,456.191,6.187,3.495,3.253,1411.624,758.258,43351.124,12.95,39.966,8.301,133.581,135.305,215.666,113.806,3.126
6.168,1.607,0.281,2.152,10.009,375.436,37.51,62540,3.839,0.841,1.284,4.91,27.459,115.575,0.886,1.524,23.047,2,387.216,230.443,394.91,4.667,1.979,2.161,941.12,470.871,37267.12,7.99,22.827,4.32,108.786,123.699,170.831,95.485,1.94
3.633,1.881,0.481,2.668,11.186,775.376,69.314,141836,1.931,0.642,1.408,5.608,29.582,206.411,0.661,1.708,32.821,1,344.011,262.178,350.306,2.068,1.487,1.459,1214.102,712.534,42875.535,10.03,32.142,4.406,118.94,117.098,189.377,87.582,2.262
5.541,1.883,0.763,1.857,13.345,500.178,37.48,172332,2.943,0.736,0.817,10.152,32.852,138.784,0.695,1.847,36.219,1,363.586,244.002,370.383,4.091,1.968,1.727,1171.304,471.918,38850.713,10.627,34.102,5.042,111.634,119.988,169.491,86.692,2.319
4.166,1.659,0.311,2.715,16.547,756.451,45.715,143706,2.511,0.71,1.482,1.997,34.961,215.68,0.687,1.543,32.363,1,352.642,248.933,372.611,2.754,1.715,1.879,1230.017,803.202,42137.902,9.035,28.748,7.109,120.859,117.995,184.539,89.266,3.024
2.549,1.211,0.787,1.591,12.511,105.314,8.418,225629,2.105,0.63,0.559,4.896,26.359,20,0.459,1.147,19.706,1,343.656,254.299,357.052,1.748,1.632,1.302,1247.355,266.081,39296.092,9.524,31.813,4.277,117.768,119.944,190.462,76.407,2.336
7.504,1.863,0.797,2.839,19.133,500.869,26.179,247703,4.028,0.932,1.157,11.472,33.068,177.223,1.099,1.698,27.545,2,378.596,223.828,398.936,6.104,2.612,2.37,1433.74,708.795,45975.632,13.287,44.057,9.782,131.2,129.772,197.944,95.301,3.587
2.821,1.556,0.533,2.337,9.133,602.031,65.915,55483,1.813,0.595,0.941,8.69,27.969,154.659,0.529,1.51,32.239,1,349.751,259.916,353.401,1.326,1.106,1.291,858.096,311.749,33372.19,8.058,22.309,2.248,103.228,123.915,163.075,77.044,1.46
7.701,1.197,0.302,1.366,12.45,621.556,49.926,58590,6.436,1.136,1.28,9.304,34.091,228.665,1.307,1.061,30.452,5,424.361,182.466,445.381,6.718,2.976,3.114,966.478,539.953,37780.709,8.915,25.231,3.25,118.595,135.676,188.969,114.183,2.291
4.676,1.737,0.39,2.041,16.507,733.484,44.434,58671,2.691,0.733,0.872,9.333,28.387,203.436,0.67,1.678,34.037,1,353.85,248.387,370.397,2.995,1.501,1.553,890.171,347.588,33449.076,6.606,21.644,5.215,100.349,122.16,160.243,83.757,3.394
3.111,1.287,0.455,1.973,10.712,103.081,9.623,179858,2.418,0.719,1.241,1.666,33.551,20,0.71,1.216,19.338,1,358.073,252.251,366.458,2.137,1.674,1.538,1243.828,713.364,44290.701,9.37,32.426,4.734,118.657,120.577,177.536,86.818,1.91
5.251,1.803,0.386,1.103,15.877,100.231,6.313,111988,2.913,0.767,1.416,3.235,33.872,34.055,0.693,1.725,15.407,1,364.195,246.196,389.479,3.698,1.744,1.691,1106.664,704.708,39832.83,8.817,29.401,7.122,119.428,122.775,183.711,92.298,2.906
7.238,1.997,0.368,2.101,9.971,430.584,43.185,191329,3.624,0.881,1.179,6.404,33.838,148.414,1.132,1.86,34.563,2,379.817,228.477,386.301,5.642,2.18,2.066,1266.198,650.16,43280.988,11.442,35.67,4.508,122.293,128.33,192.043,92.782,1.835
6.393,1.03,0.783,1.493,8.672,120.506,13.896,119203,6.207,1.073,1.231,5.05,33.135,81.36,1.128,0.889,21.349,4,421.195,179.667,451.271,5.569,3.063,3.036,1114.697,607.708,40688.961,9.067,28.581,3.469,119.35,138.897,187.96,114.743,1.635
6.839,1.897,0.292,0.915,9.452,782.173,82.75,168073,3.605,0.828,0.381,5.52,29.66,198.273,0.886,1.798,34.188,2,365.538,232.362,376.277,5.413,2.135,1.821,1019.203,171.893,33046.951,7.153,26.124,3.392,107.462,134.289,166.529,86.979,1.458
5.953,1.623,0.64,2.887,19.16,255.446,13.332,199368,3.669,0.866,0.546,9.596,25.972,60.805,0.972,1.558,19.76,2,371.383,225.243,385.061,4.678,2.304,2.008,1204.032,333.663,39310.893,9.791,34.28,6.785,119.719,132.215,182.78,89.058,3.842
6.154,1.973,0.2,2.211,14.621,430.865,29.469,150607,3.118,0.83,1.469,1.161,35.524,152.174,0.833,1.858,26.367,1,365.954,245.961,379.429,4.468,1.798,2.091,1266.572,840.832,42011.988,9.782,30.902,6.52,125.449,123.569,193.351,95.871,2.608
7.095,1.465,0.558,2.729,17.556,142.796,8.134,148690,4.843,0.948,1.132,8.265,34.423,86.943,1.131,1.376,15.715,3,400.079,205.966,429.333,5.773,2.643,2.454,1169.035,555.45,41878.661,10.247,31.285,7.159,118.223,128,180.773,97.478,3.235
3.498,1.847,0.75,2.287,11.992,465.434,38.813,49411,1.893,0.591,0.974,1.001,26.296,112.276,0.521,1.795,31.346,1,347.329,262.28,351.919,1.725,1.001,1.154,817.756,312.104,31504.699,5.744,19.383,3.36,102.425,119.938,153.788,77.942,2.147
4.937,1.062,0.373,1.585,15.112,365.969,24.217,120371,4.647,0.937,0.74,1.694,35.435,156.942,1.214,0.906,26.19,3,393.255,210.752,410.266,4.009,2.335,2.373,975.644,328.204,36764.546,7.478,23.19,4.743,111.457,135.047,171.562,93.434,2.887
3.327,1.335,0.311,1.928,13.939,131.262,9.417,150070,2.492,0.72,0.353,5.491,24.465,37.014,0.66,1.304,17.899,1,350.958,254.77,358.888,2.219,1.553,1.428,977.062,165.284,36258.562,7.505,26.658,5.049,106.626,125.958,172.668,73.137,2.398
7.926,1.067,0.591,2.287,19.349,334.587,17.292,131635,7.428,1.214,0.743,10.25,36.601,187.975,1.343,0.969,28.359,6,433.438,156.738,467.807,6.966,3.696,3.46,1067.384,382.031,38857.377,9.483,30.135,6.74,110.97,142.12,170.888,118.201,3.199
7.664,1.975,0.628,2.913,16.971,374.005,22.038,228172,3.88,0.915,0.899,2.595,33.688,131.034,0.921,1.855,22.847,2,376.981,229.365,400.366,6.074,2.388,2.105,1325.769,490.581,42787.228,10.979,35.25,8.228,128.413,129.833,192.989,96.335,3.004
2.237,1.235,0.613,1.358,16.767,792.945,47.293,229436,1.811,0.58,0.554,7.101,24.692,194.871,0.6,1.177,30.675,1,337.235,265.897,349.057,1.455,1.602,1.076,1287.203,301.772,40073.181,10.572,34.743,7.748,121.315,129.833,186.604,74.34,3.097
6.233,1.853,0.392,2.725,8.556,245.52,28.695,210821,3.365,0.8,0.508,8.464,29.56,94.663,0.871,1.764,20.949,2,371.462,234.643,383.791,4.783,2.164,1.855,1229.847,288.232,39850.975,9.844,33.257,4.384,117.849,131.131,189.578,85.589,1.456
7.551,1.938,0.351,2.833,14.596,481.346,32.978,112565,3.897,0.871,0.91,3.525,28.813,171.021,1.041,1.85,27.898,2,376.915,224.574,391.775,5.805,2.082,2.171,1017.654,399.988,35545.566,7.494,25.56,4.967,114.688,130.146,171.394,92.479,2.466
3.083,1.085,0.774,2.275,13.604,791.121,58.154,187805,2.842,0.768,1.003,6.636,25.538,218.879,0.857,0.972,36.443,1,351.973,244.036,379.094,2.348,1.909,1.701,1233.389,567.954,41243.556,10.101,33.475,6.541,118.506,121.596,183.681,89.268,2.488
5.408,1.386,0.754,2.849,19.134,654.413,34.201,116963,3.903,0.905,0.588,11.025,29.081,196.075,0.966,1.304,27.553,2,372.113,219.14,396.995,4.216,2.187,2.075,949.779,312.923,36605.336,7.723,29.382,6.467,110.552,138.318,174.306,89.934,3.241
7.493,1.071,0.474,1.675,11.088,795.357,71.731,81170,6.996,1.146,1.005,6.635,34.532,294.389,1.398,0.941,35.097,5,433.331,170.382,465.04,6.581,3.242,3.375,999.047,448.269,36713.431,7.485,22.905,3.84,110.146,138.354,166.163,114.987,2.162
2.204,1.211,0.708,2.897,11.238,777.809,69.212,105438,1.82,0.634,1.38,2.731,32.419,167.126,0.593,1.092,24.731,1,337.939,259.155,360.186,1.195,1.32,1.333,1073.826,666.994,39103.737,8.742,26.871,3.797,114.992,123.435,179.001,85.43,1.919
6.185,1.229,0.471,2.346,12.936,442.678,34.22,45612,5.031,0.993,0.868,7.906,33.525,174.6,1.321,1.121,23.493,3,403.105,204.914,422.179,5.068,2.397,2.534,846.915,334.518,34157.817,6.853,21.142,4.032,101.62,132.12,153.857,100.265,2.402
3.784,1.469,0.455,0.892,10.92,587.463,53.795,102991,2.576,0.738,1.329,7.514,32.354,147.162,0.826,1.438,31.783,1,353.374,248.067,366.238,2.505,1.604,1.781,1075.418,602.78,39548.979,9.894,28.777,3.872,113.386,121.491,170.846,89.368,1.694
7.546,1.269,0.294,2.795,9.55,177.31,18.566,131363,5.949,1.1,1.413,1.297,34.825,127.636,1.482,1.103,23.717,5,422.989,188.175,447.094,6.506,3.005,2.987,1208.901,737.996,42161.135,8.959,28.322,4.027,124.379,126.222,195.279,114.981,1.947
7.826,1.101,0.456,1.866,18.289,408.804,22.352,240205,7.109,1.167,0.411,1.997,32.582,196.151,1.532,0.984,23.46,5,427.693,173.514,459.392,7.268,3.668,3.326,1266.552,278.608,39640.315,9.625,34.214,8.496,116.757,149.088,188.266,117.211,3.373
7.666,1.167,0.522,1.813,14.699,666.313,45.33,98950,6.566,1.193,0.415,2.725,32.116,257.14,1.454,1.035,32.456,5,428.363,179.976,449.771,6.744,3.055,3.277,883.277,179.66,33278.287,5.207,21.288,4.529,101.598,143.948,155.929,109.513,2.756
4.845,1.147,0.214,2.046,18.336,453.735,24.745,228539,4.223,0.954,0.871,2.499,30.486,167.67,1.002,1.019,27.237,2,383.627,217.833,407.452,4.152,2.521,2.271,1338.356,511.986,40256.582,10.066,35.661,8.748,121.64,139.079,190.865,95.318,3.016
7.172,1.973,0.466,1.129,17.974,591.889,32.931,80348,3.635,0.849,1.006,3.854,31.024,168.445,0.961,1.889,33.428,2,373.572,228.21,385.475,5.455,1.862,2.101,934.551,395.879,36791.876,7.063,22.332,6.636,112.536,126.029,176.366,90.635,3.055
7.067,1.759,0.669,1.832,11.385,622.026,54.638,72013,4.017,0.91,0.811,5.995,32.312,205.549,1.023,1.676,35.778,2,382.532,224.914,396.335,5.459,2.017,2.326,909.65,357.563,35546.617,6.617,21.643,3.906,109.02,132.696,169.677,88.346,2.065
3.915,1.968,0.608,2.628,14.573,277.428,19.037,144179,1.989,0.619,0.692,5.089,27.054,76.036,0.611,1.89,21.872,1,338.697,262.233,348.78,2.222,1.363,1.321,1027.758,331.726,36200.436,8.864,27.905,4.903,114.821,127.017,175.217,79.795,2.386
6.973,1.44,0.581,0.834,8.999,712.99,79.233,177952,4.844,1.009,1.069,10.797,33.74,238.545,1.158,1.347,33.08,3,400.178,204.012,416.273,5.884,2.811,2.498,1232.499,625.164,40971.866,10.525,34.189,3.679,122.509,133.041,185.836,103.975,1.462
2.222,1.099,0.746,1.4,18.983,421.876,22.224,39753,2.022,0.628,0.302,7.733,28.132,95.277,0.465,1.06,20.727,1,337.495,259.733,344.823,1.216,1.154,1.109,692.693,124.882,29471.279,5.206,17.538,4.673,87.836,125.079,132.957,71.528,3.559
5.578,1.798,0.211,0.805,12.851,247.13,19.23,78634,3.102,0.82,1.462,10.638,32.683,93.425,0.985,1.669,21.782,1,368.068,243.279,386.049,3.863,1.84,1.908,1064.233,692.357,39662.598,10.213,28.533,5.848,117.898,121.001,182.027,94.076,2.148
3.38,1.326,0.534,1.715,12.724,705.791,55.469,130250,2.549,0.698,0.578,6.797,26.023,205.194,0.726,1.201,38.662,1,351.309,244.027,365.103,2.164,1.652,1.52,1015.615,285.777,35369.286,8.303,27.317,3.856,100.591,124.927,154.239,80.198,2.348
2.723,1.299,0.672,2.402,11.633,392.473,33.738,102820,2.096,0.62,1.401,1.989,32.167,106.61,0.512,1.219,28.162,1,347.373,255.685,364.31,1.652,1.401,1.516,1045.039,630.008,38026.58,8.157,26.124,4.35,112.051,128.074,169.083,87.666,1.887
2.462,1.233,0.525,2.557,13.528,625.219,46.217,186776,1.997,0.621,0.431,6.096,27.71,147.135,0.66,1.171,30.64,1,339.497,259.441,349.854,1.669,1.489,1.149,1109.044,225.171,38847.144,8.528,31.952,5.933,102.831,122.705,158.568,77.46,2.542
6.178,1.13,0.394,2.879,11.021,483.623,43.882,142455,5.469,1.02,0.586,10.042,33.238,182.011,1.154,1.025,29.08,3,405.649,198.556,429.824,5.253,2.878,2.695,1040.724,314.987,35761.86,9.471,29.265,4.322,112.385,127.963,171.655,97.702,1.742
4.039,1.256,0.282,2.139,12.498,367.31,29.389,65279,3.215,0.808,0.582,3.135,31.269,117.197,0.923,1.155,22.347,1,354.45,235.918,387.229,2.999,1.534,1.775,798.004,202.771,33548.25,5.368,19.297,3.425,95.414,129.719,150.119,85.833,2.351
6.349,1.355,0.733,1.36,17.599,666.913,37.894,226782,4.684,0.945,1.495,2.003,36.236,231.056,1.172,1.242,31.382,3,403.635,207.535,421.541,5.315,2.773,2.549,1477.169,1003.372,45644.226,11.317,37.592,8.239,138.477,126.488,213.075,106.172,3.556
2.392,1.674,0.482,2.833,18.011,509.129,28.268,94439,1.429,0.552,0.306,4.624,25.905,97.492,0.6,1.628,27.379,1,332.041,268.55,339.189,0.862,0.902,1.061,808.341,138.998,33490.381,6.342,20.667,5.851,92.072,122.859,146.086,67.649,3.126
3.892,1.063,0.727,2.506,11.65,373.393,32.05,190848,3.663,0.839,1.068,5.278,37.12,119.626,0.923,0.946,25.142,2,369.184,226.651,397.245,3.347,2.239,2.053,1272.817,650.594,39236.093,10.524,33.408,4.953,122.196,124.144,190.323,95.062,1.933
5.237,1.211,0.552,2.064,13.628,176.719,12.967,201581,4.326,0.955,1.344,4.369,32.269,81.957,1.058,1.044,23.272,2,383.267,216.159,418.412,4.458,2.49,2.437,1435.384,814.07,46811.224,11.019,34.63,6.37,129.326,126.816,198.468,101.185,2.641
6.744,1.809,0.605,2.33,18.486,726.812,39.317,241894,3.728,0.876,1.107,2.488,31.762,217.459,0.926,1.727,36.559,2,381.542,227.659,397.542,5.395,2.442,2.19,1429.67,665.808,44347.656,11.292,37.335,9.375,130.028,122.138,200.889,94.217,3.307
3.913,1.147,0.683,2.833,8.632,124.829,14.461,139671,3.411,0.872,0.735,3.759,33.334,39.26,0.896,1.066,20.169,2,371.815,234.065,380.495,3.065,1.908,2.064,1062.318,367.867,37357.075,8.135,27.837,3.923,108.987,137.378,168.39,88.33,1.298
5.755,1.343,0.595,2.367,18.67,704.231,37.72,165483,4.287,0.978,1.45,8.505,35.824,219.611,1.11,1.214,30.521,2,394.15,223.4,412.924,4.839,2.558,2.443,1307.468,833.56,44261.195,11.412,35.357,8.746,130.816,128.728,203.429,101.49,3.385
7.316,1.865,0.439,1.61,10.63,351.973,33.111,103672,3.923,0.924,1.372,5.245,36.096,122.924,1.02,1.656,21.612,2,378.636,228.48,403.787,5.543,2.12,2.368,1101.243,655.608,40996.025,9.038,27.63,3.915,117.729,127.222,183.924,100.24,1.916
5.695,1.155,0.508,2.369,16.142,547.537,33.919,179199,4.931,1.025,0.821,7.958,33.926,179.17,1.13,1.039,27.126,3,404.284,211.123,421.596,5.004,2.636,2.738,1171.878,408.112,37746.146,9.218,32.326,6.745,119.672,138.396,183.691,98.573,2.754
3.398,1.083,0.682,0.889,14.991,745.54,49.734,131944,3.138,0.788,0.988,6.899,34.157,212.562,0.763,0.973,34.498,1,363.346,236.617,377.401,2.54,1.849,1.819,1051.155,457.075,37720.711,9.044,31.149,5.574,113.403,136.579,174.821,92.203,2.534
2.146,1.14,0.424,1.65,14.635,206.195,14.089,126283,1.882,0.633,1.461,7.04,29.425,43.427,0.617,1.013,13.608,1,349.451,259.712,364.01,1.315,1.386,1.32,1162.415,740.877,41216.742,9.903,31.908,5.72,116.008,115.696,180.27,86.166,2.764
7.221,1.302,0.433,1.694,18.312,496.865,27.133,218202,5.544,1.108,1.479,3.734,39.897,199.512,1.28,1.177,28.835,4,415.59,199.15,439.737,6.305,3.105,3.157,1447.458,905.242,46593.258,11.455,36.603,9.311,140.151,132.632,205.405,110.217,3.054
2.128,0.691,0.257,1.167,9.219,635.103,68.892,41037,3.077,0.752,0.84,6.737,32.722,175.216,0.723,0.619,35.11,1,370.156,242.506,381.129,1.653,1.631,1.844,755.49,282.521,31832.245,6.134,19.221,2.026,97.107,129.042,152.727,87.234,1.36
7.248,1.804,0.749,0.851,12.164,630.309,51.816,224031,4.018,0.905,1.317,1.26,31.712,203.026,1.09,1.692,33.38,2,385.998,223.872,405.443,5.89,2.54,2.278,1453.906,845.356,45564.658,10.771,36.23,5.696,133.879,129.394,203.697,100.909,1.995
5.174,1.137,0.255,1.093,14.459,467.942,32.363,217455,4.55,0.933,0.662,5.749,33.104,155.608,1.223,1.067,26.377,2,390.181,213.423,408.531,4.365,2.626,2.417,1262.705,403.622,41840.592,10.038,33.411,6.666,121.398,136.303,187.01,91.646,2.756
7.634,1.581,0.589,2.24,17.735,537.318,30.296,141400,4.83,0.995,0.746,7.299,32.835,180.813,1.237,1.441,27.317,3,394.089,210.299,416.144,6.374,2.492,2.437,1098.55,371.936,38976.814,8.873,28.552,6.622,107.839,137.541,164.44,100.297,3.118
6.793,1.506,0.448,2.565,10.597,630.269,59.474,137844,4.512,0.953,0.498,3.002,30.21,216.162,1.042,1.396,33.984,2,381.406,214.677,407.923,5.667,2.286,2.424,958,213.606,35732.899,6.858,24.17,3.54,106.394,132.952,167.905,93.237,1.78
7.988,1.144,0.443,2.974,17.635,688.719,39.054,109597,6.982,1.198,0.551,3.822,30.803,271.229,1.485,1.028,34.928,5,421.906,169.4,468.044,7.158,3.269,3.237,979.15,271.416,37339.741,6.966,22.377,5.658,109.186,146.314,173.337,110.423,3.144
4.104,1.624,0.608,1.562,12.796,633.269,49.491,248718,2.527,0.719,1.088,3.415,28.96,168.976,0.873,1.504,29.969,1,356.504,248.547,360.589,2.985,1.933,1.669,1419.263,668.691,45998.927,11.784,38.604,6.073,127.194,122.417,196.702,84.377,2.368
6.603,1.274,0.24,2.119,10.267,347.803,33.876,54457,5.184,1.072,0.913,1.776,35.929,145.311,1.164,1.173,23.215,3,396.8,206.229,427.173,5.503,2.295,2.671,892.816,343.221,34227.129,6.125,17.637,2.967,105.445,135.972,163.042,102.941,2.128
4.412,1.488,0.556,2.862,17.108,797.708,46.628,159847,2.965,0.779,0.577,4.826,31.284,201.989,0.898,1.387,35.288,1,360.546,244.501,372.336,3.21,1.782,1.555,1075.624,276.828,39941.771,8.675,25.871,6.147,109.572,131.208,169.681,80.917,3.132
4.879,1.082,0.663,1.167,9.091,404.152,44.457,179969,4.508,0.989,0.783,11.769,32.575,173.898,1.019,1.011,25.149,2,389.58,212.445,407.877,4.204,2.679,2.251,1194.663,412.978,40806.481,10.62,35.437,3.596,116.434,130.544,180.41,91.982,2.005
5.765,1.46,0.697,2.379,14.177,117.125,8.262,235552,3.95,0.878,0.748,4.893,33.164,75.928,1.127,1.331,20.794,2,379.072,224.362,386.416,4.806,2.464,2.094,1335.851,450.877,41922.42,10.526,36.726,6.727,123.337,132.099,195.177,90.196,2.676
7.242,1.306,0.302,2.461,8.767,353.832,40.362,201644,5.543,1.053,1.485,6.066,38.465,168.063,1.225,1.227,28.781,3,410.415,198.825,442.09,6.107,3.094,3.001,1395.941,889.06,49105.405,11.986,38.156,4.978,133.687,132.191,219.257,111.076,1.474
7.905,1.822,0.738,0.996,12.277,189.448,15.431,171646,4.337,0.934,1.324,8.184,34.819,67.825,1.249,1.756,16.372,2,395.463,218.233,410.816,6.345,2.512,2.299,1265.086,722.631,42564.746,11.032,35.381,5.816,125.057,119.866,193.15,102.48,2.348
6.61,1.057,0.594,2.695,15.213,185.01,12.161,55698,6.253,1.1,0.766,8.133,32.822,115.704,1.487,0.935,17.349,5,422.115,185.651,443.422,5.681,2.859,2.998,833.18,301.856,32615.454,6.432,21.077,4.269,100.757,142.494,158.448,107.522,2.843
4.507,1.419,0.729,2.589,14.673,297.075,20.246,112221,3.177,0.792,1.397,11.449,33.978,93.469,0.853,1.334,26.641,1,366.422,242.419,386.819,3.326,1.974,1.878,1089.601,682.869,39213.144,10.415,34.648,5.28,119.333,119.323,181.579,91.708,2.832
4.528,1.458,0.491,0.873,12.856,137.363,10.685,60545,3.105,0.801,0.711,10.433,31.427,26.864,0.808,1.354,19.134,1,371.272,238.789,375.668,3.188,1.672,1.84,814.412,273.601,32199.874,8.041,22.604,2.775,92.448,129.425,140.273,83.945,2.44
6.425,1.725,0.525,1,13.149,581.959,44.26,223866,3.725,0.875,1.101,9.733,34.259,196.526,0.992,1.641,26.656,2,377.22,233.13,388.196,5.155,2.478,2.189,1357.745,725.387,45128.568,11.994,41.745,5.912,127.983,133.568,194.293,94.333,2.356
3.433,1.574,0.751,0.908,10.721,151.792,14.158,194916,2.18,0.674,1.46,11.468,33.653,65.128,0.67,1.457,21.439,1,348.511,255.092,365.843,2.345,1.831,1.509,1327.457,805.938,43926.923,12.528,41.526,4.432,127.797,121.142,203.443,89.074,1.79
2.663,1.667,0.74,1.536,13.471,242.303,17.988,196658,1.597,0.56,0.768,3.538,25.072,86.952,0.505,1.553,21.324,1,333.399,262.047,346.678,1.417,1.375,1.168,1212.467,433.666,39671.68,9.197,32.363,5.744,111.713,124.823,175.97,77.027,2.429
4.128,1.777,0.469,1.92,19.439,165.03,8.49,173496,2.323,0.673,1.116,7.788,29.522,32.653,0.559,1.573,25.428,1,346.933,252.487,362.295,2.511,1.72,1.54,1221.826,594.234,40995.387,10.863,33.604,9.147,114.815,125.71,176.424,81.926,3.169
3.723,1.862,0.365,1.971,18.205,144.217,7.922,141549,1.999,0.643,0.655,10.759,24.544,38.993,0.602,1.776,17.473,1,347.979,262.49,352.897,2.3,1.435,1.235,1033.988,272.161,37720.52,9.483,29.528,6.391,107.754,122.093,167.87,76.96,3.225
3.778,1.314,0.436,1.389,9.743,287.426,29.501,62993,2.875,0.735,0.62,7.866,30.793,111.88,0.697,1.239,25.452,1,362.274,246.928,371.125,2.437,1.529,1.705,820.74,229.841,32261.269,6.937,20.526,2.072,96.791,122.947,153.084,84.11,1.499
3.402,1.538,0.433,2.806,8.357,500.329,59.867,102532,2.212,0.653,0.989,11.752,29.364,134.069,0.709,1.486,22.773,1,352.658,253.679,364.707,2.145,1.554,1.306,989.074,395.844,36058.401,10.434,28.911,2.795,108.354,123.33,172.733,80.604,1.566
2.253,1.584,0.372,1.61,19.202,775.28,40.374,60121,1.422,0.512,1.475,2.104,30.907,180.973,0.558,1.485,37.619,1,342.558,269.129,348.578,0.664,0.958,1.161,954.818,611.547,36186.932,7.782,23.882,6.197,104.4,116.413,163.453,86.258,3.579
2.107,1.147,0.361,0.9,14.321,712.89,49.779,189480,1.838,0.584,0.844,5.833,25.431,154.781,0.634,1.096,34.991,1,346.513,262.43,353.763,1.454,1.481,1.111,1207.292,440.654,39183.066,10.289,31.516,6.682,116.363,125.184,180.73,77.001,2.616
7.926,1.89,0.717,1.46,14.454,713.154,49.339,65250,4.195,0.898,1.425,11.751,37.279,242.187,1.053,1.747,38.234,2,388.792,216.169,408.136,6.145,2.232,2.365,941.674,577.958,38168.885,10.723,30.326,3.821,117.078,128.662,186.747,103.506,2.526
4.567,1.371,0.242,1.968,17.369,223.247,12.853,184464,3.33,0.782,1.397,5.175,30.581,81.386,0.791,1.243,24.04,2,375.598,232.489,397.891,3.595,2.072,2.062,1318.633,774.682,44797.185,11.239,34.533,7.52,126.208,120.306,191.209,96.457,3.027
4.306,1.195,0.607,1.698,11.776,285.435,24.238,182296,3.603,0.832,0.605,9.135,31.956,92.905,0.942,1.136,22.168,2,367.648,223.639,384.769,3.316,2.209,1.97,1158.67,348.734,40988.481,9.722,29.458,5.156,110.055,133.655,162.898,86.098,2.342
6.078,1.489,0.304,1.402,13.783,153.475,11.135,131046,4.081,0.923,0.782,1.334,32.442,81.751,1.108,1.31,16.016,2,380.662,222.971,396.423,4.909,2.224,2.214,1065.338,378.299,37715.576,7.204,25.006,4.354,112.185,123.03,178.911,92.984,2.655
3.31,1.742,0.407,1.089,19.624,644.928,32.864,59750,1.9,0.593,1.072,8.643,29.026,166.661,0.54,1.652,28.689,1,346.724,263.298,354.267,1.721,1.157,1.291,878.13,421.351,34081.293,8.298,22.55,6.318,102.73,124.306,157.434,83.893,3.288
7.7,1.493,0.237,2.602,16.066,148.871,9.266,99256,5.159,1.016,0.922,11.281,33.334,97.989,1.209,1.362,14.501,3,389.749,207.214,421.64,6.455,2.654,2.735,946.79,406.466,36747.08,8.567,27.486,4.991,113.278,129.538,180.929,101.097,2.915
6.718,1.483,0.362,2.992,9.845,489.687,49.74,100420,4.53,0.997,0.415,5.21,30.352,172.157,1.133,1.428,25.469,2,383.204,211.486,399.636,5.512,2.24,2.529,829.682,182.273,32606.141,5.716,21.944,3.372,101.553,132.955,165.085,92.043,1.825
2.536,1.071,0.661,1.525,9.599,273.513,28.495,184084,2.368,0.713,1.492,1.234,35.113,103.62,0.867,0.938,22.966,1,358.216,248.044,372.925,1.848,1.695,1.649,1349.297,862.553,43918.565,10.076,34.523,4.509,121.08,129.395,195.089,86.477,1.642
4.505,1.361,0.731,1.64,10.451,270.412,25.874,55023,3.309,0.803,1.203,1.307,32.47,93.049,0.947,1.265,21.828,2,371.292,232.998,374.995,3.237,1.649,1.897,909.849,525.816,36299.076,6.799,21.765,3.248,100.845,124.684,144.262,93.323,1.572
7.275,1.86,0.333,2.16,17.201,793.508,46.133,212395,3.912,0.928,0.825,10.812,29.896,263.995,1.088,1.78,34.878,2,376.851,226.939,393.087,5.775,2.499,2.15,1322.272,546.678,42103.623,11.789,35.925,8.26,119.344,130.21,188.187,91.475,2.66
7.668,1.407,0.478,2.381,11.545,629.746,54.549,197421,5.451,1.033,1.042,8.948,33.792,236.197,1.097,1.238,29.495,3,410.891,201.085,427.055,6.621,2.977,2.746,1265.719,626.167,42036.815,11.245,35.682,5.124,126.194,128.035,193.566,106.706,2.081
4.804,1.328,0.482,1.662,8.257,685.858,83.067,70987,3.617,0.819,0.405,2.174,29.708,218.301,0.927,1.242,27.106,2,366.329,233.187,385.007,3.715,1.775,1.813,793.887,164.279,32794.668,5.493,18.476,1.676,94.164,133.108,143.345,83.492,1.135
5.68,1.454,0.724,2.791,19.33,500.388,25.886,188216,3.907,0.933,0.894,1.6,34.574,161.603,1.032,1.331,28.79,2,374.379,222.781,387.926,4.536,2.262,1.987,1263.016,505.911,42059.758,9.337,30.368,8.285,121.362,134.02,189.598,93.719,3.348
3.002,1.762,0.658,2.032,10.037,709.71,70.712,177072,1.703,0.609,1.417,9.853,29.767,197.305,0.579,1.685,33.316,1,349.567,265.157,356.671,1.446,1.442,1.241,1298.216,821.256,45602.198,12.075,34.995,3.747,122.077,115.531,186.713,83.227,1.901
7.947,1.126,0.508,1.791,8.115,551.843,68.005,194586,7.058,1.191,1.376,9.908,36.725,240.896,1.361,0.996,27.587,5,444.969,166.368,474.405,7.131,3.74,3.44,1337.191,795.504,46304.583,12.277,38.847,3.366,138.602,126.144,217.83,115.639,1.503
3.39,1.196,0.602,2.223,10.846,762.322,70.289,71564,2.833,0.77,0.705,2.326,30.107,202.144,0.732,1.1,32.538,1,355.655,244.401,364.264,2.385,1.473,1.665,907.106,338.25,33527.86,6.221,19.151,2.374,99.952,133.97,160.211,83.468,1.812
7.656,1.951,0.708,2.896,10.82,296.937,27.442,64669,3.923,0.907,0.938,4.317,34.377,98.49,1.013,1.81,27.676,2,379.724,223.523,398.33,5.81,1.897,2.136,923.365,415.147,35138.218,7.013,20.757,4.666,106.325,128.541,163.996,96.238,2.099
5.898,1.175,0.206,2.548,13.064,516.724,39.553,82026,5.017,0.977,1.137,9.58,31.536,195.764,1.242,1.083,32.305,3,405.065,212.254,426.089,4.935,2.541,2.558,983.869,496.987,35814.641,8.691,26.635,4.486,109.157,128.976,170.629,101.571,2.423
5.646,1.568,0.442,0.888,19.045,583.092,30.617,110491,3.602,0.828,0.708,6.78,31.784,165.585,0.875,1.471,25.438,2,372.086,233.117,391.494,4.14,1.893,1.8,981.222,327.822,34767.192,8.149,25.247,6.807,104.689,129.046,160.436,87.419,3.309
5.076,1.579,0.744,1.531,18.55,375.056,20.218,204606,3.214,0.804,0.378,11.522,28.235,117.718,0.843,1.451,24.34,1,363.754,233.878,369.37,3.667,2.083,1.728,1170.877,229.64,40301.11,10.133,34.864,7.184,112.487,127.886,176.228,84.684,3.632
3.384,1.49,0.644,1.835,13.483,715.796,53.09,192343,2.272,0.706,0.907,6.292,29.451,207.661,0.865,1.351,37.084,1,351.859,251.674,354.418,2.3,1.691,1.312,1243.203,487.368,40460.272,10.353,32.332,6.129,117.734,129.028,188.157,82.893,2.497
3.059,1.645,0.526,1.492,12.931,785.862,60.774,233599,1.86,0.584,1.022,8.447,33.095,207.621,0.552,1.57,33.332,1,342.422,261.316,359.193,1.962,1.61,1.3,1336.294,619.856,40811.227,12.213,41.219,6.435,115.086,122.239,180.023,79.625,2.141
3.323,1.23,0.518,2.34,14.66,445.639,30.398,42898,2.702,0.761,0.307,6.608,27.962,117.772,0.791,1.118,25.376,1,353.769,242.529,359.839,2.042,1.288,1.554,689.776,147.384,27612.751,4.96,15.262,4.007,91.298,132.313,141.036,78.189,2.219
3.119,1.553,0.409,2.618,10.921,373.448,34.194,32542,2.009,0.61,0.415,11.373,28.483,119.795,0.601,1.543,27.053,1,336.441,259.886,347.055,1.673,1.071,1.186,698.137,136.362,28065.046,6.206,18.147,2.627,90.511,134.214,145.535,72.785,1.998
6.678,1.372,0.512,2.409,8.626,430.357,49.889,183810,4.866,0.991,0.549,5.385,33.519,174.885,1.05,1.243,29.682,3,394.659,207.876,416.178,5.768,2.649,2.611,1154.917,288.956,38223.365,9.195,29.39,3.995,116.014,132.536,178.193,100.593,1.435
4.101,1.662,0.593,2.977,19.271,696.916,36.165,91443,2.468,0.717,0.718,3.528,27.111,203.342,0.79,1.576,35.095,1,351.302,252.232,358.228,2.622,1.423,1.495,914.87,298.207,34484.854,6.223,22.179,5.867,105.789,130.866,162.445,82.661,3.451
2.347,1.141,0.451,1.4,10.24,551.828,53.887,103497,2.057,0.657,0.949,4.593,25.995,113.046,0.608,1.055,27.639,1,345.069,261.209,355.573,1.485,1.271,1.382,977.337,383.742,35521.236,7.845,25.096,3.69,107.937,113.232,164.646,84.205,1.767
7.815,1.571,0.628,2.725,10.381,131.341,12.652,150296,4.975,0.959,0.653,10.381,33.765,93.24,1.13,1.446,21.11,3,391.083,205.725,420.841,6.56,2.627,2.585,1053.887,280.755,38302.819,10.359,30.28,3.853,118.482,136.135,177.372,97.838,1.409
7.303,1.185,0.717,2.487,13.67,479.519,35.079,52530,6.161,1.108,0.631,6.477,31.653,212.676,1.386,1.004,32.904,5,417.743,178.474,437.44,6.201,2.802,3.004,771.022,232.417,31583.293,5.786,19.692,3.101,101.665,147.219,154.14,103.158,2.383
7.567,1.279,0.293,1.597,13.899,112.11,8.066,171392,5.918,1.104,1.343,4.897,33.291,92.11,1.488,1.142,19.069,5,420.103,187.477,444.306,6.696,3.121,3.045,1306.789,751.863,45779.505,10.932,34.995,5.442,121.084,128.171,187.9,113.549,2.241
7.969,1.219,0.471,2.415,8.221,644.975,78.453,101532,6.539,1.101,0.474,6.987,35.158,232.761,1.26,1.089,31.317,5,419.089,176.711,445.045,7.107,3.047,3.148,900.215,262.034,34606.879,7.022,23.283,2.441,104.598,145.808,163.043,108.974,1.364
3.043,1.183,0.445,1.029,9.775,329.819,33.739,169197,2.573,0.695,0.895,2.466,27.885,115.92,0.798,1.095,26.718,1,348.871,252.085,364.244,2.154,1.773,1.441,1135.455,439.541,39347.159,9.282,31.093,3.737,118.114,118.177,179.206,86.339,1.617
4.377,1.826,0.612,2.537,12.538,430.405,34.328,213481,2.398,0.708,1.443,1.059,30.727,144.574,0.801,1.708,31.729,1,351.014,253.798,374.812,2.972,1.798,1.738,1427.314,901.451,45254.653,10.689,34.6,6.129,125.964,128.012,193.203,85.729,2.226
6.549,1.286,0.35,1.971,16.205,659.075,40.672,67644,5.094,1.018,1.05,4.086,38.363,196.303,1.147,1.17,38.893,3,401.176,204.76,430.289,5.32,2.419,2.697,919.741,425.531,37363.816,7.018,20.043,5.741,108.42,130.293,160.481,103.681,2.945
6.176,1.927,0.584,1.443,10.741,132.514,12.337,234792,3.205,0.778,1.161,7.655,28.663,63.845,0.897,1.865,17.303,1,370.52,244.719,385.466,4.731,2.221,1.859,1392.304,750.507,42800.608,13.14,39.667,5.922,132.045,121.103,213.419,88.166,1.991
2.923,1.48,0.726,2.243,13.076,210.979,16.135,146751,1.976,0.635,0.817,8.828,26.374,63.993,0.765,1.38,18.991,1,351.139,263.309,355.406,1.725,1.512,1.45,1068.911,384.373,35782.15,9.385,30.412,5.221,108.248,120.361,173.651,77.468,1.85
6.895,1.571,0.451,2.212,14.688,378.572,25.774,233044,4.388,0.982,0.324,10.093,30.155,136.592,1.06,1.466,22.303,2,382.046,221.125,402.447,5.883,2.672,2.193,1228.818,170.439,39056.099,10.91,34.925,6.611,114.862,136.983,175.173,90.775,2.918
3.347,1.143,0.747,1.261,18.663,260.948,13.982,75700,2.928,0.733,1.075,11.193,30.613,76.686,0.806,0.991,21.809,1,356.955,243.426,374.63,2.469,1.608,1.854,951.663,472.219,37491.766,9.081,26.292,6.176,109.575,122.77,170.392,91.063,3.001
3.343,1.375,0.796,0.867,11.913,336.531,28.249,163003,2.432,0.712,1.058,5.533,28.987,106.164,0.769,1.269,20.038,1,353.531,251.232,367.156,2.357,1.637,1.605,1164.439,548.98,39522.881,8.927,32.585,4.943,113.305,122.678,172.104,85.169,2.11
5.222,1.798,0.264,1.754,9.603,798.722,83.177,118855,2.905,0.734,0.433,9.146,26.224,219.217,0.83,1.734,33.325,1,361.615,246.763,363.912,3.746,1.685,1.698,942.209,226.933,33419.202,8.043,26.078,3.382,100.823,129.832,160.374,78.227,1.55
5.558,1.367,0.34,2.053,13.871,677.79,48.863,200328,4.064,0.862,0.855,1.821,34.788,210.678,1.044,1.25,34.498,2,378.974,218.707,395.838,4.535,2.356,2.166,1260.362,478.712,41129.394,8.85,31.647,6.189,116.856,129.995,183.699,94.905,2.53
5.481,1.087,0.77,2.729,16.961,718.731,42.376,163299,5.042,0.975,1.398,1.633,35.821,252.978,1.166,0.966,35.039,3,409.211,199.932,427.353,4.644,2.73,2.703,1263.101,778.678,43617.753,9.991,32.02,7.794,125.664,128.092,189.522,105.372,2.645
2.549,1.39,0.775,2.842,9.318,755.938,81.124,138793,1.834,0.605,0.546,2.373,28.611,224.471,0.636,1.314,27.885,1,339.171,260.126,342.651,1.471,1.197,1.136,991.848,210.972,33990.007,7.204,25.595,3.258,104.451,122.002,158.003,73.805,1.971
7.265,1.845,0.259,1.963,13.096,338.655,25.859,230856,3.937,0.92,0.853,5.934,32.178,131.484,0.96,1.698,28.857,2,381.992,227.444,391.769,5.883,2.455,2.255,1330.871,530.06,42966.358,10.564,35.338,5.853,127.282,132.484,197.009,92.982,2.26
3.594,1.796,0.209,2.458,8.213,307.954,37.494,112965,2.001,0.623,0.853,3.324,29.464,84.632,0.636,1.721,18.929,1,351.986,261.937,351.414,2.184,1.377,1.321,992.712,379.145,35781.58,7.013,23.978,2.984,107.325,123.356,171.891,77.907,1.553
2.777,1.175,0.297,1.766,8.403,263.844,31.4,78395,2.363,0.7,1.273,4.156,33.363,69.463,0.684,1.062,18.515,1,347.918,255.905,371.851,1.605,1.397,1.502,1021.975,567.783,37308.122,7.827,25.487,2.888,109.03,122.146,167.48,88.09,1.314
7.332,1.673,0.798,2.441,13.795,681.082,49.37,163782,4.383,0.934,1.289,8.127,32.371,205.419,0.974,1.55,29.045,2,395.383,208.407,418.138,6.037,2.487,2.379,1239.647,698.326,40956.386,11.899,32.405,6.712,127.662,127.691,203.106,102.663,2.777
7.734,1.221,0.308,1.251,11.578,575.686,49.721,167286,6.337,1.103,1.211,4.944,36.606,246.083,1.315,1.067,28.819,5,425.792,184.993,453.81,6.896,3.189,3.207,1254.799,669.817,43962.87,10.747,31.457,4.871,126.953,130.62,198.02,115.946,1.773
7.173,1.218,0.502,1.616,18.141,265.32,14.625,126600,5.888,1.093,0.739,7.131,35.468,136.206,1.342,1.082,20.317,3,409.572,190.191,440.727,6.147,2.906,2.933,1018.6,375.456,36769.582,8.524,25.821,7.897,105.783,137.192,160.633,107.929,2.717
6.857,1.874,0.709,2.195,15.226,363.896,23.9,137054,3.659,0.886,0.386,5.536,33.272,141.68,1.018,1.792,22.026,2,369.323,227.905,382.88,5.18,1.95,2.086,982.591,167.365,32090.03,7.617,26.063,6.056,106.553,132.39,163.485,84.963,3.002
5.931,1.25,0.212,0.84,13.447,454.698,33.814,241101,4.746,1.013,0.719,2.859,36.929,163.239,1.072,1.133,20.027,3,399.393,215.648,404.791,5.137,2.731,2.564,1349.655,461.826,43477.978,10.496,34.217,5.786,124.232,126.369,195.088,94.404,2.164
5.305,1.263,0.563,2.389,12.895,469.698,36.424,191190,4.2,0.954,1.116,1.814,34.052,152.742,1.007,1.194,27.949,2,392.09,216.769,402.206,4.293,2.442,2.403,1314.64,609.321,43748.825,9.554,33.51,6.559,124.377,133.695,196.149,95.525,2.274
2.522,1.001,0.366,2.638,13.967,722.109,51.701,54332,2.52,0.703,1.143,3.599,33.285,203.959,0.791,0.923,33.56,1,348.795,250.995,367.932,1.747,1.364,1.599,879.243,398.885,36033.016,6.531,21.016,4.235,109.105,122.979,172.839,89.832,2.791
4.451,1.871,0.717,1.678,8.485,366.396,43.18,76668,2.379,0.714,1.458,1.635,27.065,103.754,0.777,1.772,30.751,1,354.326,252.288,370.403,2.949,1.357,1.529,1042.113,698.423,39516.176,8.062,26.162,3.378,113.405,119.689,176.634,92.381,1.403
4.236,1.793,0.37,1.785,18.714,735.967,39.328,244626,2.363,0.672,0.844,7.805,32.544,178.344,0.764,1.7,34.546,1,354.752,251.944,361.717,2.905,1.808,1.505,1386.309,489.577,43297.438,11.503,38.723,9.868,125.299,125.5,195.996,84.351,3.395
3.559,1.627,0.612,2.673,19.98,408.957,20.469,189822,2.187,0.681,1.059,9.753,28.96,135.931,0.802,1.47,23.459,1,349.863,249.732,359.688,2.26,1.759,1.265,1246.592,580.909,40627.518,11.915,36.893,8.33,123.847,118.948,200.989,81.843,3.728
6.341,1.75,0.605,2.506,10.178,622.461,61.158,231309,3.623,0.895,0.947,4.737,32.045,184.591,1.033,1.617,27.539,2,374.605,226.498,388.763,4.948,2.31,2.079,1357.169,564.438,42841.104,10.451,37.092,4.603,125.729,134.708,204.508,95.099,1.81
4.975,1.152,0.333,1.434,9.445,751.178,79.535,96849,4.319,0.89,0.481,5.258,31.481,255.374,0.992,1.042,34.049,2,376.269,219.408,402.154,3.929,2.16,2.156,884.138,218.261,34773.273,6.219,21.516,3.299,102.294,137.671,158.745,90.66,1.946
2.486,1.447,0.221,1.513,9.723,735.303,75.626,193210,1.719,0.586,0.853,9.978,28.144,202.734,0.579,1.357,34.074,1,336.489,266.55,342.597,1.379,1.474,1.095,1209.201,455.243,39563.267,11.525,34.987,3.932,117.666,116.117,175.311,77.958,1.866
3.321,1.351,0.446,2.294,15.932,139.867,8.779,187080,2.458,0.716,0.954,3.449,30.799,25.633,0.875,1.255,16.85,1,348.347,252.139,368.727,2.441,1.69,1.496,1230.163,543.932,38981.626,9.506,32.12,5.747,119.597,121.317,185.892,85.303,2.66
6.1,1.094,0.374,2.039,15.937,243.993,15.31,94831,5.577,1.084,1.441,2.311,39.948,112.638,1.514,0.969,22.619,3,408.174,194.655,437.631,5.451,2.694,2.963,1111.042,674.592,40702.668,8.232,25.758,6.679,122.993,133.696,191.103,113.849,2.972
2.457,1.486,0.685,1.157,18.175,433.834,23.87,151179,1.653,0.56,0.74,6.512,26.909,101.273,0.577,1.42,30.777,1,332.124,260.824,353.516,1.215,1.235,1.102,1067.38,368.041,36813.683,9.12,29.864,6.975,105.044,121.863,157.768,76.533,3.242
7.107,1.921,0.68,1.482,17.022,402.088,23.622,168031,3.7,0.906,1.476,8.108,32.609,121.685,1.049,1.824,24.526,2,377.654,228.365,397.858,5.45,2.238,2.259,1297.188,834.662,41777.336,11.938,38.139,7.717,125.688,125.315,195.314,101.365,3.014
4.971,1.04,0.474,2.78,13.396,548.624,40.953,135848,4.779,0.995,0.951,7.596,37.371,219.225,1.215,0.913,24.036,3,392.493,209.677,414.636,4.109,2.547,2.527,1104.585,437.605,40031.996,9.488,29.465,5.242,111.578,134.006,168.767,99.892,2.449
4.884,1.291,0.564,2.314,15.354,761.296,49.582,211979,3.781,0.846,0.591,8.853,31.566,226.824,0.952,1.208,37.036,2,370.606,229.337,388.031,4.052,2.367,2.014,1216.312,318.246,39997.54,10.639,35.324,7.656,121.281,123.156,189.493,88.156,2.93
5.554,1.208,0.563,2.969,16.259,178.683,10.99,213231,4.6,0.919,0.53,1.624,34.991,106.462,1.164,1.123,21.085,2,392.178,210.46,405.675,4.801,2.533,2.237,1211.783,261.804,38367.114,9.133,31.631,7.402,111.127,129.638,174.626,92.918,2.718
6.948,1.238,0.696,2.487,14.153,416.301,29.415,217132,5.612,1.096,0.47,5.71,34.762,181.202,1.388,1.139,21.665,3,402.082,187.357,431.526,6.152,2.978,2.715,1209.172,235.244,39957.978,9.823,30.322,5.559,121.633,136.718,190.639,97.623,2.795
4.087,1.908,0.455,2.872,13.708,234.688,17.121,206753,2.141,0.631,0.844,3.624,26.297,67.747,0.667,1.863,21.673,1,352.686,250,357.065,2.556,1.615,1.366,1251.491,454.539,40477.34,10.309,33.791,6.066,118.981,125.229,188.377,74.516,2.691
6.068,1.468,0.365,1.276,15.741,725.875,46.113,137378,4.133,0.882,0.326,9.35,31.181,227.392,0.981,1.409,30.681,2,375.728,221.472,398.799,4.984,2.284,2.173,968.326,193.24,36419.173,9.25,26.971,5.928,100.315,125.235,157.366,89.932,2.697
5.394,1.466,0.359,2.497,14.69,775.206,52.772,113916,3.679,0.87,0.834,10.6,29.803,250.495,0.846,1.324,36.182,2,376.318,231.291,392.802,4.217,2.025,2.026,999.25,388.291,37734.954,9.267,26.778,5.72,105.304,130.139,166.375,90.293,2.971
3.602,1.761,0.522,0.844,15.727,435.091,27.665,212902,2.046,0.65,1.486,4.095,31.763,101.374,0.712,1.646,31.2,1,353.574,258.301,362.971,2.325,1.698,1.513,1396.617,926.953,46650.477,11.395,36.132,6.937,129.988,116.115,206.649,88.641,2.752
7.272,1.154,0.469,2.276,15.354,172.807,11.255,137844,6.299,1.15,1.104,2.047,36.071,148.161,1.418,1.018,20.391,5,420.826,181.172,453.312,6.423,3.063,3.096,1145.977,573.594,41161.583,8.872,28.379,5.908,119.548,138.286,183.532,113.537,2.844
6.785,1.487,0.464,1.832,16.63,649.706,39.067,84201,4.562,0.951,1.212,3.788,31.022,195.09,1.041,1.427,35.296,2,392.917,209.401,419.685,5.451,2.336,2.512,1017.343,589.784,37460.89,7.709,26.198,5.355,114.513,132.065,176.919,101.789,2.865
5.951,1.43,0.255,1.563,15.714,587.999,37.42,141615,4.161,0.943,0.443,2.144,29.463,203.24,0.979,1.327,26.787,2,377.321,217.39,399.491,4.747,2.149,2.128,1003.088,255.727,35099.221,7.054,23.998,5.837,99.683,141.544,153.088,91.332,2.979
7.103,1.597,0.631,2.697,14.237,348.27,24.462,61206,4.448,0.994,0.868,4.547,37.811,113.728,1.19,1.453,20.125,2,390.236,215.984,409.397,5.671,2.168,2.335,916.516,345.062,34695.832,6.646,20.429,4.113,104.327,128.187,158.726,98.694,2.448
7.204,2,0.328,2.679,16.182,721.185,44.568,182158,3.603,0.835,0.643,6.92,31.066,211.094,0.8,1.92,39.42,2,370.768,231.843,388.672,5.602,2.219,1.9,1138.553,338.687,38581.04,9.252,33.677,7.226,110.827,126.604,170.588,86.037,2.925
6.25,1.769,0.318,0.849,13.394,783.082,58.466,103902,3.532,0.863,1.373,11.71,33.495,233.521,0.976,1.66,35.952,2,374.317,232.783,389.574,4.734,2.142,2.081,1091.738,641.665,39917.266,10.258,31.754,5.766,121.365,125.099,191.456,99.267,1.846
7.022,1.398,0.448,2.141,10.9,490.498,45,87344,5.023,1.052,0.518,5.393,36.318,176.496,1.296,1.291,30.38,3,396.073,201.372,427.013,5.674,2.347,2.623,887.121,226.027,35707.44,5.541,20.179,3.261,103.647,143.054,163.561,98.103,1.852
6.185,1.828,0.337,1.609,8.017,496.01,61.87,240431,3.384,0.843,0.85,3.42,30.728,155.474,0.968,1.719,31.229,2,370.779,233.492,386.771,4.865,2.158,1.957,1347.016,552.126,42561.852,10.649,35.568,3.147,122.757,130.243,183.496,87.144,1.305
6.081,1.171,0.55,1.714,14.72,308.259,20.942,200913,5.194,1.044,1.006,2.835,34.37,116.896,1.199,1.075,22.3,3,410.952,202.238,428.851,5.287,2.902,2.707,1335.017,584.384,41128.081,10.185,35.571,6.483,129.005,133.701,206.82,102.129,2.241
5.712,1.03,0.423,2.63,15.088,509.154,33.746,203155,5.543,1.03,0.917,2.903,36.011,181.309,1.137,0.886,31.325,3,409.212,197.7,432.829,5.017,3.03,2.877,1282.445,500.242,40905.129,9.816,32.429,6.998,121.937,138.468,192.391,102.316,2.842
6.516,1.204,0.469,1.482,19.665,407.75,20.735,167218,5.41,1.05,1.296,3.119,34.988,173.905,1.296,1.058,28.416,3,410.386,198.369,425.39,5.705,2.837,2.997,1277.642,704.366,42305.073,9.723,31.698,9.22,125.692,129.551,195.733,109.682,3.424
2.952,1.34,0.522,2.875,12.338,311.534,25.25,214618,2.202,0.672,0.578,9.385,26.881,85.753,0.78,1.248,18.592,1,347.128,260.323,354.316,2.055,1.573,1.336,1218.731,309.359,38412.264,10.825,35.676,5.244,115.029,130.214,172.77,76.993,1.84
7.285,1.511,0.322,1.195,12.73,147.03,11.55,197015,4.823,1.008,0.753,1.671,28.6,78.942,1.127,1.433,24.247,3,390.541,208.886,415.44,6.357,2.64,2.537,1248.129,523.58,37913.019,8.598,30.737,4.277,122.017,141.158,184.386,92.808,2.389
7.231,1.615,0.293,2.258,10.422,276.896,26.569,161730,4.477,0.999,1.251,11.971,33.123,137.661,1.185,1.494,26.841,2,386.19,220.926,410.21,5.978,2.53,2.443,1216.666,710.808,43971.256,11.18,35.889,4.778,123.946,129.368,198.128,100.237,2.056
2.175,0.839,0.728,2.279,8.846,238.498,26.96,241447,2.592,0.691,0.934,6.75,28.131,56.02,0.852,0.715,16.874,1,354.739,248.174,364.895,1.795,1.933,1.527,1404.34,503.058,41106.181,11.866,38.658,3.338,128.329,117.052,202.928,83.584,1.537
6.955,1.51,0.46,1.355,17.274,479.429,27.755,72150,4.606,0.924,0.783,6.987,32.533,165.511,1.103,1.376,28.282,3,395.028,213.728,409.373,5.581,2.267,2.5,884.245,322.061,33894.777,7.33,22.188,4.286,102.624,132.037,163.582,96.846,2.784
2.773,1.501,0.447,1.514,10.996,521.169,47.395,237543,1.847,0.586,0.335,4.933,25.15,127.067,0.545,1.497,26.679,1,341.538,265.969,347.749,1.653,1.582,1.218,1237.212,179.027,40181.804,9.867,34.82,5.261,108.628,131.468,167.843,68.876,1.592
4.011,1.05,0.221,2.637,15.307,526,34.364,118316,3.819,0.901,1.204,8.593,37.941,178.619,1.09,0.963,33.008,2,373.262,227.618,403.486,3.296,2.235,2.168,1085.457,605.107,40027.388,9.538,28.464,5.222,121.458,129.364,193.486,96.414,2.474
6.461,1.035,0.499,2.476,16.253,371.727,22.871,146247,6.243,1.083,1.467,6.186,34.753,173.46,1.272,0.915,21.395,4,429.706,182.646,455.631,5.744,3.186,3.247,1253.904,780.827,42026.739,10.921,32.863,7.258,126.01,125.268,189.838,119.303,2.716
2.965,1.551,0.533,1.524,13.655,394.861,28.917,57002,1.911,0.63,1.044,4.62,32.535,99.832,0.521,1.459,35.198,1,336.106,257.668,352.309,1.554,1.081,1.371,857.787,372.376,35489.477,6.403,20.895,4.146,104.975,125.618,157.778,81.284,2.768
6.908,1.438,0.535,1.975,18.516,683.967,36.939,148823,4.803,0.969,1.328,3.917,35.378,199.326,1.197,1.353,32.451,3,401.572,212.066,420.154,5.682,2.632,2.563,1240.482,711.438,43992.784,9.583,32.766,7.637,125.692,131.627,198.858,105.735,3.252
6.993,1.839,0.624,0.936,13.326,433.363,32.521,164465,3.802,0.874,0.92,11.182,33.779,158.633,0.946,1.699,28.544,2,379.238,227.574,395.088,5.545,2.311,2.004,1139.585,453.743,39164.72,10.971,33.181,5.418,123.033,132.848,187.031,95.785,2.116
5.045,1.161,0.306,1.259,11.419,791.441,69.31,249494,4.346,0.911,0.578,4.201,32.742,247.225,1.023,1.087,39.594,2,377.12,222.606,403.43,4.308,2.601,2.318,1333.521,371.926,42282.54,10.75,37.736,5.054,120.39,137.252,186.445,92.172,1.915
2.038,1.025,0.351,1.869,18.752,407.732,21.743,244542,1.989,0.658,0.317,5.8,22.727,106.725,0.607,0.946,24.237,1,342.969,262.008,349.298,1.458,1.656,1.285,1236.232,179.424,38441.248,9.674,34.101,8.138,114.534,125.026,170.428,72.475,3.58
3.722,1.449,0.686,0.989,18.339,554.707,30.248,242607,2.569,0.727,1.084,4.854,31.043,142.223,0.723,1.34,28.433,1,364.054,251.58,367.764,2.768,1.939,1.663,1380.192,678.961,44110.281,12.5,38.632,8.666,125.007,127.385,182.383,86.68,3.379
5.702,1.237,0.768,2.655,9.968,135.254,13.568,106645,4.607,1.009,0.892,1.948,33.149,69.195,1.273,1.143,17.908,3,391.601,208.678,414.181,4.631,2.334,2.449,986.612,384.564,37165.825,7.072,24.913,3.192,109.511,130.55,165.656,96.183,1.777
7.887,1.05,0.282,2.38,8.312,557.338,67.056,248078,7.514,1.243,1.239,3.045,35.601,271.14,1.697,0.896,28.248,6,448.207,165.452,481.978,7.27,4.029,3.845,1500.651,845.745,47182.034,11.803,38.173,4.036,134.702,132.648,207.273,121.073,1.425
5.791,1.725,0.499,2.876,9.08,695.998,76.653,130205,3.358,0.794,1.134,3.085,32.977,183.34,1.016,1.603,33.39,2,377.693,234.377,385.895,4.323,1.88,1.958,1093.655,519.56,39743.521,8.959,29.417,3.026,118.094,121.423,179.346,88.03,1.601
3.559,1.112,0.329,2.326,11.439,759.72,66.417,217403,3.202,0.779,1.486,8.63,36.719,205.708,0.936,0.975,33.702,1,367.978,239.752,381.383,2.963,2.262,1.841,1418.888,927.906,46474.065,13.468,40.389,6.107,134.932,124.247,211.626,99.814,2.046
5.804,1.608,0.236,2.869,19.667,798.124,40.582,77590,3.609,0.897,0.912,5.472,27.063,256.783,1.028,1.441,34.012,2,369.677,235.339,386.801,4.423,1.791,1.927,929.242,374.969,39489.382,7.249,23.332,6.17,107.6,127.964,170.824,92.871,3.474
5.24,1.281,0.395,2.02,14.702,297.525,20.237,141283,4.09,0.931,0.813,9.602,31.349,124.654,0.938,1.197,21.808,2,378.394,230.195,406.009,4.298,2.248,2.206,1098.502,429.778,37442.101,9.945,30.458,5.087,110.421,137.32,173.593,91.489,2.642
6.679,1.173,0.286,2.12,12.479,502.759,40.288,242522,5.692,1.025,0.644,8.798,30.387,193.3,1.226,1.036,30.398,3,409.038,197.722,426.17,6.03,3.242,2.844,1345.489,338.836,44462.029,11.226,37.575,5.672,121.046,140.061,182.995,104.618,2.167
2.642,1.38,0.626,2.949,18.665,415.503,22.262,238346,1.915,0.635,0.872,3.113,29.257,124.379,0.803,1.35,22.536,1,343.326,263.27,357.861,1.701,1.629,1.249,1346.454,495.914,41366.932,11.291,35.275,8.532,119.821,124.779,187.821,77.254,3.162
6.566,1.801,0.52,2.213,13.438,494.672,36.812,180421,3.645,0.852,1.347,7.192,32.958,165.502,0.913,1.671,27.032,2,376.87,228.593,389.444,5.215,2.213,2.274,1307.066,798.718,44330.944,11.277,35.653,5.95,127.194,130.288,192.238,96.82,2.326
5.248,1.392,0.286,0.868,11.783,210.217,17.841,205519,3.77,0.857,0.351,9.172,28.475,90.573,1.081,1.349,23.379,2,370.16,230.328,384.049,4.128,2.305,2.015,1156.444,195.391,35511.201,9.959,30.718,5.126,106.518,128.198,172.556,85.724,2.176
7.778,1.751,0.206,2.392,19.295,699.305,36.243,68813,4.443,0.916,1.473,7.963,36.261,227.613,1.063,1.564,33.887,2,392.543,218.101,413.92,6.2,2.324,2.383,1001.058,609.033,38233,8.817,25.307,6.446,114.578,129.509,177.792,102.888,3.283
4.051,1.125,0.685,2.792,18.194,736.698,40.491,188764,3.6,0.883,1.492,7.6,37.834,226.018,0.762,1.017,30.8,2,377.744,233.952,404.223,3.371,2.227,1.965,1365.33,868.775,45965.736,12.007,37.221,8.505,126.083,126.845,192.006,96.475,3.314
5.796,1.773,0.306,2.55,18.124,414.763,22.885,165971,3.269,0.778,1.017,9.136,36.73,137.556,0.903,1.699,25.41,1,365.947,238.269,384.238,4.348,2.152,1.891,1164.329,534.346,40140.334,10.21,34.7,7.707,119.087,120.112,184.796,92.511,3.398
7.592,1.237,0.564,2.084,14.147,296.301,20.944,50141,6.138,1.091,0.698,1.625,32.409,184.639,1.434,1.161,25.084,4,414.419,188.994,442.552,6.398,2.742,3.117,821.695,258.765,31294.736,5.131,18.948,4.291,98.702,134.28,153.661,106.509,2.594
2.615,1.677,0.402,2.277,17.473,198.583,11.365,54894,1.559,0.551,0.568,9.046,23.241,40.489,0.521,1.565,22.136,1,325.735,264.816,337.369,1.044,1.022,1.183,764.353,230.546,30592.697,6.588,21.397,4.331,99.292,121.354,156.732,76.089,3.016
7.623,1.566,0.551,2.978,10.152,578.635,56.996,53857,4.869,0.959,0.632,3.999,33.157,202.385,1.225,1.443,28.037,3,393.06,212.149,416.781,6.105,2.245,2.473,754.067,260.794,33802.24,5.183,16.898,3.162,102.482,132.974,151.296,94.581,1.828
6.127,1.929,0.389,0.999,14.879,318.562,21.411,189358,3.176,0.803,0.36,7.291,32.293,85.47,0.738,1.868,21.499,1,352.95,237.129,372.147,4.618,2.078,1.876,1127.172,215.274,39212.003,8.81,30.785,6.324,108.57,131.034,165.498,80.609,2.698
2.407,1.387,0.252,2.268,19.806,736.677,37.194,61177,1.735,0.564,0.87,3.665,29.873,184.2,0.437,1.312,30.587,1,342.934,269.314,347.696,1.218,1.085,1.05,836.113,351.066,34172.063,5.471,19.516,6.216,101.01,117.475,158.491,77.495,3.579
3.806,1.066,0.334,1.423,11.492,569.709,49.577,132901,3.57,0.833,0.369,10.227,32.687,206.06,0.941,0.994,27.639,2,365.701,230.484,381.523,3.041,2.006,1.872,941.157,162.063,37537.089,7.798,26.709,3.937,103.991,137.965,164.301,86.619,2.355
6.249,1.019,0.313,2.208,17.532,551.98,31.484,108535,6.132,1.163,1.162,6.286,36.149,231.853,1.442,0.869,31.665,5,421.512,188.984,451.72,5.478,3.05,3.088,1098.453,614.036,37975.681,8.796,28.525,6.654,115.014,130.643,191.354,110.289,2.889
2.404,1.207,0.457,2.137,13.886,491.581,35.402,151110,1.992,0.623,0.746,8.072,27.244,119.913,0.731,1.173,28.566,1,341.832,257.596,355.834,1.56,1.424,1.331,1071.423,384.541,36649.957,9.603,30.368,4.67,112.759,117.904,180.29,79.045,2.518
5.493,1.525,0.595,1.138,8.478,132.043,15.575,185424,3.603,0.842,0.539,9.735,30.494,64.645,0.987,1.514,21.823,2,369.263,233.503,382.167,4.409,2.194,1.843,1150.302,286.776,38755.332,9.783,33.588,2.721,111.777,127.182,170.499,87.375,1.43
4.075,1.775,0.358,1.255,17.156,752.346,43.853,180638,2.296,0.68,0.954,10.848,29.314,180.539,0.602,1.686,33.255,1,355.913,258.348,359.441,2.599,1.811,1.483,1193.362,461.206,39076.738,11.075,33.453,7.123,114.702,120.227,184.884,85.372,2.81
5.725,1.234,0.207,2.168,10.023,539.556,53.833,143414,4.638,0.975,1.469,9.053,36.902,175.914,1.146,1.111,25.173,3,392.766,213.053,416.759,4.655,2.617,2.471,1249.213,745.444,43592.612,11.513,32.769,4.389,126.969,124.652,199.122,106.085,1.508
2.274,1.083,0.511,1.082,15.578,795.843,51.089,132153,2.101,0.672,1.134,2.636,32.545,210.685,0.726,0.985,36.594,1,342.667,259.824,360.567,1.478,1.446,1.551,1113.834,578.846,40592.053,8.853,29.392,5.942,110.974,127.818,177.475,79.725,2.945
7.229,1.03,0.563,1.383,9.028,476.149,52.742,117519,7.018,1.155,0.89,10.4,37.519,209.855,1.298,0.941,29.002,5,435.702,172.011,468.703,6.508,3.481,3.395,1052.286,393.542,38570.703,9.579,30.119,3.27,115.954,134.901,181.596,112.779,1.318
7.841,1.961,0.778,2.638,19.362,597.078,30.837,219620,3.997,0.933,1.232,7.804,35.148,174.18,1.046,1.862,30.839,2,382.293,219.054,403.518,6.192,2.55,2.304,1388.461,728.246,42306.4,12.136,38.655,10.091,130.763,127.65,208.431,95.843,3.508
7.813,1.668,0.554,1.52,11.501,139.347,12.116,102787,4.685,0.999,1.185,7.704,35.22,92.324,1.129,1.509,15.63,3,397.611,208.146,408.518,6.356,2.399,2.409,1091.038,589.891,40414.437,8.831,27.804,5.205,113.703,125.443,180.571,101.107,2.061
6.498,1.933,0.483,1.874,10.718,542.215,50.591,87060,3.361,0.843,1.37,11.135,35.19,166.411,0.87,1.793,28.341,2,377.069,232.423,393.427,4.829,2.02,1.894,1083.199,620.335,39716.025,10.01,30.239,3.51,118.099,122.464,185.262,97.618,1.716
2.781,1.265,0.544,2.871,9.55,635.255,66.521,193529,2.197,0.639,0.546,3.737,23.93,148.828,0.691,1.162,26.858,1,340.58,252.46,349.489,1.893,1.607,1.253,1106.209,336.731,34812.057,9.337,30.905,3.842,112.834,127.225,173.139,76.397,1.87
6.55,1.611,0.757,1.3,19.352,644.96,33.328,109147,4.064,0.864,1.331,3.635,34.11,172.271,0.892,1.57,33.025,2,388.879,217.559,402.523,5.278,2.197,2.335,1118.714,661.39,39536.679,9.378,28.05,7.603,116.45,127.991,178.731,99.487,3.207
2.148,1.245,0.697,1.657,16.543,639.078,38.632,216339,1.725,0.597,0.661,6.645,27.909,152.063,0.614,1.19,29.074,1,333.573,266.15,346.677,1.442,1.521,1.193,1215.421,395.376,37398.288,11.286,33.503,7.375,116.639,126.544,176.991,74.559,2.848
2.133,0.713,0.394,2.134,16.9,258.398,15.29,102135,2.992,0.807,1.429,9.259,33.824,60.934,0.909,0.573,20.128,1,368.455,244.659,382.649,1.61,1.869,1.956,1108.999,719.991,39993.033,10.575,31.084,7.426,113.666,118.777,175.885,94.175,2.781
3.942,1.848,0.342,2.462,13.993,782.779,55.941,184427,2.133,0.663,0.637,5.92,28.327,178.443,0.757,1.749,29.609,1,339.816,253.783,358.06,2.433,1.667,1.204,1110.81,257.062,37115.269,9.324,30.886,6.534,113.03,122.09,179.625,76.133,2.653
4.932,1.947,0.358,2.784,13.697,796.627,58.162,39923,2.533,0.696,1.412,7.973,32.86,234.407,0.637,1.859,37.78,1,360.242,250.018,370.226,3.037,1.403,1.668,922.278,589.991,34802.017,7.602,22.262,4.781,104.181,122.842,163.805,89.335,2.66
6.622,1.885,0.503,2.814,9.32,152.917,16.407,114823,3.514,0.809,1.457,5.978,32.384,66.468,0.777,1.789,18.283,2,377.725,229.262,390.909,4.978,2.068,2.013,1123.76,715.371,41021.463,9.868,28.982,3.686,120.089,122.52,183.038,96.708,1.684
6.1,1.739,0.646,2.509,14.718,755.512,51.332,105510,3.507,0.86,0.475,7.714,32.473,219.731,0.97,1.675,34.587,2,363.469,234.278,381.613,4.478,1.894,1.85,892.239,206.372,32725.393,7.76,23.218,4.415,103.587,131.749,164.432,85.106,3.143
4.675,1.277,0.502,1.302,10.963,302.614,27.603,209669,3.66,0.88,1.469,10.045,35.385,106.847,0.954,1.136,20.879,2,375.139,228.757,402.059,3.709,2.32,2.118,1404.499,896.948,47592.575,11.904,41.685,6.633,133.185,127.005,201.732,97.121,2.018
3.642,1.282,0.241,0.855,19.726,582.499,29.53,242752,2.842,0.734,0.403,2.985,28.717,148.134,1.015,1.216,24.546,1,358.179,242.294,369.867,2.664,1.888,1.571,1247.669,263.159,40221.397,8.941,32.912,8.23,119.847,132.775,187.092,77.055,3.665
7.983,1.963,0.634,1.644,17.559,336.678,19.174,131393,4.066,0.865,0.562,8.649,29.229,130.396,1.022,1.875,22.28,2,376.996,222.252,396.545,6.28,2.239,2.182,979.331,302.671,35419.016,8.211,27.476,6.43,103.883,128.644,166.598,92.074,3.345
4.557,1.01,0.684,1.111,12.956,777.428,60.006,211463,4.511,0.947,0.833,9.662,34.326,246.59,1.098,0.873,34.109,2,393.571,215.158,414.535,4.133,2.734,2.481,1274.217,449.14,43279.649,10.987,34.267,5.646,122.959,131.33,185.883,96.338,2.173
4.708,1.716,0.374,2.363,9.816,171.053,17.426,183932,2.744,0.752,1.492,5.918,33.401,47.402,0.781,1.568,20.161,1,362.136,244.763,382.849,3.201,1.948,1.797,1335.336,865.19,44845.03,10.787,37.108,3.918,121.555,120.129,189.092,94.371,1.804
2.982,1.706,0.598,2.254,17.424,448.423,25.736,242824,1.748,0.607,0.886,4.556,27.32,102.307,0.495,1.635,24.574,1,345.527,262.962,352.235,1.746,1.641,1.247,1367.781,565.435,43153.486,11.241,36.43,9.199,120.841,117.249,184.509,78.827,2.916
6.769,1.623,0.456,0.897,9.465,399.633,42.224,208443,4.171,0.948,0.96,1.149,33.099,126.915,1.119,1.514,23.626,2,380.896,218.56,398.584,5.546,2.556,2.442,1339.019,568.148,43184.797,10.162,33.431,3.565,122.765,131.942,196.799,96.755,1.411
6.162,1.99,0.733,2.641,10.272,328.216,31.953,47045,3.096,0.801,1.133,9.768,33.399,100.488,0.858,1.897,18.898,1,372.959,242.13,384.853,4.254,1.689,1.904,860.153,442.52,34405.972,7.883,23.82,2.018,110.354,122.795,180.048,92.536,2.033
3.325,1.312,0.707,1.347,10.538,551.874,52.369,186921,2.534,0.688,1.462,4.607,33.213,151.846,0.713,1.222,28.696,1,360.933,247.433,372.487,2.487,1.806,1.615,1338.855,851.613,44797.864,10.478,36.301,5.288,126.937,118.938,198.973,95.479,1.683
2.494,1.34,0.515,1.751,14.683,191.739,13.059,147809,1.861,0.625,1.24,4.93,31.436,40.915,0.625,1.285,16.904,1,347.505,260.206,354.252,1.379,1.404,1.359,1189.636,694.323,42457.898,9.763,31.294,5.961,120.299,121.433,189.976,85.518,2.642
6.083,1.079,0.615,2.269,17.445,601.664,34.49,33615,5.638,1.12,0.569,4.696,33.904,221.9,1.35,0.943,35.485,4,403.157,193.444,428.132,4.916,2.576,2.996,722.337,230.537,27652.37,4.652,18.467,4.626,95.005,140.129,152.723,103.066,3.449
5.927,1.443,0.73,1.745,11.772,786.414,66.805,85288,4.108,0.949,0.664,6.486,34.095,243.391,0.933,1.359,35.907,2,383.497,219.593,397.653,4.612,2.013,2.152,846.597,320.936,35969.837,6.615,22.785,3.485,102.569,129.615,162.042,92.304,1.737
3.64,1.261,0.497,1.771,9.016,663.191,73.557,232786,2.886,0.793,0.417,8.727,31.659,196.243,0.912,1.203,33.438,1,359.178,246.136,365.998,2.791,2.096,1.606,1202.964,282.106,38169.564,10.966,37.63,4.096,112.448,131.265,171.001,82.726,1.741
7.705,1.343,0.388,0.944,13.574,702.012,51.716,233733,5.736,1.056,1.073,9.49,36.445,264.648,1.207,1.207,33.03,3,412.677,197.303,439.743,6.651,3.267,3.056,1359.563,644.194,44456.915,12.895,40.385,6.312,127.063,133.66,195.169,106.537,2.407
2.906,1.699,0.652,1.683,16.977,351.746,20.719,205747,1.711,0.603,0.517,5.318,26.132,94.729,0.575,1.634,23.811,1,327.422,267.664,343.142,1.638,1.402,1.091,1206.808,290.625,37044.387,9.29,32.287,7.622,108.457,121.719,166.301,74.346,3.026
4.594,1.935,0.332,2.483,10.66,327.421,30.715,245991,2.374,0.718,0.609,8.294,26.931,107.506,0.842,1.845,20.384,1,344.36,253.474,360.407,3.056,1.812,1.504,1328.072,416.052,43508.133,11.589,38.416,5.421,117.249,123.205,174.804,81.476,1.912
7.662,1.186,0.433,2.813,10.639,461.934,43.419,207439,6.462,1.164,1.366,8.928,36.346,189.588,1.567,1.101,24.671,5,425.512,181.142,460.756,6.884,3.579,3.426,1416.27,824.592,44855.58,11.935,39.078,6.048,139.576,134.618,220.254,118.525,1.878
4.518,1.373,0.719,1.71,19.367,132.009,6.816,32244,3.292,0.796,0.692,4.266,34.229,49.652,0.735,1.284,18.53,1,367.975,239.453,379.553,3.181,1.518,1.734,759.944,267.796,33186.694,5.487,17.424,5.783,95.705,122.758,143.336,86.197,3.57
5.831,1.929,0.635,1.732,19.45,761.751,39.165,93323,3.023,0.818,0.98,2.063,32.299,224.539,0.88,1.838,36.027,1,362.362,245.081,375.327,4.003,1.641,1.775,964.47,444.875,35960.48,6.883,23.555,6.512,104.596,122.428,165.438,88.835,3.261
4.386,1.062,0.442,2.346,19.886,200.65,10.09,36737,4.13,0.91,0.777,10.841,36.282,100.093,1.056,0.95,14.819,2,380.333,219.489,392.166,3.468,1.969,2.319,824.485,294.031,33265.978,6.516,21.095,6.086,97.744,125.951,148.595,92.579,3.657
3.645,1.092,0.329,2.874,17.692,732.109,41.381,50703,3.337,0.792,0.389,8.448,28.814,203.123,0.749,0.999,31.972,2,361.691,239.079,381.164,2.632,1.759,1.782,731.721,137.694,29350.642,5.535,20.817,4.74,95.633,125.79,147.341,81.489,2.947
7.904,1.163,0.414,1.388,10.258,158.508,15.452,78144,6.797,1.127,0.735,8.129,33.953,137.47,1.471,1.004,25.999,5,435.583,175.609,458.681,6.902,3.168,3.139,896.793,310.385,36681.101,7.545,25.376,3.43,104.039,136.024,163.494,114.308,2.245
4.456,1.595,0.37,1.768,10.544,675.837,64.098,140782,2.793,0.763,0.79,1.648,30.169,178.702,0.819,1.536,33.386,1,358.359,249.535,370.225,3.189,1.592,1.613,1085.914,404.434,37650.512,7.064,26.477,3.345,114.729,130.826,183.941,83.161,1.853
7.365,1.15,0.306,2.551,12.083,206.374,17.08,216457,6.401,1.131,1.375,9.997,36.892,140.596,1.404,1.028,26.298,5,429.764,186.061,462.016,6.67,3.503,3.344,1439.778,907.801,47752.095,12.735,41.488,6.465,137.388,135.418,216.43,115.422,2.17
3.38,1.968,0.646,2.141,11.818,126.692,10.721,219632,1.717,0.566,0.689,7.227,26,27.798,0.476,1.886,15.528,1,335.327,260.798,340.898,1.863,1.607,1.223,1277.275,408.079,38091.148,11.031,36.356,5.587,114.971,125.952,177.733,74.452,2.461
3.279,1.447,0.351,1.043,19.478,603.643,30.99,165564,2.266,0.694,0.755,10.327,27.047,139.585,0.742,1.334,28.492,1,348.225,254.325,359.144,2.097,1.6,1.419,1149.2,357.29,37648.623,9.902,33.171,8.745,109.816,122.328,170.078,78.533,3.329
2.187,1.502,0.473,2.181,17.469,296.186,16.955,234198,1.456,0.559,1.239,11.72,30.672,60.294,0.595,1.413,24.542,1,334.707,272.728,343.058,1.065,1.592,1.163,1404.935,788.604,44638.808,12.716,42.334,9.173,124.274,108.82,187.916,78.619,3.105
5.91,1.247,0.432,1.211,16.688,600.147,35.963,140013,4.741,1.002,1.211,11.528,36.975,237.497,1.172,1.103,32.882,3,398.814,211.66,421.448,4.956,2.694,2.549,1172.256,660.998,39264.123,10.753,33.717,6.922,121.195,127.981,190.399,99.263,2.686
4.211,1.471,0.789,1.922,10.232,488.56,47.75,225587,2.863,0.739,1.258,10.417,36.786,147.876,0.748,1.355,26.886,1,359.525,235.473,369.174,3.114,2.146,1.818,1384.533,751.214,44917.321,13.147,41.109,4.907,129.823,126.609,200.898,87.031,1.61
7.186,1.662,0.435,1.964,18.914,176.165,9.314,129894,4.324,0.954,1.445,1.12,34.353,121.778,1.054,1.49,16.431,2,395.255,213.692,415.679,5.848,2.248,2.555,1156.144,718.444,40821.421,8.386,28.143,7.152,127.051,125.475,193.207,102.217,3.076
4.839,1.751,0.248,2.728,17.934,752.491,41.958,90989,2.763,0.711,1.255,10.743,30.851,186.499,0.774,1.651,37.129,1,359.349,250.262,378.902,3.26,1.701,1.753,1040.221,550.353,37273.264,10.05,28.486,7.438,113.111,121.219,178.435,90.313,3.35
7.809,1.754,0.254,1.817,9.964,416.62,41.814,231610,4.453,0.931,0.789,1.826,30.787,165.834,1.078,1.655,33.67,2,391.831,220.341,403.733,6.57,2.59,2.343,1347.122,505.928,43562.909,10.27,33.205,4.165,122.113,130.76,194.952,92.285,1.884
3.113,1.578,0.554,1.415,18.454,614.113,33.278,115345,1.973,0.626,1.286,10.363,32.903,120.019,0.696,1.509,25.14,1,356.001,256.002,359.101,1.687,1.448,1.395,1053.743,543.978,38551.141,10.318,31.336,5.872,118.617,121.274,183.144,84.604,3.196
7.212,1.904,0.56,1.308,11.267,450.714,40.003,140748,3.787,0.905,0.91,4.082,34.132,150.841,0.971,1.791,31.099,2,377.274,230.655,390.632,5.498,2.155,2.199,1084.347,473.773,37092.474,8.724,28.398,4.726,116.596,133.19,178.474,95,1.899
6.66,1.817,0.451,2.723,8.97,523.053,58.309,102349,3.664,0.852,0.633,7.711,29.003,178.936,0.852,1.714,27.079,2,377.537,229.841,389.925,5.181,1.976,1.995,928.134,265.39,36245.53,7.689,25.18,2.957,101.841,124.296,155.541,87.306,1.79
6.626,1.757,0.459,1.176,15.882,311.942,19.641,175824,3.771,0.831,0.664,1.419,28.823,125.375,0.963,1.617,22.123,2,377.516,225.385,394.201,5.208,2.132,2.085,1141.174,354.223,39341.838,8.3,27.669,6.476,112.766,119.905,176.394,87.379,2.838
7.069,1.056,0.232,1.737,15.846,240.252,15.162,248906,6.696,1.147,0.569,9.483,35.947,134.883,1.383,0.974,23.404,5,420.489,175.926,450.123,6.584,3.629,3.279,1381.771,284.61,41275.34,11.559,39.045,7.757,125.853,142.489,190.302,108.577,2.662
6.566,1.007,0.51,1.212,9.139,479.799,52.499,35612,6.521,1.149,0.474,2.229,34.451,224.794,1.475,0.923,24.975,5,422.567,174.869,443.969,5.518,2.86,3.286,710.398,137.306,31110.464,4.719,15.523,1.743,97.508,139.828,151.44,107.375,1.845
5.757,1.212,0.503,2.501,11.826,408.153,34.513,227966,4.749,1.025,0.521,5.518,33.898,148.683,1.186,1.11,26.191,3,392.692,208.656,415.11,4.978,2.693,2.529,1261.063,295.029,41589.194,10.534,36.361,5.404,116.013,139.19,178.196,93.378,2.085
2.787,1.664,0.29,1.844,19.914,373.079,18.735,30863,1.676,0.608,0.376,9.992,25.036,87.78,0.642,1.56,18.926,1,336.311,261.914,349.139,1.29,0.849,1.04,668.587,104.008,29119.389,5.381,18.335,4.499,88.294,124.117,138.878,73.145,3.709
2.195,0.898,0.262,1.573,16.141,570.797,35.363,110130,2.445,0.681,1.366,8.649,27.884,149.518,0.626,0.752,30.423,1,358.388,253.666,372.166,1.393,1.591,1.691,1092.784,669.82,35497.897,9.591,29.403,5.942,113.954,121.591,178.956,89.449,2.879
7.525,1.402,0.274,1.594,16.761,583.355,34.804,67093,5.366,1.01,1.417,1.066,34.034,194.599,1.217,1.249,37.323,3,411.418,202.983,437.329,6.439,2.553,2.877,1000.123,638.216,38914.229,7.098,21.671,6.579,115.866,128.408,175.102,113.029,3.39
5.7,1.885,0.261,2.675,10.555,132.144,12.52,196615,3.024,0.756,1.004,5.433,32.467,76.9,0.76,1.813,16.41,1,364.502,239.432,377.26,4.225,1.981,1.758,1255.064,604.121,42302.417,10.178,34.383,5.032,116.844,121.776,183.779,84.858,1.828
6.779,1.896,0.566,2.018,8.945,337.121,37.687,41134,3.576,0.876,1.309,1.461,37.964,119.028,0.87,1.782,23.424,2,377.993,231.15,395.103,4.9,1.707,1.992,910.261,543.765,36373.335,6.875,19.182,1.699,106.325,124.213,166.635,92.914,1.169
4.889,1.909,0.318,2.379,11.323,388.235,34.288,151766,2.561,0.685,0.52,8.408,27.437,128.607,0.648,1.789,24.086,1,346.404,248.947,363.985,3.312,1.65,1.488,1026.969,232.12,36142.358,8.145,27.83,4.178,112.088,125.7,172.973,78.333,1.977
2.704,1.314,0.351,2.773,10.987,167.825,15.275,94883,2.058,0.621,1.382,11.658,35.537,60.961,0.581,1.221,21.641,1,349.918,262.157,361.128,1.668,1.447,1.551,1070.655,673.79,40223.287,10.409,29.112,4.65,112.441,120.033,172.562,83.311,1.989
2.751,1.691,0.304,2.784,10.815,265.131,24.516,59407,1.627,0.576,0.908,8.208,30.204,48.724,0.654,1.583,22.15,1,332.548,261.34,352.082,1.113,0.996,0.918,857.738,335.564,31631.891,7.915,21.905,2.624,103.72,119.337,159.068,80.427,2.011
6.113,1.272,0.775,1.523,10.313,136.149,13.202,199800,4.808,0.962,0.381,3.468,28.278,104.795,1.08,1.164,22.012,3,388.351,209.403,411.039,5.187,2.653,2.209,1092.57,195.298,38657.162,8.278,31.282,3.512,111.99,131.521,172.9,93.685,2.007
4.582,1.191,0.713,2.895,14.897,797.369,53.525,77831,3.848,0.847,0.47,4.908,30.468,248.192,0.853,1.133,33.803,2,371.602,219.575,391.52,3.567,1.77,2.086,787.012,184.906,32499.388,6.588,19.063,4.604,94.345,138.306,142.509,86.913,2.551
3.203,1.185,0.338,0.855,11.937,615.59,51.569,79208,2.704,0.73,0.671,11.743,31.166,158.69,0.781,1.122,31.609,1,352.76,247.993,366.888,2.214,1.603,1.597,853.114,306.358,31361.562,8.504,24.013,3.337,97.094,127.767,147.758,85.084,2.441
4.95,1.342,0.397,1.629,17.844,161.215,9.035,90516,3.688,0.845,0.352,3.465,24.694,78.774,0.945,1.293,9.306,2,365.697,228.319,385.12,3.773,1.857,1.999,851.226,181.781,33944.741,5.566,18.389,4.327,94.96,137.966,148.005,85.628,3.394
2.385,1.049,0.326,2.771,10.207,114.175,11.186,159088,2.274,0.679,0.671,7.177,30.125,20,0.656,0.967,19.574,1,348.719,255.38,362.955,1.687,1.6,1.35,1070.828,351.123,39271.295,9.362,27.868,4.425,115.761,120.641,177.143,78.554,1.843
5.492,1.831,0.495,1.404,13.576,603.501,44.455,175126,2.999,0.817,0.372,5.405,31.634,199.63,0.862,1.777,26.701,1,356.437,237.461,371.034,4.079,1.754,1.517,1078.67,246.091,37552.042,7.966,28.146,5.038,106.817,130.511,169.079,78.896,2.294
3.614,1.12,0.212,1.401,8.164,407.435,49.907,33872,3.227,0.778,0.583,9.451,30.467,143.639,0.928,1.017,24.315,1,362.238,245.199,378.671,2.576,1.619,1.713,731.805,231.396,31759.107,5.744,19.009,2.278,94.442,129.438,145.86,85.7,1.838
6.785,1.735,0.603,1.466,13.78,650.758,47.224,83211,3.911,0.879,0.619,10.541,30.895,203.104,1.044,1.632,34.019,2,370.956,220.919,394.197,5.162,2.019,2.22,882.65,229.439,32841.852,7.561,22.795,4.232,103.712,134.04,158.855,90.847,2.608
3.862,1.531,0.514,2.147,8.67,746.433,86.093,124813,2.522,0.745,1.493,4.749,32.573,227.888,0.823,1.402,29.035,1,359.135,246.872,371.943,2.579,1.714,1.637,1161.773,768.17,40655.002,10.238,28.81,4.086,122.316,112.869,190.915,91.936,1.417
4.731,1.288,0.739,1.764,19.733,519.51,26.327,103034,3.674,0.895,0.583,8.264,30.608,140.221,0.898,1.194,31.836,2,376.532,233.347,382.178,3.79,1.99,1.982,897.42,291.516,33144.854,7.467,22.617,5.648,106.187,124.758,162.966,89.319,3.815
2.07,0.727,0.299,2.399,17.487,230.976,13.208,224517,2.846,0.751,0.587,7.04,27.01,63.717,1.031,0.605,20.406,1,361.745,247.347,375.951,1.818,1.929,1.417,1226.619,290.758,40414.462,10.446,35.042,7.84,114.946,125.193,175.048,84.869,3.174
2.435,1.3,0.682,2.769,13.881,647.536,46.648,203295,1.873,0.628,1.124,4.063,28.659,162.807,0.705,1.198,35.06,1,346.448,257.065,358.967,1.641,1.47,1.153,1363.645,665.433,42763.484,10.185,35.805,7.285,118.616,122.037,182.503,79.944,2.767
4.355,1.596,0.675,2.283,9.039,769.068,85.083,167695,2.729,0.713,1.331,3.991,31.044,251.678,0.797,1.529,31.369,1,361.245,245.099,380.999,3.053,1.783,1.782,1264.288,705.132,41824.316,10.545,31.448,3.325,119.804,118.039,177.527,94.548,1.418
4.88,1.434,0.276,1.25,15.109,506.162,33.5,104369,3.403,0.848,0.764,6.925,31.458,140.766,0.836,1.303,22.607,2,371.138,235.825,379.754,3.676,1.911,1.901,998.096,353.349,37247.872,8.176,24.449,4.908,101.863,128.81,150.004,91.596,2.657
5.6,1.164,0.439,2.852,17.105,577.398,33.756,184147,4.809,1.034,1.351,2.694,34.692,174.373,1.273,0.988,30.482,3,397.408,204.854,427.796,4.868,2.736,2.729,1308.127,806.67,46188.1,10.092,34.972,8.654,127.253,130.407,193.561,108.309,3.315
3.75,1.117,0.302,1.382,10.289,336.232,32.68,215600,3.358,0.828,0.708,9.919,29.028,91.746,0.867,0.985,25.478,2,366.337,234.857,390.251,3.184,2.233,1.822,1284.111,444.475,41280.321,10.216,35.903,5.165,107.374,125.854,161.655,86.595,1.697
6.17,1.547,0.353,1.13,14.819,367.069,24.771,160862,3.989,0.899,0.536,1.759,32.449,144.88,0.999,1.533,26.784,2,374.198,225.295,398.376,5.043,2.173,2.004,1062.81,266.294,35390.092,7.405,26.387,5.103,111.916,138.525,176.071,87.933,2.601
7.161,1.902,0.358,0.998,17.771,614.258,34.566,202581,3.764,0.846,0.696,2.04,31.673,181.589,0.814,1.821,27.333,2,378.342,233.183,397.747,5.574,2.211,2.014,1220.419,402.667,40307.458,9.229,31.704,6.983,118.695,126.628,189.017,89.905,2.63
6.679,1.344,0.534,2.039,17.219,749.44,43.524,194803,4.97,1.017,1.031,4.764,33.246,244.957,1.091,1.213,29.929,3,402.887,205.708,424.9,5.817,2.766,2.591,1277.588,551.323,42756.755,10.291,33.42,7.841,121.211,123.988,189.177,102.73,3.151
2.238,1.188,0.447,1.05,17.636,540.292,30.636,155782,1.883,0.623,0.741,2.299,29.452,149.007,0.651,1.111,27.063,1,341.163,262.188,346.929,1.496,1.405,1.162,1068.914,310.572,38063.724,8.084,26.721,6.763,105.371,118.839,155.738,78.783,3.383
4.883,1.659,0.769,1.105,18.552,652.894,35.193,98680,2.944,0.784,1.107,6.233,30.93,183.122,0.919,1.558,33.007,1,370.991,238.414,380.087,3.376,1.683,1.714,999.695,520.421,36782.977,8.547,26.638,6.462,115.766,121.321,173.798,88.569,3.122
2.63,1.477,0.276,1.46,19.252,220.145,11.435,194072,1.781,0.572,0.584,5.396,27.328,55.863,0.614,1.389,21.189,1,339.543,269.032,342.102,1.469,1.478,1.118,1155.491,227.934,39264.076,9.095,30.02,8.953,113.57,123.18,177.434,76.318,3.537
3.452,1.821,0.784,1.42,12.866,248.371,19.304,75495,1.896,0.623,1.141,8.94,31.986,71.142,0.669,1.71,25.416,1,346.962,262.308,353.013,1.78,1.229,1.265,938.064,454.223,36638.12,8.005,24.052,4.548,106.3,120.449,164.079,81.27,2.173
7.92,1.567,0.338,2.129,14.825,472.424,31.866,201487,5.056,1.021,0.717,11.483,31.917,171.425,1.194,1.451,26.776,3,399.165,208.662,421.089,6.771,2.936,2.539,1235.707,424.754,40658.124,11.451,34.911,5.992,117.315,137.254,174.411,99.087,2.345
2.855,1.511,0.664,2.597,17.488,223.588,12.785,207000,1.889,0.6,0.847,9.289,26.248,53.324,0.561,1.408,14.457,1,337.425,261.022,352.453,1.73,1.647,1.378,1235.218,465.968,41223.789,10.782,36.604,8.089,117.406,128.754,178.55,79.834,3.057
4.993,1.898,0.403,2.475,16.366,544.497,33.271,210871,2.63,0.709,0.969,2.974,30.089,156.089,0.768,1.791,32.037,1,353.461,244.632,371.35,3.422,1.894,1.628,1310.347,487.34,43289.141,9.669,35.295,7.535,116.932,123.615,176.945,85.287,2.802
5.709,1.4,0.286,1.377,19.946,304.157,15.249,134041,4.079,0.889,1.123,11.291,30.429,128.775,1.076,1.294,23.744,2,384.442,227.547,396.056,4.695,2.432,2.265,1116.592,571.112,38277.693,10.644,31.41,7.457,117.849,131.046,188.494,95.684,3.582
6.215,1.327,0.715,1.34,8.164,654.073,80.115,72345,4.684,0.995,0.586,5.313,31.725,211.963,1.152,1.194,33.177,3,389.992,210.141,409.47,4.964,2.112,2.436,874,228.553,35352.278,5.801,21.251,2.948,97.566,133.365,154.048,93.022,1.391
5.358,1.011,0.385,2.925,12.262,665.677,54.29,51939,5.301,1.047,1.303,6.216,35.216,188.665,1.336,0.953,35.131,3,410.801,200.581,434.447,4.41,2.563,2.876,943.93,556.295,37341.796,7.397,24.672,4.789,105.081,132.144,161.726,109.872,2.435
2.059,0.845,0.595,0.818,11.372,424.651,37.341,193539,2.436,0.727,1.166,5.637,26.457,129.809,0.735,0.763,29.314,1,352.842,252.731,370.584,1.609,1.803,1.614,1290.033,641.702,42144.364,11.426,34.99,5.243,120.495,121.076,187.682,87.04,1.9
3.959,1.801,0.54,2.735,11.148,226.567,20.324,224977,2.198,0.654,0.581,4.086,29.227,77.172,0.587,1.687,20.209,1,345.658,256.788,358.585,2.49,1.708,1.249,1279.022,317.632,40499.155,10.411,34.209,4.502,112.251,124.362,174.572,80.132,1.963
5.106,1.104,0.483,1.239,10.67,552.742,51.802,173184,4.623,1.007,1.47,10.845,35.604,196.177,1.16,0.891,33.378,3,398.274,209.708,420.358,4.224,2.72,2.465,1308.852,798.339,46092.562,12.667,39.153,4.945,134.752,129.129,209.182,107.293,1.924
2.527,1.159,0.497,2.884,16.509,794.951,48.151,61715,2.18,0.681,1.098,4.655,32.921,213.218,0.7,1.04,36.252,1,350.723,255.825,359.607,1.457,1.271,1.255,897.004,428.414,36520.674,7.415,21.531,4.705,110.356,125.57,178.359,82.867,2.929
4.104,1.464,0.639,1.553,9.017,535.814,59.422,235677,2.803,0.746,0.843,7.365,30.749,148.859,0.786,1.391,26.411,1,358.951,238.716,373.79,3.177,2.057,1.798,1326.048,526.449,42798.926,11.882,37.341,4.298,119.051,125.407,190.164,86.75,1.491
2.199,0.733,0.253,1.769,16.899,125.042,7.399,247602,3.002,0.748,0.489,3.64,30.405,57.906,0.909,0.668,17.419,1,353.308,244.204,370.71,1.977,2.102,1.627,1299.849,282.599,41425.862,10.799,36.457,8.066,117.192,128.304,187.747,82.586,3.037
2.471,1.519,0.601,2.356,16.321,112.106,6.869,125343,1.627,0.56,0.94,9.771,30.86,35.136,0.603,1.434,18.893,1,329.636,269.901,350.671,1.038,1.327,1.178,1026.628,415.425,36490.841,9.871,28.377,4.876,106.71,120.535,166.723,77.439,3.015
4.382,1.215,0.737,2.093,11.01,324.253,29.452,160861,3.607,0.894,0.498,9.516,30.452,115.257,0.873,1.105,21.555,2,366.138,223.785,387.038,3.6,2.127,1.994,1079.068,239.243,40742.455,9.26,29.902,4.516,114.5,136.343,176.124,91.522,2.147
2.796,1.067,0.235,1.499,11.034,237.049,21.483,200990,2.62,0.715,0.815,4.259,29.835,111.016,0.874,0.95,23.444,1,353.192,251.346,367.181,2.195,1.803,1.637,1234.103,415.493,39609.393,10.149,32.27,4.579,111.91,119.283,168.499,87.818,1.538
5.405,1.595,0.284,2.018,15.546,669.136,43.041,192005,3.389,0.814,0.79,8.497,27.787,175.29,0.676,1.486,32.46,2,364.196,238.725,380.972,4.21,2.155,1.893,1227.155,410.962,39962.785,10.26,35.211,6.396,118.436,129.082,179.595,89.511,2.876
6.137,1.739,0.63,2.408,17.146,691.364,40.322,242913,3.529,0.819,1.164,8.743,34.964,208.859,1.08,1.596,33.705,2,374.942,233.884,396.087,4.897,2.391,1.912,1449.893,742.989,45905.452,12.765,39.595,8.037,133.764,119.938,211.39,91.972,2.916
6.804,1.032,0.462,0.893,18.518,281.033,15.176,55274,6.59,1.191,0.531,7.188,34.119,137.535,1.435,0.904,28.11,5,428.284,175.447,453.581,5.935,3.062,3.152,782.745,277.674,31872.461,6.167,19.327,4.536,98.839,146.708,148.103,106.542,3.549
3.201,1.659,0.442,0.825,18.226,327.951,17.994,157759,1.93,0.611,1.286,7.607,28.467,96.62,0.592,1.598,23.713,1,350.502,258.421,366.301,2.044,1.45,1.307,1196.627,692.222,42141.72,10.578,32.292,8.516,119.487,119.398,184.488,82.859,3.429
3.005,1.532,0.282,1.808,19.579,265.373,13.554,182224,1.961,0.619,0.691,7.319,29.679,43.953,0.612,1.432,21.326,1,344.078,260.683,353.544,1.907,1.561,1.118,1142.93,369.056,36524.966,9.568,30.375,8.257,114.904,127.96,172.561,78.652,3.689
2.627,1.103,0.504,1.09,14.977,735.868,49.134,225821,2.381,0.688,0.833,1.901,25.234,178.195,0.742,1.033,32.903,1,355.136,256.673,364.826,1.999,1.796,1.397,1307.001,531.035,40861.555,10.461,32.278,7.498,117.03,117.333,181.007,82.432,2.554
5.819,1.173,0.276,2.262,18.904,451.855,23.903,222304,4.962,0.996,1.227,8.373,33.998,160.375,1.169,1.067,26.876,3,397.894,203.34,418.034,4.992,2.898,2.559,1408.778,772.438,44972.501,11.885,38.971,8.892,132.618,129.384,201.313,103.834,3.087
6.239,1.568,0.486,1.271,17.702,559.296,31.595,245159,3.979,0.89,1.05,6.168,34.695,184.171,0.994,1.422,30.478,2,380.298,220.844,401.384,5.174,2.56,2.178,1429.834,688.844,43800.465,11.971,39.626,9.758,124.358,131.768,195.412,99.591,3.409
2.19,0.907,0.658,1.752,18.736,390.837,20.86,142657,2.415,0.7,0.67,5.823,28.198,99.378,0.829,0.799,28.659,1,352.628,249.886,359.902,1.63,1.625,1.416,1038.096,321.793,37811.635,7.806,27.496,6.774,102.781,131.247,158.335,79.082,3.586
7.617,1.938,0.355,1.235,8.14,541.71,66.553,212767,3.93,0.92,0.763,10.46,30.659,171.366,1.078,1.866,27.388,2,376.473,223.496,398.924,6.095,2.442,2.167,1255.29,446.009,39633.547,10.526,36.671,3.182,122.867,132.898,187.209,95.398,1.041
2.312,1.327,0.488,2.007,19.591,370.099,18.891,124001,1.743,0.613,0.667,1.255,27.192,88.014,0.521,1.223,21.642,1,336.359,264.598,347.682,1.191,1.234,1.227,968.982,257.671,33941.152,7.322,23.292,6.105,101.341,121.345,153.253,77.544,3.781
5.248,1.984,0.795,1.055,13.682,337.775,24.687,122909,2.646,0.754,1.014,3.764,27.08,96.134,0.851,1.881,27.315,1,365.208,250.261,374.31,3.554,1.661,1.617,1072.758,475.375,37320.524,8.75,27.823,4.613,112.579,123.424,175.033,86.972,2.503
6.254,1.26,0.612,0.851,17.578,544.136,30.955,85736,4.965,0.963,0.699,2.335,33.78,216.36,1.178,1.216,27.756,3,396.745,202.121,426.152,5.087,2.327,2.417,888.635,280.588,35598.139,6.011,21.69,5.094,100.891,129.12,156.584,96.588,3.169
7.226,1.97,0.705,0.912,9.526,513.743,53.928,210012,3.668,0.888,1.171,1.389,33.09,176.846,0.941,1.881,29.043,2,384.795,227.89,391.562,5.746,2.203,1.952,1360.086,684.521,45863.028,10.303,34.677,4.088,127.771,133.116,195.836,97.938,1.515
6.285,1.431,0.449,2.899,12.751,305.47,23.956,246879,4.391,0.907,0.996,4.032,32.324,118.13,1.11,1.321,21.49,2,381.702,217.346,412.337,5.312,2.685,2.364,1426.614,611.537,45461.916,11.233,38.214,6.819,123.457,131.854,190.086,101.632,2.468
6.81,1.348,0.661,1.113,11.258,204.544,18.17,86395,5.054,0.974,0.475,11.873,31.046,140.289,1.139,1.276,15.97,3,393.197,202.738,419.621,5.466,2.454,2.483,885.473,246.449,32611.96,7.644,23.502,4.789,104.486,134.695,159.982,96.549,1.92
4.037,1.05,0.224,2.359,11.5,358.004,31.131,42348,3.843,0.922,0.672,3.973,31.778,134.723,1.011,0.948,25.232,2,377.536,224.293,400.535,3.035,1.659,2.099,762.172,238.264,31411.935,5.218,19.578,2.944,100.684,134.448,147.345,92.466,1.957
6.889,1.053,0.274,0.949,9.479,390.638,41.211,209419,6.544,1.188,0.566,8.301,35.825,171.093,1.433,0.966,29.863,5,423.818,178.11,453.571,6.25,3.414,3.25,1225.607,329.181,42865.237,10.46,34.786,3.952,117.764,140.669,182.379,107.791,1.262
2.481,1.619,0.322,1.038,17.669,540.079,30.566,166450,1.532,0.56,0.768,2.301,27.689,135.034,0.338,1.482,27.556,1,327.043,267.939,345.337,1.239,1.348,1.182,1072.448,422.315,37065.157,8.236,28.524,5.703,104.935,119.446,156.426,77.957,3.009
7.369,1.458,0.441,1.92,8.111,740.17,91.256,241133,5.054,1.05,0.919,7.62,31.549,261.742,1.186,1.333,30.258,3,399.252,207.393,425.632,6.428,2.947,2.529,1371.51,585.603,42259.118,11.969,38.474,3.431,127.463,131.114,194.018,99.514,1.234
5.286,1.227,0.707,1.823,11.75,125.329,10.666,85492,4.309,0.98,0.908,11.829,34.542,64.187,1.172,1.049,19.38,2,396.542,218.03,409.389,4.127,2.286,2.277,928.834,388.76,38456.085,9.477,26.077,3.009,107.289,129.18,167.581,98.042,1.672
6.904,1.614,0.408,2.893,10.093,270.563,26.807,45626,4.278,0.941,1.205,4.21,35.111,96.869,1.072,1.495,20.26,2,390.037,215.087,414.388,5.391,2.091,2.366,909.52,519.866,35574.391,7.036,20.935,3.62,106.832,130.109,164.631,94.37,2.092
4.714,1.253,0.593,2.879,15.068,235.601,15.635,138337,3.763,0.883,0.527,10.329,31.112,94.268,0.883,1.154,13.562,2,375.413,226.371,385.822,3.695,2.136,1.938,1042.397,244.895,36772.965,8.898,28.507,6.464,109.831,136.456,176.351,85.322,2.672
5.861,1.578,0.626,2.515,11.051,451.606,40.866,48802,3.715,0.889,1.436,11.973,36.567,144.504,1.067,1.49,26.605,2,378.658,226.618,397.398,4.353,1.968,2.062,967.498,603.938,37202.917,9.015,24.688,3.202,116.014,123.852,176.633,96.118,1.661
5.158,1.359,0.552,2.125,11.108,400.791,36.081,87593,3.795,0.853,0.711,7.474,31.144,160.11,0.934,1.284,26.985,2,376.4,233.138,398.972,3.895,2.04,2.158,922.78,296.54,33804.831,7.407,23.266,3.486,104.837,126.732,160.853,90.131,1.785
6.39,1.824,0.414,1.801,13.86,610.326,44.035,57715,3.504,0.814,0.66,4.403,32.636,197.374,0.804,1.716,34.048,2,369.624,234.492,377.174,4.677,1.722,1.831,791.5,254.242,33948.317,5.194,19.007,3.715,103.055,132.956,160.384,85.683,2.359
2.49,1.342,0.546,1.584,15.832,269.691,17.034,79309,1.855,0.629,1.122,8.409,32.849,57.76,0.797,1.235,26.528,1,349.091,259.004,353.942,1.557,1.236,1.187,932.723,473.297,35859.688,9.054,25.647,5.51,98.853,120.203,153.074,79.701,2.697
2.362,1.477,0.405,2.884,9.456,516.149,54.586,53351,1.599,0.56,1.267,10.293,30.953,136.394,0.453,1.393,29.097,1,345.794,265.647,350.973,1.14,1.146,1.088,906.812,478.282,35847.512,8.182,25.208,3.054,105.011,107.744,166.958,81.033,1.824
3.483,1.351,0.25,2.126,10.106,718.7,71.115,239859,2.578,0.696,0.754,2.885,27.875,219.756,0.8,1.248,35.553,1,355.578,250.455,365.062,2.532,1.833,1.612,1316.818,451.643,40204.03,9.549,35.442,5.715,119.657,122.031,188.029,81.842,1.743
2.957,1.363,0.796,2.074,10.966,737.474,67.25,91283,2.17,0.651,1.196,5.978,30.331,176.616,0.599,1.262,29.186,1,351.313,255.655,368.427,1.783,1.312,1.375,990.581,535.564,36601.325,8.346,26.488,3.427,112.82,121.825,180.424,82.241,1.958
7.231,1.806,0.276,1.31,19.685,771.149,39.175,127657,4.004,0.888,1.36,4.511,36.573,219.4,1.016,1.72,39.695,2,378.967,227.166,406.325,5.655,2.134,2.157,1164.378,684.708,40523.049,9.527,29.547,8.472,119.505,122.59,178.77,96.67,3.45
3.315,1.328,0.243,0.903,12.766,641.283,50.234,227694,2.496,0.744,1.22,4.117,28.814,176.618,0.701,1.195,34.81,1,350.276,253.724,368.007,2.454,1.918,1.547,1376.905,727.524,43237.908,11.978,38.654,5.854,129.881,122.764,204.461,85.413,2.494
7.855,1.209,0.727,2.879,15.188,734.192,48.341,179010,6.497,1.17,0.341,10.469,32.617,272.278,1.333,1.088,33.932,5,420.683,176.609,444.488,7.077,3.326,3.15,1112.971,171.933,39181.362,9.529,31.526,5.115,110.212,137.386,166.903,106.575,2.999
4.021,1.085,0.381,1.49,10.899,264.172,24.239,165968,3.707,0.869,1.293,5.638,32.915,99.629,1.011,0.954,24.126,2,383.16,229.81,398.204,3.258,2.262,2.21,1243.296,667.799,41986.73,10.792,35.477,5.456,121.595,124.085,190.25,101.74,1.896
3.093,1.467,0.59,1.774,13.886,238.307,17.162,185223,2.109,0.684,1.229,4.73,29.396,59.445,0.723,1.458,22.437,1,355.576,256.936,365.806,1.939,1.62,1.503,1279.23,655.781,43183.445,10.917,34.877,7.154,124.968,116.34,192.725,87.432,2.273
6.738,1.482,0.397,1.052,8.889,104.542,11.76,212340,4.546,0.998,1.103,7.639,36.136,68.842,1.238,1.376,23.017,2,389.306,209.639,413.81,5.773,2.634,2.426,1349.133,678.035,44848.42,11.88,36.422,4.403,127.31,126.193,194.576,99.347,1.545
5.952,1.841,0.435,2.641,8.417,594.791,70.666,223087,3.233,0.81,1.212,3.413,33.323,187.261,0.879,1.762,29.657,1,364.283,238.137,385.14,4.459,2.141,1.874,1380.564,744.208,43910.089,10.705,36.729,3.752,129.23,121.573,205.002,93.01,0.857
4.989,1.221,0.357,0.861,13.625,756.227,55.504,171380,4.085,0.946,1.475,3.529,33.837,251.928,1.246,1.11,32.453,2,392.021,221.874,404.8,4.126,2.423,2.526,1336.532,909.47,45515.609,10.754,33.357,5.804,124.758,130.082,186.665,101.298,2.471
5.332,1.381,0.406,2.635,12.784,230.855,18.058,225801,3.861,0.876,0.817,6.723,32.99,86.708,1.006,1.303,19.804,2,374.415,222.295,396.249,4.284,2.408,2.191,1282.489,471.863,41154.865,10.413,36.26,6.019,124.351,131.402,199.996,91.55,2.005
6.315,1.808,0.446,1.109,9.643,545.861,56.609,147787,3.492,0.818,0.381,5.502,29.025,208.391,0.951,1.742,31.61,2,360.357,240.824,382.669,4.72,2.028,1.843,1022.314,193.38,35204.675,8.455,27.159,2.387,101.174,139.71,159.345,84.232,1.68
3.371,1.824,0.632,2.75,16.251,622.522,38.306,91003,1.848,0.595,0.853,4.245,26.777,188.057,0.478,1.753,24.185,1,339.827,262.605,348.004,1.789,1.156,1.034,921.272,359.35,33317.989,7.421,22.895,5.676,108.56,118.648,168.945,78.73,2.994
7.978,1.385,0.507,2.405,19.915,749.33,37.627,223616,5.762,1.098,0.356,1.593,31.17,280.63,1.268,1.239,26.133,3,405.227,192.27,435.136,6.986,3.078,2.812,1238.663,196.805,40820.54,8.38,30.408,8.425,115.64,144.162,178.648,96.11,3.46
7.849,1.459,0.766,1.162,12.748,552.802,43.365,149124,5.379,1.044,0.653,6.729,34.01,214.866,1.282,1.36,32.678,3,408.635,195.934,433.001,6.538,2.689,2.625,1077.882,354.783,37218.112,8.791,28.884,4.59,110.934,143.522,170.465,99.252,2.187
5.902,1.303,0.225,2.045,15.495,779.206,50.289,229350,4.529,0.973,1.004,9.983,35.569,277.978,1.114,1.182,36.196,2,395.018,218.876,411.874,5,2.758,2.378,1388.497,629.252,45990.753,11.836,38.344,6.993,129.949,135.623,203.295,98.666,2.811
3.197,1.933,0.502,1.488,19.556,341.271,17.451,38836,1.654,0.59,0.672,10.365,26.788,77.363,0.584,1.875,22.945,1,333.545,262.719,345.664,1.276,0.995,1.035,739.49,205.524,32867.322,6.108,19.315,4.343,93.668,126.858,139.611,79.408,3.388
6.081,1.119,0.551,1.192,17.978,344.95,19.187,117453,5.436,0.999,1.122,3.59,35.568,138.481,1.134,0.992,20.704,3,414.671,196.803,428.65,5.097,2.646,2.786,1090.529,558.379,39961.115,8.683,27.303,6.833,118.441,131.476,171.29,107.799,3.387
2.433,1.472,0.752,2.69,13.563,480.109,35.399,238517,1.652,0.553,1.286,7.596,32.941,111.192,0.542,1.4,21.084,1,343.108,261.383,354.739,1.482,1.7,1.202,1455.97,824.938,45698.042,12.258,38.812,7.009,127.512,117.215,197.987,84.208,2.557
2.184,1.398,0.229,1.688,16.85,368.451,21.867,84923,1.563,0.564,0.805,10.415,25.473,72.475,0.548,1.349,21.565,1,340.415,272.202,345.888,0.832,1.101,1.028,900.559,290.766,34049.395,8.153,24.674,5.265,103.585,116.81,157.573,75.372,3.122
3.546,1.532,0.544,1.677,9.538,100.998,10.589,237137,2.315,0.664,1.38,5.496,32.195,34.341,0.588,1.336,18.264,1,360.786,251.491,366.195,2.442,1.848,1.421,1484.039,909.91,49386.909,12.47,40.952,5.501,131.033,108.178,199.437,90.647,1.549
4.776,1.033,0.712,1.174,14.145,612.24,43.282,239858,4.625,0.981,0.396,11.254,33.011,211.295,1.185,0.925,29.471,3,386.152,214.362,403.519,4.233,2.851,2.362,1274.559,234.945,43467.689,11.189,35.193,6.34,120.275,137.068,180.123,92.691,2.649
7.21,1.476,0.345,1.643,11.349,626.202,55.178,224071,4.886,1,1.308,10.933,35.041,219.786,1.032,1.288,34.355,3,403.313,208.994,430.578,6.155,2.956,2.606,1410.528,733.205,45539.392,12.666,39.174,5.96,135.886,125.693,215.44,106.551,1.855
6.363,1.408,0.726,2.718,9.934,622.882,62.702,154006,4.52,0.965,1.294,3.289,37.233,210.299,1.127,1.286,28.57,2,392.676,215.157,416.502,5.231,2.514,2.339,1216.762,719.504,41920.582,9.634,29.673,3.496,118.603,126.893,191.118,102.522,1.732
6.456,1.161,0.211,1.599,13.115,341.514,26.039,172326,5.56,1.04,0.686,3.849,37.625,155.36,1.389,1.042,23.14,3,410.662,199.43,426.883,5.582,2.796,2.846,1163.69,405.447,40098.607,8.73,26.628,5.121,116.589,132.408,180.506,103.26,1.813
4.553,1.656,0.639,2.894,9.572,465.603,48.641,221315,2.749,0.756,0.658,2.985,30.398,163.218,0.855,1.61,28.776,1,356.422,248.585,371.795,3.242,1.847,1.552,1235.139,339.969,38815.222,9.984,35.109,4.88,122.977,128.724,189.992,81.191,1.935
4.076,1.971,0.76,2.882,16.388,351.981,21.478,200697,2.068,0.668,0.666,3.157,28.218,101.735,0.726,1.897,22.342,1,347.72,253.898,354.4,2.455,1.661,1.29,1214.458,321.385,37492.535,10.155,31.6,7.452,115.948,123.924,181.412,81.126,3.275
4.226,1.562,0.594,1.119,13.475,111.225,8.254,168620,2.705,0.777,1.274,10.986,34.373,55.578,0.746,1.435,16.907,1,367.532,249.266,375.037,3.054,1.948,1.702,1241.652,724.604,40457.865,10.826,35.091,6.023,129.8,128.151,202.644,88.258,2.432
7.926,1.715,0.463,1.19,14.374,493.714,34.348,246097,4.622,1,1.298,11.243,36.879,178.642,1.295,1.611,26.413,3,398.368,207.506,421.178,6.669,2.858,2.55,1458.847,814.868,46256.391,13.351,41.706,7.15,132.113,126.73,202.695,101.034,2.232
2.241,1.031,0.227,2.698,9.757,186.632,19.129,180848,2.173,0.667,0.696,1.571,23.752,28.416,0.787,0.94,16.848,1,345.705,259.192,345.713,1.585,1.53,1.365,1153.603,394.035,37476.511,8.495,31.359,3.471,113.004,125.174,180.009,78.883,1.692
7.202,1.418,0.752,1.664,9.677,156.029,16.123,244606,5.08,0.983,1.011,7.53,33.837,69.663,1.095,1.284,20.896,3,401.249,200.9,416.672,6.363,2.95,2.544,1402.328,585.133,46376.971,12.504,40.125,4.485,130.814,130.642,207.291,106.442,1.726
5.472,1.116,0.482,0.81,15.001,628.849,41.921,42625,4.902,1.014,0.467,7.207,31.25,246.973,1.146,1.028,33.23,3,381.07,203.698,418.955,4.489,2.322,2.535,721.459,212.054,29564.035,5.756,17.751,4.107,94.108,135.52,148.839,93.546,2.689
4.632,1.613,0.217,1.403,19.82,106.654,5.381,60571,2.872,0.796,0.863,5.296,31.795,35.187,0.947,1.563,18.532,1,357.467,243.887,373.015,3.038,1.4,1.69,844.601,360.661,32131.724,7.085,22.229,4.868,98.639,126.671,160.003,85.091,4.05
6.352,1.938,0.614,2.115,9.155,771.306,84.25,129320,3.277,0.791,1.499,7.949,33.1,219.191,1.009,1.841,32.598,1,377.694,234.189,388.36,4.708,2.011,2.057,1191.543,791.149,39868.101,9.936,32.596,4.716,128.495,127.826,202.264,96.431,1.554
4.92,1.662,0.489,2.558,11.429,460.679,40.309,114673,2.961,0.755,0.491,11.421,28.857,142.193,0.71,1.599,25.934,1,362.078,242.205,365.672,3.571,1.772,1.719,916.544,165.191,33448.916,8.279,25.902,4.286,105.023,132.11,160.161,78.964,1.927
7.241,1.077,0.275,1.093,18.434,788.112,42.754,202201,6.724,1.126,1.437,2.873,35.533,296.731,1.321,1.012,40.994,5,432.466,175.195,465.951,6.522,3.456,3.506,1407.696,879.993,46066.635,11.664,35.507,9.69,135.316,130.456,210.057,116.563,3.308
7.404,1.355,0.329,1.043,8.867,140.598,15.856,65335,5.466,1.077,1.289,2.325,37.549,110.064,1.268,1.195,15.56,3,411.932,199.229,436.984,6.053,2.558,2.824,1001.407,605.067,38448.748,6.823,22.07,3.415,114.111,129.553,180.632,110.98,1.529
4.53,1.551,0.239,2.829,18.511,508.471,27.469,244740,2.922,0.762,1.467,1.367,36.32,174.442,0.642,1.408,33.417,1,366.497,243.012,387.637,3.434,2.118,1.923,1514.492,917.415,47635.55,10.726,38.426,9.866,135.334,117.997,205.561,93.202,3.138
3.661,1.403,0.545,2.453,14.291,344.529,24.107,99314,2.609,0.695,0.515,5.002,26.707,123.221,0.732,1.331,23.693,1,354.875,247.251,365.074,2.471,1.39,1.5,919.3,210.304,33410.958,6.345,23.394,4.787,101.422,127.191,156.112,77.328,2.205
5.554,1.834,0.573,2.098,12.899,690.438,53.526,124363,3.029,0.813,0.556,4.714,27.181,186.996,0.967,1.792,31.971,1,368.919,240.025,372.101,4.017,1.658,1.784,1010.366,274.385,34888.134,7.512,24.133,4.378,109.013,123.862,162.638,82.25,2.452
7.474,1.815,0.503,2.492,11.716,352.856,30.117,90443,4.119,0.919,0.32,5.739,30.343,145.4,0.927,1.7,27.356,2,380.174,222.381,396.078,5.799,2.036,2.196,823.002,113.869,33256.571,6.096,21.997,4.434,95.519,134.132,156.101,86.556,1.926
3.264,1.612,0.69,1.743,11.565,282.341,24.413,157459,2.025,0.63,1.17,6.536,30.176,68.936,0.641,1.567,15.375,1,345.466,260.574,363.024,1.804,1.479,1.397,1162.93,625.836,38842.246,9.585,31.302,4.638,117.82,121.058,184.25,83.227,1.845
5.738,1.373,0.717,2.469,11.67,700.287,60.009,42898,4.178,0.905,1.073,9.336,35.499,221.208,0.986,1.215,37.27,2,385.613,221.631,408.348,4.348,2.045,2.202,854.699,444.402,35697.117,7.32,21.901,3.253,104.215,125.677,163.919,97.512,1.906
5.789,1.255,0.569,1.618,18.618,362.257,19.458,62929,4.612,0.946,0.514,5.313,28.95,124.086,1.23,1.155,30.414,3,393.757,213.145,410.109,4.689,2.174,2.445,798.344,211.407,30825.994,5.294,18.684,5.069,94.98,134.436,141.185,89.15,3.043
6.399,1.106,0.208,1.337,16.686,111.783,6.699,194075,5.786,1.078,1.249,4.637,34.853,71.704,1.253,0.975,22.369,3,411.008,195.48,443.385,5.84,3.071,3.032,1377.446,771.365,44275.608,10.31,34.15,7.683,126.868,133.395,201.094,113.163,3.097
2.789,1.355,0.617,2.404,16.037,373.202,23.272,71030,2.059,0.635,0.659,10.096,23.963,97.376,0.76,1.251,17.564,1,341.188,258.941,350.876,1.575,1.266,1.166,824.485,236.932,34987.365,7.093,22.304,5.032,98.657,116.734,154.162,77.467,2.971
6.295,1.413,0.451,1.723,17.585,558.166,31.741,81813,4.454,0.954,0.462,10.348,34.05,174.143,1.05,1.3,32.064,2,387.64,215.269,399.411,5.15,2.253,2.272,843.533,211.821,35982.491,7.319,23.342,4.932,98.687,135.759,145.772,90.449,3.189
7.454,1.676,0.539,2.959,11.085,278.052,25.083,204456,4.448,0.975,0.807,3.56,33.43,131.258,1.18,1.589,27.789,2,393.314,218.322,402.779,6.103,2.582,2.288,1244.912,441.173,39624.638,8.757,34.048,4.767,120.844,130.959,189.136,97.59,2.113
3.078,1.658,0.589,1.569,15.417,402.391,26.101,50526,1.856,0.624,0.409,4.461,26.196,97.711,0.636,1.635,29.183,1,339.942,259.127,347.325,1.469,0.948,1.046,711.985,139.268,31558.572,5.614,17.309,4.51,93.088,132.831,140.375,70.835,2.849
3.425,1.07,0.41,2.828,13.521,139.701,10.332,126244,3.201,0.789,0.616,10.076,27.282,62.719,0.848,0.919,14.422,1,361.348,232.959,379.803,2.42,1.853,1.851,962.005,264.135,37254.755,8.671,26.401,5.088,109.163,129.522,169.429,84.168,2.533
7.828,1.395,0.75,2.853,17.389,511.665,29.424,35073,5.611,1.069,0.746,1.873,31.349,217.835,1.216,1.285,32.117,3,410.595,189.881,436.76,6.533,2.497,2.728,747.123,307.265,33674.674,4.51,15.874,4.035,108.419,132.429,171.06,100.789,3.473
3.086,1.182,0.28,1.332,11.711,629.406,53.745,106297,2.611,0.752,1.322,4.584,33.14,154.135,0.813,1.065,36.129,1,361.881,254.965,375.56,2.045,1.517,1.573,1110.858,673.396,39742.634,8.382,26.985,5.144,117.892,114.711,183.513,90.634,2.265
7.126,1.157,0.603,2.556,15.718,389.319,24.769,183775,6.16,1.069,1.251,5.932,33.613,165.061,1.276,1.024,26.096,4,424.799,183.405,454.743,6.385,3.26,3.288,1325.25,708.663,41901.453,10.573,36.416,6.582,125.546,131.853,187.219,115.522,2.827
4.954,1.827,0.203,1.753,18.587,394.163,21.207,49822,2.711,0.71,0.831,3.058,30.049,117.232,0.696,1.728,20.335,1,356.721,250.405,369.094,3.186,1.381,1.559,807.579,340.244,32879.755,5.799,19.833,4.503,102.766,129.864,160.346,84.72,3.134
3.483,1.042,0.755,2.819,12.826,161.798,12.615,225433,3.343,0.827,1.169,2.979,36.693,71.208,1.024,0.89,21.841,2,372.085,232.961,390.669,3.054,2.069,2.012,1409.415,701.294,45346.632,11.075,37.861,6.164,127.078,123.047,200.38,92.059,1.954
7.224,1.419,0.268,1.79,8.799,241.359,27.429,230089,5.091,1.029,0.982,5.673,33.588,136.637,1.254,1.344,25.313,3,397.825,207.914,419.776,6.409,2.905,2.769,1346.003,637.712,43938.822,11.179,36.446,4.292,125.549,134.282,193.8,99.871,1.203
4.672,1.168,0.257,2.437,14.193,208.273,14.675,53097,3.999,0.874,0.709,9.3,29.4,103.262,1.042,1.105,20.285,2,388.996,226.172,396.249,3.426,2,2.201,803.625,309.168,33426.212,6.644,19.944,3.88,101.49,133.507,159.372,90.587,2.723
5.089,1.879,0.4,1.827,12.152,437.181,35.977,247961,2.708,0.759,1.171,10.243,32.552,128.887,0.769,1.769,22.392,1,361.079,247.855,366.299,3.753,2.111,1.702,1450.927,794.997,44458.695,13.176,42.525,6.39,134.179,126.143,210.108,88.471,2.041
4.155,1.557,0.424,1.301,16.067,470.479,29.283,95456,2.669,0.746,1.12,11.772,28.98,138.601,0.77,1.438,29.691,1,361.434,250.41,372.282,2.73,1.641,1.655,1033.797,519.814,37149.264,8.747,28.149,5.625,108.752,123.399,160.481,85.975,2.874
5.558,1.231,0.329,1.239,19.412,764.258,39.37,48502,4.513,0.996,1.043,1.814,37.569,247.177,1.123,1.092,32.786,2,390.799,214.733,416.709,4.475,2.111,2.508,878.987,412.882,32462.782,5.533,19.73,4.942,107.497,128.918,171.621,98.199,3.272
2.981,1.502,0.551,1.736,13.827,151.262,10.939,31114,1.984,0.613,1.042,3.384,32.328,20,0.639,1.334,19.425,1,349.513,260.992,356.432,1.433,1.112,1.293,813.93,369.936,34269.999,5.656,18.985,3.844,101.205,119.016,154.63,79.144,2.899
4.346,1.731,0.466,2.462,13.594,519.908,38.245,119875,2.51,0.731,1.12,9.323,30.921,142.553,0.812,1.639,32.596,1,351.187,250.565,371.548,2.97,1.665,1.647,1066.412,536.412,37200.287,9.11,29.306,4.314,110.462,118.691,168.319,84.52,2.054
7.816,1.958,0.221,2.131,15.855,468.549,29.552,168558,3.992,0.862,0.761,6.947,29.591,161.15,0.975,1.882,22.184,2,372.485,226.061,398.05,6.278,2.26,2.117,1146.461,371.458,38803.245,9.358,31.869,6.364,109.979,125.987,167.687,89.147,2.859
3.549,1.22,0.392,2.315,9.242,461.363,49.92,103079,2.908,0.772,1.343,4.604,31.788,146.047,0.762,1.109,29.347,1,365.647,242.07,377.804,2.421,1.63,1.788,1105.687,590.415,40161.772,8.212,25.946,2.95,111.601,126.387,177.904,92.022,1.552
5.94,1.886,0.686,1.421,11.042,711.212,64.409,214077,3.149,0.803,0.495,3.261,29.021,194.289,0.931,1.8,32.372,1,369.854,237.172,374.478,4.468,2.036,1.904,1174.102,262.086,38310.717,9.792,31.813,4.796,118.065,131.465,188.895,83.083,1.976
3.951,1.934,0.614,1.859,19.028,243.877,12.817,187653,2.043,0.636,1.361,4.085,31.841,44.628,0.641,1.833,20.099,1,355.208,256.698,365.985,2.405,1.546,1.367,1335.655,786.58,42436.658,10.209,35.57,9.572,123.25,119.344,192.928,85.816,3.32
6.641,1.916,0.635,0.898,16.039,128.541,8.014,107035,3.465,0.867,0.711,5.722,33.321,56.194,0.837,1.793,20.223,2,366.248,235.936,387.631,4.996,1.852,1.949,953.855,328.953,35849.984,8.116,26.175,4.49,104.145,127.441,159.501,87.064,2.687
2.785,1.543,0.619,2.599,8.161,570.59,69.914,191548,1.806,0.575,0.45,2.949,24.624,179.145,0.393,1.464,26.249,1,339.065,257.497,342.652,1.625,1.405,1.15,1091.706,236.395,34730.841,7.56,29.401,2.097,108.938,128.43,180.491,71.858,1.232
7.819,1.63,0.387,2.978,10.456,341.61,32.673,236907,4.797,0.988,1.02,11.606,35.953,128.368,1.175,1.505,20.966,3,394.01,213.222,412.234,6.726,2.984,2.594,1391.662,634.295,45395.859,13.628,41.922,4.942,132.543,130.539,205.371,100.226,2.261
4.723,1.403,0.26,1.695,16.194,112.313,6.935,50481,3.366,0.802,0.751,2.183,31.867,71.309,0.816,1.33,12.664,2,369.799,232.107,383.886,3.415,1.685,1.898,830.542,319.348,34037.791,5.654,19.225,5.272,95.711,128.582,145.742,86.721,2.833
3.416,1.752,0.363,0.824,17.173,275.962,16.07,97342,1.95,0.644,1.279,11.841,29.822,94.263,0.675,1.691,25.169,1,349.895,263.613,355.905,1.908,1.406,1.263,1032.822,555.348,37328.896,10.352,32.098,6.286,106.755,123.739,169.568,84.296,3.121
2.441,1.527,0.699,1.174,18.078,316.529,17.509,131931,1.598,0.543,0.817,10.261,25.609,75.208,0.457,1.444,20.97,1,340.643,263.126,344.254,1.068,1.262,1.099,1037.697,358.251,35877.308,8.852,29.717,6.353,111.478,116.861,172.307,79.657,2.911
3.019,1.677,0.788,2.236,11.506,531.787,46.218,139557,1.799,0.624,1.102,5.655,30.126,126.073,0.623,1.552,29.499,1,337.151,263.002,346.999,1.618,1.296,1.284,1088.419,578.447,37166.41,9.16,31.771,3.845,115.613,117.351,187.563,80.445,1.615
5.119,1.428,0.496,2.147,19.172,220.81,11.517,149283,3.583,0.881,0.67,9.138,29.128,93.122,0.943,1.332,19.588,2,366.137,231.165,391.035,4.081,2.197,2.082,1031.697,241.509,36441.804,9.114,30.377,7.285,107.322,135.194,162.964,86.938,3.296
4.022,1.731,0.206,2.533,14.635,389.138,26.589,96137,2.323,0.709,0.551,8.387,30.757,110.009,0.868,1.713,21.078,1,347.023,252.245,357.331,2.596,1.395,1.467,861.467,252.264,32962.657,7.387,22.2,5.181,98.65,130.105,152.184,77.378,2.792
6.973,1.824,0.284,1.359,16.358,437.733,26.759,176797,3.822,0.849,0.766,3.346,29.005,133.358,1.032,1.697,28.297,2,372.325,233.006,393.493,5.516,2.235,2.166,1184.685,424.774,39385.867,9.379,30.04,5.848,112.181,130.725,180.011,89.958,2.927
4.585,1.146,0.393,2.48,15.161,421.466,27.8,171918,4,0.912,1.028,4.73,34.148,135.648,1.136,1.059,27.167,2,377.836,227.191,396.998,3.775,2.32,2.143,1211.254,554.932,42800.2,9.985,30.854,6.574,121.997,120.415,191.049,94.343,2.59
3.492,1.833,0.547,2.314,9.473,781.759,82.526,157120,1.905,0.591,1.088,6.644,29.284,212.918,0.587,1.782,33.197,1,346.266,262.837,353.867,2.083,1.439,1.197,1186.825,585.588,37899.701,9.844,33.191,5.207,118.605,124.139,182.652,80.228,1.758
5.703,1.54,0.245,1.51,19.557,131.853,6.742,55027,3.702,0.896,0.994,8.016,31.606,78.62,1.061,1.418,19.786,2,372.918,229.474,393.87,4.265,1.859,2.128,899.647,424.85,34226.858,7.824,22.691,5.855,107.253,126.49,162.551,94.213,3.38
6.241,1.845,0.766,2,9.475,765.678,80.815,134932,3.383,0.846,1.486,6.972,33.891,223.595,0.934,1.697,31.645,2,384.783,235.41,389.803,4.757,1.972,2.134,1190.265,735.834,43007.933,10.895,30.876,3.852,123.587,121.179,187.016,97.854,1.936
3.002,1.431,0.419,1.124,11.059,507.356,45.879,108369,2.098,0.654,1.129,6.203,32.522,134.44,0.777,1.351,30.481,1,346.917,255.042,358.835,1.779,1.449,1.379,1072.449,507.207,40689.858,8.47,28.203,4.134,112.311,119.778,168.904,85.039,2.24
3.006,1.379,0.748,1.796,17.764,657.009,36.986,138028,2.18,0.68,1.418,5.875,29.443,183.062,0.684,1.279,35.021,1,352.33,248.104,370.51,1.906,1.538,1.435,1178.294,713.429,40185.956,9.849,32.895,7.121,118.015,114.256,186.811,89.499,3.039
2.22,1.517,0.668,2.739,15.423,401.275,26.018,232810,1.464,0.522,0.442,6.481,25.21,91.984,0.379,1.478,26.399,1,331.956,263.616,330.504,1.081,1.506,0.829,1250.354,197.115,40799.779,11.015,34.115,7.298,110.821,127.013,174.914,69.816,2.608
6.418,1.251,0.653,1.727,18.058,417.687,23.131,135716,5.13,1.022,0.374,5.778,30.257,159.74,1.045,1.217,25.415,3,390.043,199.669,418.081,5.339,2.568,2.607,992.728,191.35,34739.771,7.302,24.609,7.175,105.295,138.364,165.292,92.258,3.225
5.983,1.844,0.564,2.647,14.189,715.529,50.429,33075,3.244,0.794,0.673,6.955,30.139,197.51,1,1.759,33.241,1,367.16,234.829,376.307,4.283,1.567,1.803,739.631,252.838,30964.604,5.583,18.347,2.821,94.78,131.22,142.488,89.726,2.619
4.848,1.484,0.576,2.099,12.524,727.154,58.061,126544,3.267,0.852,0.464,10.768,28.707,201.707,0.964,1.362,38.292,1,364.805,235.287,382.779,3.755,1.847,1.788,958.822,245.773,35201.696,8.43,25.207,3.736,103.758,128.743,159.661,78.918,2.186
7.065,1.514,0.583,1.222,19.062,267.082,14.011,210542,4.666,1.007,0.931,7.961,30.269,156.896,1.206,1.398,26.548,3,391.904,210.175,413.105,5.98,2.714,2.578,1311.164,549.901,42002.844,11.572,36.827,9.371,119.252,136.701,186.146,98.152,3.612
6.834,1.308,0.577,2.078,8.435,239.469,28.39,201613,5.223,1.052,0.923,8.949,32.21,119.195,1.36,1.195,28.178,3,404.336,199.42,421.789,5.915,2.877,2.724,1282.982,515.336,41913.732,11.403,37.4,4.088,126.076,139.885,200.461,99.781,1.544
5.512,1.573,0.532,1.913,18.274,447.365,24.482,142945,3.504,0.879,0.99,7.572,35.783,163.063,0.835,1.501,24.358,2,374.688,226.319,388.109,4.307,2.083,2.02,1112.992,499.17,37467.105,9.464,29.562,7.337,112.305,123.349,175.517,92.215,3.477
7.21,1.325,0.792,1.677,10.77,730.194,67.8,84949,5.44,1.034,1.194,8.073,35.673,279.905,1.206,1.189,31.778,3,415.61,196.315,435.418,6.081,2.701,2.915,1003.092,537.351,38945.435,8.93,28.287,4.129,107.769,126.952,167.569,105.5,1.678
3.235,1.039,0.639,1.063,18.185,325.649,17.908,132319,3.113,0.826,1.466,7.362,34.196,101.375,0.872,0.902,23.847,1,380.688,238.06,397.171,2.269,2.002,2.107,1184.829,777.851,40820.849,10.492,33.01,7.589,120.022,119.827,182.322,96.64,3.111
2.672,1.272,0.666,1.717,9.67,556.41,57.538,154014,2.1,0.641,1.354,1.296,30.539,155.064,0.706,1.125,29.694,1,347.098,254.777,354.013,1.787,1.411,1.392,1241.91,727.495,41225.959,9.263,30.491,4.444,119.894,122.09,189.443,86.414,1.807
3.618,1.006,0.723,0.96,14.963,595.706,39.813,249971,3.596,0.873,0.442,11.996,30.143,185.156,0.911,0.935,29.958,2,363.951,233.686,379.61,3.005,2.482,1.879,1267.792,288.171,39838.367,11.673,39.183,6.477,124.484,133.382,191.837,88.496,2.691
2.343,1.446,0.329,1.017,18.657,645.072,34.575,171719,1.619,0.586,0.706,1.37,27,135.422,0.468,1.472,29.303,1,336.624,267.488,349.324,1.239,1.219,1.025,1111.417,343.64,36794.719,8.219,29.906,7.144,108.886,121.671,163.134,75.014,3.3
5.187,1.966,0.25,1.715,13.682,494.747,36.159,182738,2.639,0.696,0.607,5.347,29.831,117.328,0.636,1.879,30.954,1,345.251,250.677,359.299,3.551,1.774,1.558,1130.432,344.794,38276.457,8.896,30.636,5.366,111.833,127.486,169.803,83.073,2.341
7.62,1.395,0.49,1.472,16.959,381.719,22.509,138119,5.461,1.037,0.512,2.156,32.695,161.846,1.331,1.305,25.419,3,406.026,200.163,426.338,6.449,2.635,2.642,1007.075,257.373,36662.485,7.036,24.867,5.774,109.2,144.742,171.994,97.205,3.055
2.236,1.351,0.508,2.836,17.656,776.911,44.003,107987,1.656,0.551,0.954,2.066,26.087,188.257,0.472,1.252,29.982,1,339.792,261.66,345.936,1.105,1.142,1.107,1001.181,405.36,39194.885,7.319,23.835,6.421,102.194,111.924,161.266,80.004,3.435
2.733,1.317,0.698,1.627,16.838,527.932,31.354,208849,2.075,0.68,0.964,9.729,30.527,166.401,0.641,1.186,24.621,1,348.45,257.011,354.645,1.905,1.592,1.353,1260.698,525.872,40900.162,10.991,36.838,7.578,120.261,121.46,175.68,80.819,2.6
4.713,1.671,0.466,2.467,19.104,609.996,31.93,138885,2.82,0.727,0.573,5.685,24.099,168.508,0.826,1.603,30.9,1,355.28,247.88,368.233,3.322,1.665,1.724,1029.008,291.136,36178.767,7.743,27.195,5.947,104.908,114.928,162.241,82.091,3.391
7.603,1.805,0.543,1.967,13.362,341.488,25.557,248831,4.211,0.927,1.154,9.813,34.574,158.273,1,1.686,33.255,2,388.367,219.582,405.17,6.408,2.722,2.426,1474.054,715.308,47821.222,12.962,41.556,6.792,132.017,130.615,199.456,100.186,2.349
3.897,1.947,0.516,2.349,10.078,568.964,56.459,130566,2.002,0.655,1.179,4.001,27.761,143.596,0.519,1.776,25.917,1,349.716,255.928,362.421,2.334,1.482,1.249,1127.873,578.428,39657.209,9.637,28.125,3.989,116.03,124.567,181.43,83.939,1.561
5.043,1.4,0.223,1.372,8.574,280.458,32.711,44960,3.602,0.829,0.325,3.821,29.051,132.538,0.795,1.369,21.381,2,368.886,231.935,388.457,3.855,1.566,2.026,692.987,150.373,30074.652,4.514,16.868,2.845,93.743,131.028,147.656,82.534,1.502
2.249,1.691,0.569,2.872,10.958,271.568,24.784,180167,1.33,0.518,0.775,3.764,24.929,67.147,0.475,1.631,28.076,1,326.31,272.072,340.266,0.914,1.222,0.87,1141.273,402.5,38018.845,9.179,31.041,4.234,109.218,121.958,164.991,72.631,1.621
2.89,1.266,0.697,1.966,9.718,600.306,61.77,40261,2.283,0.687,1.368,7.778,31.725,172.885,0.744,1.158,28.304,1,355.463,247.012,365.699,1.666,1.289,1.539,898.458,511.564,36243.74,8.799,22.852,3.104,109.155,113.528,169.229,85.283,1.591
7.92,1.99,0.295,2.629,14.695,464.976,31.641,85110,3.979,0.867,0.924,9.965,33.26,148.938,0.966,1.871,28.459,2,388.284,221.962,399.667,6.097,2.012,2.099,944.919,404.987,37042.418,7.799,27.443,4.822,105.073,130.534,166.207,95.377,2.564
7.791,1.026,0.557,1.603,10.219,578.294,56.588,107822,7.595,1.275,0.717,5.975,39.171,262.425,1.636,0.907,37.184,6,444.845,164.758,478.916,7.071,3.481,3.649,999.482,312.113,39011.882,6.989,26.809,4.236,108.413,152.322,172.135,116.079,1.817
2.03,0.582,0.556,1.02,8.467,288.607,34.085,192686,3.487,0.823,0.604,5.172,27.216,129.42,0.781,0.506,19.654,2,369.357,234.24,387.972,1.918,2.099,1.827,1170.272,330.561,40372.771,8.955,32.31,2.871,119.141,128.34,181.287,85.764,1.881
7.711,1.66,0.299,2.282,8.432,519.106,61.565,138731,4.646,0.942,0.592,11.709,33.623,184.476,0.973,1.573,27.818,3,395.797,218.426,410.807,6.121,2.545,2.526,1032.423,324.178,37489.493,9.191,28.113,2.654,103.168,135.193,164.227,95.035,1.337
5.835,1.688,0.274,0.817,17.979,410.754,22.847,36302,3.456,0.842,0.42,2.284,30.039,127.241,1.107,1.636,24.182,2,363.432,238.189,387.19,4.244,1.581,1.863,685.797,152.182,30447.636,4.167,15.22,3.889,90.459,129.528,141.244,83.758,2.959
7.208,1.12,0.788,1.846,15.097,517.872,34.302,165706,6.433,1.131,1.281,6.353,35.795,210.707,1.488,1.018,24.918,5,432.16,179.083,454.429,6.229,3.254,3.292,1269.321,694.036,45917.534,10.338,34.045,6.714,127.177,134.392,195.151,117.737,2.878
4.728,1.939,0.436,1.224,12.297,303.616,24.69,120515,2.439,0.732,0.404,5.493,29.924,111.815,0.819,1.924,27.228,1,345.825,251.678,363.07,3.029,1.376,1.353,915.279,176.158,33465.011,6.538,22.157,3.192,98.723,133.169,152.659,78.492,1.309
5.094,1.181,0.336,2.18,18.731,600.816,32.076,232803,4.312,0.97,0.651,2.079,31.771,209.466,1.052,1.052,29.144,2,388.475,220.831,405.496,4.336,2.553,2.192,1308.574,396.466,42910.051,10.094,34.985,9.311,121.741,136.291,191.899,94.441,3.228
4.933,1.623,0.303,2.955,8.842,664.151,75.11,139903,3.04,0.783,0.355,3.95,30.254,217.738,0.825,1.529,29.108,1,361.459,247.209,368.696,3.523,1.728,1.641,931.447,193.523,35809.574,6.872,24.707,3.09,98.546,130.251,155.879,79.707,1.516
6.001,1.223,0.601,1.822,19.764,281.942,14.266,185974,4.908,0.983,1.238,1.313,32.761,129.678,1.152,1.105,21.647,3,399.076,209.324,423.764,5.218,2.77,2.67,1311.732,743.344,44966.195,10.306,33.877,9.366,120.854,129.111,190.954,105.629,3.332
2.838,1.307,0.566,2.598,15.396,310.434,20.164,78151,2.171,0.651,0.347,10.646,25.94,84.3,0.767,1.218,25.153,1,341.485,256.898,353.132,1.635,1.287,1.269,795.082,111.493,30693.985,6.557,21.602,5.335,90.821,121.96,138.083,75.369,2.742
2.18,1.118,0.586,1.917,10.202,562.808,55.169,197414,1.95,0.614,0.67,7.686,29.933,154.442,0.643,1.023,28.864,1,345.716,259.689,350.378,1.456,1.625,1.311,1197.56,350.356,42597.202,10.885,33.73,4.104,113.571,127.128,176.933,74.259,1.686
3.848,1.417,0.253,1.891,16.149,586.91,36.344,188610,2.715,0.745,0.988,9.965,33.86,181.1,0.829,1.332,27.277,1,351.326,250.604,370.972,2.733,1.947,1.659,1220.396,542.302,42700.189,10.511,35.919,7.326,118.839,127.436,183.241,85.368,2.529
6.228,1.16,0.736,2.847,17.161,592.87,34.548,228897,5.368,1.074,0.791,6.737,33.989,210.317,1.257,1.07,32.347,3,402.771,195.891,421.494,5.532,3.071,2.774,1315.3,459.715,44010.376,10.977,36.57,8.191,126.516,130.878,196.947,101.731,3.189
3.211,1.171,0.434,2.758,13.152,577.889,43.939,37440,2.742,0.731,0.639,7.595,23.754,184.956,0.838,1.125,31.809,1,358.231,248.665,365.239,2.192,1.421,1.629,721.848,231.694,29684.454,5.604,19.111,4.093,90.489,127.527,138.23,84.852,2.48
6.041,1.418,0.388,2.529,18.34,374.965,20.446,128450,4.26,0.9,0.63,8.709,30.922,142.967,1.056,1.315,24.903,2,381.741,218.131,400.318,4.809,2.318,2.242,1008.907,264.851,37641.998,8.517,27.124,6.822,105.831,128.249,170.387,91.54,3.085
7.819,1.757,0.477,1.452,9.809,376.398,38.374,179414,4.45,0.947,1.257,10.988,34.457,107.857,1.093,1.645,24.493,2,393.208,215.023,410.692,6.472,2.519,2.522,1298.956,725.638,40688.095,11.454,35.453,4.205,125.309,126.527,194.157,102.201,1.62
2.563,1.898,0.434,1.999,11.346,278.372,24.535,50936,1.351,0.5,1.469,2.009,29.415,74.837,0.403,1.806,24.009,1,330.834,269.134,343.916,0.772,0.888,1.132,931.846,618.04,36265.866,6.329,20.259,3.912,105.648,116.509,163.199,84.681,2.369
6.036,1.084,0.718,1.293,9.122,209.784,22.998,120332,5.567,1.083,0.718,4.64,34.541,101.022,1.282,0.969,21.04,3,403.969,192.725,435.336,5.196,2.71,2.909,1036.116,351.557,37706.989,7.311,24.607,2.985,110.769,140.712,173.469,100.737,1.71
4.663,1.393,0.758,1.777,10.531,584.804,55.534,237272,3.347,0.825,0.347,8.799,28.331,191.662,0.817,1.289,34.744,2,366.431,231.645,377.379,3.716,2.288,1.868,1266.23,217.787,39983.538,11.174,36.187,4.433,113.772,134.812,180.782,83.15,1.885
7.209,1.1,0.382,1.865,10.865,165.232,15.208,125905,6.552,1.151,0.344,11.542,34.871,139.049,1.414,0.966,18.464,5,418.371,184.082,456.938,6.422,3.163,3.27,950.035,198.621,37544.759,7.947,25.55,3.606,106.576,140.71,165.374,109.056,2.269
3.063,1.017,0.718,2.63,19.012,756.455,39.789,246789,3.013,0.766,1.211,11.789,29.697,218.263,0.832,0.927,31.631,1,361.133,237.337,381.708,2.594,2.254,1.875,1460.79,758.712,45885.823,13.794,43.843,9.627,131.466,125.119,202.523,87.485,3.061
6.156,1.662,0.669,2.771,8.937,678.68,75.938,42504,3.704,0.901,0.963,8.019,35.139,219.896,0.808,1.526,29.86,2,380.555,229.123,397.213,4.568,1.885,2.24,801.317,371.14,32321.047,7.036,22.602,2.06,97.685,126.242,154.973,91.272,1.173
7.029,1.602,0.758,1.712,13.129,700.254,53.337,187922,4.386,0.904,1.24,3.13,36.908,242.499,1.025,1.427,32.405,2,393.418,212.14,410.548,5.818,2.529,2.348,1292.702,704.279,44085.749,10.105,34.236,4.805,130.14,130.204,208.684,101.133,2.359
7.668,1.163,0.347,0.839,14.389,734.668,51.058,157823,6.593,1.198,1.137,2.311,35.1,266.564,1.372,1.021,35.167,5,425.688,178.689,456.041,6.88,3.29,3.418,1188.889,586.974,42183.419,9.914,29.9,6.136,117.266,136.776,187.446,115.523,2.724
6.099,1.234,0.546,2.696,18.784,386.023,20.55,140118,4.944,0.988,1.389,11.406,33.587,164.475,1.2,1.143,21.626,3,403.429,207.515,426.479,5.189,2.791,2.562,1189.007,750.791,39969.848,11.159,35.102,8.001,119.019,126.635,180.544,106.588,2.997
4.983,1.024,0.365,1.183,19.972,692.691,34.682,243586,4.868,1.031,1.363,5.773,36.641,247.438,1.249,0.803,33.73,3,397.024,203.911,428.626,4.422,2.941,2.746,1504.027,932.083,49355.395,12.635,41.856,10.695,135.907,127.099,213.747,106.521,3.294
5.707,1.835,0.694,2.168,17.041,210.643,12.361,58523,3.11,0.812,1.246,3.143,30.351,100.9,0.842,1.712,22.209,1,367.834,234.267,383.02,4.082,1.589,1.886,951.81,555.473,36957.043,7.104,21.932,6.63,110.08,127.099,170.343,94.245,3.189
7.213,1.975,0.203,0.855,19.649,115.149,5.86,227119,3.653,0.826,0.87,11.273,30.408,42.833,0.966,1.894,13.786,2,375.159,229.757,392.595,5.762,2.351,2.088,1342.904,542.292,43979.858,12.764,38.82,8.468,121.984,127.271,194.17,91.122,3.28
5.424,1.135,0.539,1.679,17.445,649.424,37.226,182072,4.777,1.016,0.67,2.15,35.077,224.047,1.225,0.973,30.736,3,389.443,205.8,414.153,4.821,2.594,2.638,1172.949,378.275,40273.974,7.9,28.559,7.938,114.472,133.167,184.764,96.325,3.069
2.182,0.776,0.404,2.969,19.558,152.358,7.79,86979,2.813,0.769,0.908,9.025,32.332,39.478,0.798,0.671,20.586,1,362.696,246.382,372.406,1.455,1.592,1.75,949.977,398.429,35272.094,9.129,25.626,7.749,105.765,123.815,154.442,86.785,3.535
7.586,1.868,0.394,1.022,16.487,791.967,48.035,228367,4.06,0.864,0.902,7.878,35.942,227.218,1.107,1.729,31.988,2,385.694,224.499,399.962,6.23,2.524,2.155,1308.051,523.715,42855.08,12.106,35.446,8.43,125.602,123.736,194.738,98.23,3.132
6.137,1.926,0.587,1.732,8.957,572.358,63.899,124444,3.186,0.774,1.032,1.965,31.756,179.403,0.785,1.793,28.456,1,368.72,234.772,378.48,4.552,1.855,1.755,1046.194,464.124,37636.98,8.083,25.986,3.105,109.361,125.62,167.683,90.888,1.52
6.059,1.42,0.711,1.476,12.823,627.415,48.929,209130,4.268,0.942,0.523,4.726,30.179,206.18,1.192,1.311,34.719,2,383.715,217.86,400.133,5.138,2.457,2.291,1203.046,245.754,40242.886,9.624,31.235,5.626,112.48,135.231,171.5,93.234,2.391
3.294,1.051,0.566,2.791,15.759,272.063,17.264,115544,3.135,0.81,1.087,2.649,32.167,108.216,0.858,0.909,27.426,1,361.492,237.768,384.631,2.454,1.749,1.837,1073.143,478.975,39215.909,7.897,26.024,5.534,110.547,119.672,167.656,86.842,2.556
5.953,1.039,0.712,2.713,12.209,571.706,46.828,217204,5.728,1.104,0.848,7.649,34.333,211.856,1.254,0.881,32.027,4,417.026,190.908,437.367,5.239,3.145,2.983,1301.983,502.659,42877.364,11.093,35.283,5.225,128.53,132.018,197.434,104.91,2.29
4.363,1.574,0.359,1.323,11.281,130.254,11.547,170058,2.772,0.766,1.044,6.248,31.093,46.183,0.783,1.469,17.812,1,359.975,245.346,374.254,3.253,1.825,1.654,1174.626,510.062,40642.379,10.205,30.469,5.499,119.511,118.026,184.084,84.509,1.817
5.907,1.393,0.512,0.979,14.929,686.478,45.983,61030,4.241,0.942,0.588,1.047,31.601,222.029,0.984,1.361,31.424,2,378.474,221.03,403.254,4.598,1.916,2.175,792.796,238.936,32160.858,4.661,16.835,4.492,100.914,138.364,155.014,91.768,2.393
2.64,1.029,0.47,2.18,19.202,218.737,11.391,172925,2.566,0.74,0.821,11.733,28.302,53.654,0.836,0.959,23.161,1,354.985,254.954,367.088,1.933,1.904,1.545,1140.605,463.021,38139.564,11.365,33.295,8.046,119.188,128.104,176.653,85.671,3.845
5.947,1.583,0.207,1.54,8.42,588.151,69.853,72095,3.756,0.879,0.552,4.845,31.318,178.282,0.853,1.521,33.619,2,376.117,233.055,389.32,4.673,1.83,2.069,791.593,133.725,33302.179,6.139,21.048,1.771,101.498,136.359,157.835,85.337,1.865
7.996,1.011,0.534,2.279,17.231,257.136,14.923,120622,7.907,1.235,1.35,3.84,35.405,189.592,1.691,0.882,19.9,6,457.881,157.579,493.101,7.125,3.784,3.885,1203.419,701.44,44542.439,9.093,28.045,6.521,124.072,142.732,196.533,130.028,3.091
2.289,1.734,0.597,0.871,16.673,147.917,8.872,67465,1.32,0.538,0.886,3.447,26.569,20,0.424,1.634,20.583,1,328.282,267.251,340.219,0.756,0.838,0.933,890.685,404.765,33355.188,6.112,20.089,5.725,105.171,120.824,160.784,74.859,3.284
7.863,1.306,0.555,1.093,19.567,437.046,22.335,34843,6.019,1.051,0.57,2.747,32.652,202.686,1.352,1.209,25.308,4,417.067,185.195,438.305,6.566,2.649,3.089,696.492,224.367,31496.876,5.168,14.6,4.981,94.135,136.724,139.343,105.756,3.44
4.441,1.04,0.642,2.31,19.169,218.5,11.399,76615,4.27,0.917,0.349,11.991,25.888,106.297,1.052,0.986,18.554,2,380.104,219.709,399.997,3.492,2.168,2.188,758.006,140.57,29917.734,7.209,23.53,4.936,95.697,135.508,148.712,91.138,3.413
7.225,1.588,0.543,1.267,17.147,610.611,35.611,148001,4.548,0.982,1.111,4.246,35.762,180.653,1.152,1.49,30.731,2,394.986,218.311,413.255,5.946,2.462,2.298,1151.581,558.358,42576.027,9.001,29.673,7.779,123.005,127.984,194.901,104.161,3.018
6.694,1.398,0.24,2.687,14.245,266.296,18.694,135943,4.79,0.978,0.558,5.461,27.856,127.546,1.093,1.303,25.543,3,388.582,213.819,410.935,5.623,2.481,2.536,982.18,278.871,37433.86,7.359,26.31,5.194,101.5,131.655,157.952,96.38,2.365
5.402,1.974,0.27,0.929,10.451,339.731,32.506,140329,2.737,0.709,1.487,10.585,33.798,110.91,0.78,1.873,24.258,1,368.323,245.498,378.684,3.785,1.874,1.721,1260.37,836.713,42356.516,11.291,32.774,4.185,119.733,117.691,182.678,90.265,1.368
6.431,1.544,0.558,1.274,14.543,497.207,34.189,84491,4.164,0.878,0.94,8.061,29.718,174.734,1.016,1.51,28.791,2,385.095,219.273,403.571,5.142,2.142,2.228,930.133,366.4,35253.25,7.569,23.119,3.765,109.977,127.838,166.268,97.461,2.528
7.271,1.275,0.365,2.997,17.184,299.478,17.427,180735,5.702,1.09,0.647,5.056,32.863,141.987,1.19,1.187,24.906,3,413.854,195.449,428.785,6.301,2.968,2.86,1171.01,393.561,41341.174,9.186,29.52,7.342,116.736,130.9,183.765,97.332,3.334
4.425,1.709,0.248,1.753,18.748,364.592,19.447,184937,2.588,0.758,1.089,10.882,32.487,90.557,0.715,1.596,25.548,1,351.345,250.931,371.35,2.994,1.913,1.618,1242.796,605.02,41636.499,11.85,37.7,7.92,122.432,119.07,188.841,84.375,3.397
3.962,1.271,0.458,2.347,17.477,670.935,38.391,108752,3.116,0.798,0.63,9.247,34.499,213.777,0.82,1.18,31.625,1,356.788,237.85,383.505,2.881,1.73,1.897,917.732,294.334,35330.882,7.972,24.639,5.544,98.228,123.831,150.177,83.215,3.29
6.006,1.904,0.533,1.202,10.343,225.447,21.797,223857,3.154,0.8,1.284,3.507,32.966,78.876,0.807,1.757,22.731,1,368.651,238.1,380.877,4.577,2.075,1.932,1428.282,824.03,44334.147,11.473,36.805,5.06,127.054,118.467,194.505,88.281,1.902
6.847,1.375,0.397,2.142,15.196,157.541,10.367,171685,4.981,0.986,0.67,8.081,28.547,81.342,1.26,1.339,17.904,3,402.222,207.126,415.604,5.799,2.718,2.575,1150.352,365.971,39991.969,10.033,31.12,6.834,116.44,136.771,181.362,101.272,2.546
6.574,1.55,0.632,2.397,11.986,329.85,27.519,186868,4.241,0.904,1.486,11.146,36.702,133.799,1.036,1.466,25.816,2,399.057,215.341,422.263,5.107,2.502,2.364,1353.191,887.279,45030.731,12.57,38.124,6.098,127.315,123.902,197.806,105.179,2.163
6.787,1.051,0.586,1.492,8.11,397.064,48.957,91014,6.46,1.089,1.026,6.461,34.709,175.751,1.287,0.925,28.853,4,422.991,181.98,451.149,5.772,2.993,3.346,1043.577,500.832,38839.671,8.02,25.734,2.914,114.935,133.689,178.367,113.437,1.363
4.613,1.426,0.4,2.624,10.403,479.861,46.129,30134,3.235,0.791,1.313,9.07,32.885,134.878,0.824,1.376,29.258,1,371.575,237.254,392.075,3.228,1.768,1.99,875.462,501.648,35173.438,7.834,21.842,3.126,107.61,124.755,162.936,95.364,1.621
6.907,1.832,0.653,2.128,9.359,360.697,38.542,220382,3.769,0.869,0.387,11.682,31.096,122.173,0.932,1.766,26.747,2,372.345,226.709,386.662,5.584,2.468,2.077,1195.319,241.112,39145.745,10.672,34.315,4.059,110.333,136.269,166.915,86.767,1.857
2.721,1.739,0.589,1.656,18.113,652.938,36.049,210933,1.565,0.546,0.718,8.595,22.973,150.832,0.498,1.653,31.902,1,338.223,270.22,343.287,1.332,1.445,1.081,1269.627,395.467,40564.483,10.618,37.877,8.708,115.823,122.458,176.923,76.299,2.978
5.267,1.224,0.582,2.027,11.102,127.524,11.486,57102,4.302,0.895,1.185,2.127,33.491,61.355,0.943,1.133,22.288,2,392.824,217.53,408.338,4.215,2.116,2.425,932.35,495.36,35783.097,6.35,20.269,3.664,111.167,133.916,173.469,101.858,1.831
2.035,1.226,0.532,2.069,11.416,402.237,35.233,112303,1.659,0.592,1.086,3.69,28.632,111.81,0.507,1.147,17.61,1,336.272,268.815,351.242,0.913,1.238,1.222,1071.481,548.584,40640.739,8.306,27.079,3.994,111.218,119.239,174.586,76.756,2.466
3.948,1.817,0.207,1.164,19.519,367.579,18.832,175494,2.172,0.689,0.533,7.546,30.849,96.111,0.761,1.766,26.508,1,344.689,256.158,347.866,2.502,1.596,1.309,1099.247,269.348,36142.063,9.152,29.447,6.907,110.539,127.206,177.202,78.433,3.638
4.199,1.93,0.618,1.686,12.549,553.305,44.091,173464,2.175,0.693,0.727,4.031,30.676,166.876,0.718,1.805,34.53,1,338.392,257.204,357.326,2.636,1.534,1.407,1077.008,363.635,37958.452,9.082,28.25,4.688,107.035,122.539,162.558,81.213,2.286
4.377,1.095,0.426,1.556,8.115,776.393,95.674,219277,3.996,0.91,0.616,11.533,28.132,231.559,1.014,0.974,33.185,2,381.332,227.185,393.692,3.758,2.534,2.314,1222.959,343.958,40683.421,11.768,36.531,2.874,125.091,124.799,196.793,89.184,1.008
6.173,1.45,0.766,1.682,11.406,457.263,40.089,60858,4.257,0.887,1.036,5.459,35.313,135.04,1.019,1.382,24.778,2,385.631,214.761,398.633,4.764,2.131,2.314,923.205,423.619,36750.867,6.692,20.809,3.856,115.058,128.636,171.46,96.769,1.998
4.331,1.337,0.691,2.474,9.432,790.814,83.847,124586,3.239,0.829,0.713,6.03,31.705,234.805,0.898,1.293,38.947,1,360.606,235.646,384.292,3.119,1.877,1.944,993.787,375.044,33173.468,7.69,25.814,3.507,112.031,132.627,175.049,84.681,1.443
4.692,1.871,0.553,1.862,9.234,311.575,33.743,51389,2.508,0.685,0.671,8.718,25.808,119.943,0.698,1.832,19.749,1,353.187,249.957,354.802,2.982,1.291,1.573,787.641,209.289,29995.539,6.957,19.777,3.141,96.808,122.211,144.002,81.23,1.626
3.425,1.084,0.351,2.869,8.93,121.608,13.618,115710,3.161,0.814,0.549,6.767,30.071,61.311,0.923,1.063,16.295,1,360.911,240.916,384.727,2.451,1.881,1.82,966.236,252.516,34690.026,7.452,26.004,2.915,102.314,127.976,153.685,84.496,1.553
4.24,1.211,0.322,1.446,15.119,215.964,14.284,33323,3.5,0.865,0.791,5.204,33.618,131.373,0.988,1.128,21.371,2,375.963,235.838,388.968,3.033,1.793,2.106,772.806,256.933,33554.01,5.787,16.544,4.606,97.468,133.478,154.087,89.385,2.526
3.364,1.752,0.404,1.715,10.272,376.587,36.661,227620,1.919,0.638,0.535,1.843,25.361,103.175,0.507,1.695,21.568,1,336.324,259.484,343.197,2.178,1.447,1.04,1226.012,328.953,39245.281,9.266,33.199,5.214,116.939,124.653,181.867,73.318,2.067
2.439,1.051,0.486,2.531,12.335,321.434,26.059,145949,2.32,0.716,1.455,7.561,35.173,93.564,0.725,0.908,25.527,1,365.206,254.169,373.857,1.693,1.679,1.429,1221.541,770.062,41877.189,10.371,33.553,5.311,125.51,116.158,193.272,91.446,2.368
5.621,1.493,0.378,2.001,18.344,167.938,9.155,216956,3.766,0.894,0.485,10.543,27.645,42.813,0.877,1.384,17.402,2,376.058,233.967,385.672,4.592,2.476,2.169,1220.049,268.302,40044.835,10.959,34.954,8.951,113.552,129.107,170.429,86.022,3.062
6.009,1.442,0.509,2.003,13.092,402.862,30.771,43179,4.167,0.936,1.396,8.543,33.238,150.757,1.114,1.252,26.899,2,394.117,224.084,405.607,4.704,2.142,2.313,926.031,529.834,36228.425,8.349,23.348,4.962,111.48,129.548,174.271,102.026,2.63
5.717,1.334,0.299,0.917,18.988,336.681,17.731,80040,4.284,0.909,0.814,5.196,30.282,130.477,1.104,1.219,24.907,2,381.143,222.871,396.82,4.59,2.18,2.291,880.086,372.176,35106.735,6.576,22.599,5.609,108.942,130.239,169.206,96.337,3.164
4.781,1.395,0.787,1.677,13.975,185.833,13.297,87063,3.428,0.869,0.753,2.405,34.191,68.05,0.903,1.233,25.112,2,376.397,231.42,381.007,3.559,1.687,2.084,904.541,283.442,34978.343,6.323,21.664,5.897,104.125,129.449,164.287,84.616,2.826
4.279,1.53,0.265,1.396,12.786,307.282,24.033,115072,2.797,0.728,0.578,9.98,28.069,92.713,0.766,1.481,26.092,1,351.265,253.929,365.473,2.907,1.722,1.609,941.12,265.966,35331.157,8.273,26.707,4.178,103.282,121.713,153.141,82.177,2.242
7.18,1.161,0.759,2.999,17.005,720.505,42.371,206630,6.182,1.164,1.063,11.359,33.896,260.743,1.239,1.037,33.081,5,421.072,185.733,452.04,6.647,3.403,3.305,1303.394,645.904,45272.685,12.421,37.817,8.457,132.028,138.331,207.124,113.539,2.949
5.114,1.572,0.748,1.478,8.878,311.434,35.079,115042,3.254,0.796,1.123,5.271,32.939,102.984,0.947,1.403,19.178,1,375.008,235.564,389.717,3.749,1.899,1.867,1048.526,576.611,37852.883,9.112,26.317,3.572,117.217,129.043,179.517,91.218,1.862
4.875,1.805,0.515,2.746,9.074,599.769,66.099,75023,2.7,0.712,0.861,9.015,31.312,203.807,0.81,1.708,32.357,1,359.242,247.935,364.775,3.246,1.492,1.648,877.895,328.638,34252.647,7.808,24.854,2.94,105.462,123.025,164.631,86.033,1.575
2.154,1.179,0.635,2.288,15.824,528.433,33.395,44297,1.826,0.628,0.367,5.518,28.338,128.427,0.71,1.174,25.763,1,331.584,260.672,345.661,1.098,0.937,1.149,655.213,101.545,27869.677,4.366,16.668,4.283,86.248,127.542,133.433,70.83,3.057
4.047,1.154,0.462,1.55,13.843,399.027,28.825,47488,3.508,0.801,1.402,6.525,32.677,133.758,1.008,1.03,24.172,2,381.702,234.349,386.634,2.946,1.805,2.16,942.07,572.161,35708.893,8.219,23.011,4.64,107.379,121.181,163.032,98.489,2.19
4.281,1.149,0.578,1.996,17.485,267.318,15.288,197210,3.725,0.897,1.476,10.201,35.183,94.118,0.9,0.988,19.093,2,383.177,230.102,400.768,3.492,2.393,2.177,1385.578,875.877,45726.581,13.545,38.196,8.441,128.802,127.486,197.995,96.519,3.109
4.393,1.268,0.404,2.649,18.995,358.31,18.863,127856,3.464,0.818,0.817,1.918,29.78,130.51,0.974,1.117,26.265,2,368.859,236.521,394.663,3.5,1.888,1.855,1025.965,333.685,37069.993,7.749,26.196,6.798,108.299,129.966,164.355,89.011,3.49
5.481,1.361,0.381,2.743,12.66,514.475,40.637,189759,4.027,0.938,1.036,6.834,36.748,173.852,1.174,1.192,26.673,2,376.682,223.927,393.911,4.44,2.383,2.215,1238.228,612.691,42463.573,10.529,35.756,4.915,123.327,128.305,189.057,98.095,2.487
5.202,1.408,0.547,1.153,15.157,345.527,22.797,180103,3.693,0.881,0.84,3.361,34.226,116.079,0.861,1.32,24.058,2,376.619,224.727,387.275,4.186,2.159,2.027,1200.188,444.003,40985.864,9.303,31.339,6.9,117.036,121.209,177.769,93.295,2.846
5.647,1.68,0.499,1.547,14.008,250.428,17.877,59779,3.362,0.839,0.686,4.738,32.977,60.918,0.905,1.572,21.558,2,366.728,236.215,385.112,4.159,1.644,1.836,829.612,264.484,33494.667,6.373,20.272,3.738,99.108,126.477,155.223,84.171,2.51
6.589,1.057,0.548,1.537,19.779,181.524,9.177,61435,6.236,1.109,0.393,8.089,34.462,126.653,1.327,0.942,21.523,5,416.798,185.493,445.283,5.638,2.845,2.974,776.918,182.654,34493.845,6.143,20.698,5.483,96.972,141.494,146.867,102.936,3.643
6.878,1.035,0.372,0.892,17.973,715.837,39.828,196175,6.647,1.109,0.847,1.3,35.738,263.944,1.449,0.899,36.317,5,421.786,174.435,452.646,6.228,3.297,3.345,1253.07,519.386,41458.544,9.634,30.962,7.893,119.469,140.031,187.408,110.5,3.064
6.309,1.392,0.42,2.116,18.941,408.219,21.552,188679,4.532,0.99,1.282,7.532,32.515,149.96,0.946,1.257,25.436,2,392.73,214.782,420.993,5.371,2.672,2.623,1331.613,722.651,44016.742,10.926,38.197,9.131,126.211,127.014,208.69,104.471,3.492
7.733,1.697,0.25,2.681,11.052,537.646,48.647,113166,4.557,0.929,0.32,4.118,31.696,169.989,1.223,1.573,26.933,2,387.143,220.005,400.826,6.251,2.275,2.334,891.191,161.394,34347.488,6.175,20.901,3.441,107.796,140.683,166.056,90.592,2.075
2.109,0.81,0.231,1.639,17.27,443.287,25.668,47032,2.603,0.717,0.999,8.364,30.824,147.029,0.743,0.723,20.371,1,364.348,247.681,375.946,1.227,1.365,1.541,826.02,341.11,32135.487,7.496,21.745,4.859,104.316,129.49,155.362,85.501,2.923
3.175,1.642,0.352,2.428,11.186,710.797,63.545,32661,1.934,0.632,1.357,2.557,33.539,198.894,0.702,1.494,32.606,1,347.56,261.52,360.706,1.719,1.139,1.317,876.496,529.987,36260.431,6.851,19.46,3.639,105.989,120.901,172.699,85.785,1.997
2.045,1.26,0.245,2.181,10.505,482.854,45.965,93394,1.624,0.572,0.561,9.094,28.727,142.293,0.546,1.169,25.89,1,340.607,273.281,347.535,0.894,1.092,0.904,861.439,230.332,32963.24,7.319,23.928,3.332,93.673,118.138,146.59,70.67,2.028
5.885,1.886,0.262,1.626,19.331,436.547,22.583,32028,3.12,0.771,0.52,8.102,30.431,149.891,0.876,1.834,23.866,1,364.511,242.213,376.365,4.08,1.588,1.756,698.91,167.772,30494.371,5.502,19.379,4.198,89.482,131.814,138.176,83.678,3.953
7.388,1.896,0.688,1.11,8.232,747.221,90.774,80615,3.897,0.856,1.227,11.684,29.816,243.458,0.781,1.789,34.294,2,383.355,222.767,403.091,5.548,2.14,2.13,1014.678,558.602,38663.513,9.186,27.635,2.868,111.906,123.726,171.956,94.982,1.682
3.461,1.297,0.223,2.361,19.585,603.783,30.829,122290,2.668,0.707,0.606,11.024,28.734,150.456,0.715,1.237,32.492,1,350.032,250.172,368.805,2.367,1.722,1.656,944.152,271.397,35228.414,8.5,28.025,7.107,108.151,123.998,163.43,79.968,3.552
7.562,1.23,0.595,2.68,9.791,178.085,18.188,56711,6.148,1.156,0.53,4.116,32.881,149.567,1.466,1.181,24.413,5,412.089,187.048,446.203,6.411,2.764,2.946,798.404,216.281,33649.092,5.657,15.231,3.965,100.915,142.258,155.064,103.515,1.803
2.362,1.411,0.364,2.309,17.833,224.393,12.583,52941,1.673,0.555,0.754,1.3,28.177,38.191,0.559,1.335,15.224,1,340.126,266.361,345.725,1.07,0.966,1.062,772.263,258.731,31115.276,5.279,18.299,3.966,97.222,122.331,147.575,76.725,3.158
7.607,1.241,0.723,0.839,11.311,650.986,57.553,227216,6.132,1.167,0.771,8.209,34.262,241.725,1.278,1.117,31.862,5,415.975,185.638,440.551,6.75,3.399,3.094,1307.51,430.151,44669.42,11.733,37.768,5.59,128.484,140.68,196.067,105.588,2.035
4.11,1.672,0.491,1.276,12.208,685.096,56.117,158803,2.457,0.684,1.349,7.632,31.054,198.528,0.716,1.556,34.747,1,355.261,252.544,369.934,2.914,1.831,1.619,1263.939,712.758,40754.13,10.384,33.943,5.454,118.633,122.361,186.225,87.44,2.312
2.609,1.826,0.383,0.953,10.601,481.634,45.432,235580,1.428,0.517,1.042,1.302,29.289,128.284,0.418,1.73,30.896,1,335.412,272.172,341.263,1.256,1.476,1.194,1379.053,606.34,42312.908,10.518,34.974,4.821,127.449,116.942,201.431,78.153,2.027
4.915,1.673,0.511,2.055,15.026,488.119,32.485,106081,2.938,0.777,0.787,2.349,29.611,152.367,0.76,1.549,24.86,1,360.097,245.019,371.669,3.525,1.645,1.604,970.056,322.691,35108.557,7.231,22.127,4.888,105.075,121.225,161.964,87.781,2.664
3.541,1.824,0.429,2.464,12.177,542.353,44.539,178971,1.941,0.601,0.941,7.432,29.215,135.199,0.475,1.741,32.096,1,347.95,260.748,360.611,2.074,1.47,1.245,1161.065,465.693,38276.155,10.4,32.545,4.479,119.101,128.818,186.614,80.756,1.944
3.709,1.397,0.539,1.043,15.889,407.381,25.64,75032,2.655,0.741,1.445,11.03,29.629,108.38,0.828,1.291,21.097,1,360.218,245.065,378.242,2.542,1.505,1.594,1017.668,641.543,36496.3,9.275,27.176,4.978,118.909,119.101,192.692,93.184,2.774
3.844,1.156,0.269,2.644,8.188,576.139,70.366,166034,3.324,0.849,0.436,10.972,28.269,216.442,1.015,1.083,33.245,2,367.398,239.439,380.668,2.851,2.038,1.9,1020.283,218.702,38226.966,9.915,32.071,3.116,105.238,129.138,159.757,79.251,1.294
6.818,1.738,0.798,2.022,8.772,175.937,20.056,58508,3.923,0.851,0.549,2.666,31.721,81.019,1.133,1.65,18.957,2,377.867,222.601,397.19,5.141,1.815,2.016,786.467,225.256,32977.301,5.261,18.229,3.306,97.12,126.277,144.001,91.923,1.319
5.235,1.36,0.455,2.318,9.196,772.895,84.048,30457,3.848,0.909,1.455,5.23,32.27,236.667,0.899,1.257,39.648,2,377.117,225.751,404.584,3.894,1.85,2.237,885.002,576.581,35909.367,8.117,23.27,3.025,113.123,126.242,178.672,97.681,1.733
3.868,1.671,0.409,2.937,13.028,625.108,47.982,234936,2.314,0.677,1.449,1.475,34.415,158.429,0.757,1.56,28.945,1,357.324,256.65,375.769,2.624,1.822,1.531,1478.356,926.25,47578.988,11.567,38.212,6.827,131.539,118.873,200.95,87.368,2.371
5.662,1.271,0.626,0.984,17.778,541.822,30.478,152076,4.456,0.918,0.513,6.162,33.01,187.905,1.127,1.164,28.286,2,374.663,218.615,395.805,4.737,2.426,2.303,1046.867,270.907,36812.764,8.702,26.771,6.202,107.71,132.945,164.842,96.226,3.001
6.297,1.081,0.418,2.783,18.658,321.425,17.227,233926,5.824,1.051,0.474,9.284,31.97,154.74,1.227,0.95,23.839,3,405.989,191.361,429.824,5.731,3.196,2.847,1248.03,262.382,40557.043,10.733,35.373,7.685,118.02,143.724,183.423,101.797,3.279
3.636,1.993,0.7,1.077,10.938,212.669,19.444,103442,1.825,0.633,0.805,9.69,34.818,52.684,0.55,1.863,15.239,1,342.749,261.582,347.003,1.844,1.327,1.149,962.437,326.857,34162.962,8.437,26.04,3.695,98.927,125.191,158.293,75.936,2.006
4.481,1.156,0.473,1.665,14.892,386.54,25.955,102112,3.876,0.851,0.36,6.489,32.142,140.02,0.874,1.118,19.782,2,373.32,222.908,384.082,3.525,1.999,2.024,907.995,157.63,34174.276,6.877,21.774,4.218,102.117,128.595,158.806,85.224,2.721
2.731,1.981,0.632,2.673,17.22,563.104,32.7,118144,1.379,0.548,1.086,2.055,27.018,160.952,0.469,1.873,29.799,1,328.605,269.46,343.816,1.182,1.069,0.998,1048.51,479.938,36634.664,7.239,27.295,6.881,107.268,126.042,157.787,74.916,3.155
3.087,1.918,0.264,2.794,11.466,543.597,47.41,185329,1.61,0.573,0.393,5.195,27.946,127.061,0.567,1.828,30.849,1,328.429,269.572,340.771,1.566,1.419,1.101,1107.395,159.029,35916.392,7.751,30.289,4.155,99.327,117.999,155.39,71.014,1.9
6.087,1.794,0.708,1.914,12.908,367.849,28.498,154477,3.393,0.791,0.37,11.253,29.099,121.96,0.981,1.703,26.182,2,354.338,233.2,386.986,4.424,2.043,1.812,969.241,192.546,36261.122,8.791,29.456,3.957,107.82,130.301,168.047,82.516,2.384
3.089,1.659,0.641,2.107,14.288,529.3,37.046,233578,1.861,0.612,0.882,3.526,27.316,125.667,0.692,1.567,23.918,1,336.955,260.279,355.15,1.958,1.601,1.155,1344.167,494.513,41327.287,10.101,34.242,7.847,122.705,118.374,186.752,79.954,2.536
5.151,1.578,0.327,2.358,9.618,669.624,69.618,35596,3.265,0.839,1.449,4.517,31.724,205.033,0.783,1.502,33.537,1,375.573,240.798,387.184,3.689,1.681,2.183,907.475,627.053,38558.048,6.405,22.228,3.704,106.472,125.054,158.223,98.683,1.842
6.254,1.866,0.287,2.632,8.312,118.399,14.245,185803,3.352,0.842,0.812,9.215,33.348,47.537,0.858,1.756,15.359,2,366.219,237.549,385.457,4.853,2.224,2.042,1194.09,440.93,39165.614,10.8,33.431,2.876,120.283,131.321,184.91,85.699,1.687
2.641,1.289,0.39,1.067,9.834,415.435,42.246,102672,2.048,0.643,0.728,9.069,27.435,103.185,0.75,1.288,26.182,1,344.828,267.777,346.49,1.605,1.348,1.494,948.095,274.774,33111.985,7.865,27.095,2.822,105.137,121.826,153.75,79.264,2.354
5.404,1.468,0.786,2.582,15.522,630.989,40.651,69651,3.682,0.895,1.498,11.034,34.521,172.226,0.934,1.338,34.747,2,381.304,228.064,399.542,4.003,2.049,2.157,1023.289,691.601,39925.38,9.575,29.115,5.462,116.05,129.058,172.73,95.677,3.011
3.539,1.619,0.354,1.859,8.883,482.301,54.292,142287,2.186,0.64,0.938,5.269,27.592,133.527,0.646,1.592,27.72,1,348.855,249.586,359.699,2.276,1.487,1.315,1060.896,441.345,36892.771,8.918,28.949,3.218,110.594,122.49,166.017,82.429,1.596
7.778,1.411,0.474,1.791,10.276,556.033,54.108,141114,5.511,1.1,0.75,6.661,32.702,216.775,1.168,1.32,34.705,3,410.8,193.67,426.645,6.657,2.813,2.898,1106.712,394.514,37061.286,8.871,26.102,3.751,113.269,142.834,170.556,100.236,1.82
4.901,1.427,0.218,1.733,12.054,461.673,38.3,60142,3.433,0.863,0.763,6.141,31.151,174.873,1.039,1.339,26.543,2,368.622,238.049,383.889,3.678,1.713,2.032,809.025,277.028,33340.03,6.675,20.619,4.082,101.924,133.494,161.499,85.498,1.96
6.836,1.33,0.438,1.92,8.934,794.312,88.905,74417,5.139,1.041,0.534,11.205,33.408,275.453,1.071,1.273,35.373,3,401.479,202.066,416.689,5.778,2.483,2.639,821.527,197.401,31722.888,7.541,22.29,2.674,98.671,135.084,152.337,102.48,1.41
5.301,1.564,0.543,2.879,10.3,138.235,13.42,119796,3.389,0.855,0.915,9.463,26.739,54.831,0.804,1.493,19.077,2,360.241,232.91,381.806,3.967,2.052,1.781,1040.505,393.106,35150.234,9.351,28.933,3.733,114.451,132.546,178.793,93.996,1.881
2.26,1.616,0.772,2.006,18.935,443.731,23.434,119938,1.399,0.535,0.827,10.146,27.755,83.231,0.584,1.559,21.204,1,337.89,264.929,343.391,0.954,1.143,0.934,1002.507,334.712,36650.57,8.897,27.178,6.34,107.353,116.842,167.23,73.295,3.444
5.799,1.202,0.51,2.897,8.232,163.992,19.922,99862,4.826,1.006,0.625,2.464,31.079,76.54,1.324,1.166,18.915,3,387.962,207.616,417.813,4.88,2.265,2.54,936.02,246.692,37196.728,6.116,22.109,2.171,104.899,137.684,156.438,100.088,1.998
7.708,1.934,0.691,1.197,15.841,211.85,13.373,62679,3.985,0.904,0.493,9.71,33.62,71.261,0.996,1.827,19.966,2,372.362,223.323,395.618,5.912,1.993,2.063,790.776,186.317,31859.45,5.808,18.749,4.072,102.463,135.277,156.564,88.727,2.691
5.61,1.689,0.528,2.393,12.613,368.127,29.187,30962,3.321,0.808,0.673,5.763,36.278,148.361,0.882,1.568,23.584,2,363.697,237.151,379.394,4.139,1.639,1.74,756.323,240.934,33223.352,5.781,16.035,2.901,94.632,126.791,145.767,83.588,2.084
6.915,1.823,0.224,2.587,16.072,208.878,12.997,243451,3.793,0.882,0.91,1.257,31.512,90.755,1.06,1.696,21.556,2,381.708,226.876,391.714,5.662,2.438,2.088,1394.707,525.51,44933.603,10.165,35.059,7.216,130.838,121.211,202.268,93.773,2.916
7.305,1.556,0.389,2.294,15.064,774.581,51.418,237569,4.694,0.951,0.37,1.661,27.452,241.111,1.132,1.518,30.729,3,384.64,214.807,406.087,6.177,2.6,2.116,1229.962,247,41010.005,9.823,31.803,7.024,117.462,141.491,183.983,94.199,2.6
3.368,1.78,0.545,2.135,10.682,762.753,71.406,136403,1.893,0.615,0.484,8.457,27.557,185.074,0.579,1.754,30.094,1,336.294,257.991,346.578,1.883,1.407,1.132,923.481,212.997,33786.207,8.577,27.378,3.918,104.747,126.262,166.058,75.569,1.986
3.272,1.016,0.77,2.043,18.167,335.277,18.456,248911,3.22,0.79,1.437,5.092,32.816,95.708,0.822,0.88,26.937,1,368.487,237.189,384.6,2.823,2.387,1.905,1513.544,1001.925,46894.656,13.116,39.662,9.436,134.115,122.279,209.358,91.407,3.132
5.666,1.818,0.715,2.694,13.903,547.823,39.402,178203,3.116,0.764,0.951,10.549,34.921,153.813,0.704,1.649,22.731,1,366.622,239.201,384.182,4.358,2.019,1.822,1233.471,509.52,41293.664,11.237,33.853,6.661,112.074,125.395,180.761,85.942,2.417
4.466,1.04,0.337,2.608,17.87,473.627,26.503,45148,4.294,0.916,0.376,9.077,33.828,183.415,1.068,0.946,29.353,2,384.025,217.212,398.169,3.566,2.026,2.255,689.071,196.738,31168.613,6.078,17.789,4.605,94.617,138.366,148.41,91.445,3.291
7.039,1.89,0.332,1.069,12.872,670.911,52.121,55898,3.725,0.899,1.132,1.238,35.046,206.14,0.992,1.742,31.248,2,385.177,227.141,398.581,5.284,1.75,2.167,888.433,472.402,34019.679,6.49,21.066,3.462,104.303,136.658,159.532,92.348,2.17
7.4,1.992,0.321,2.667,19.816,539.212,27.211,231544,3.715,0.857,0.374,8.556,28.608,148.043,0.922,1.894,29.389,2,380.211,231.711,380.62,5.972,2.447,2.039,1239.159,175.745,39754.29,10.634,34.742,7.865,112.967,136.329,180.234,87.531,3.484
4.121,1.294,0.753,1.711,17.246,100.177,5.809,168611,3.184,0.823,1.187,3.116,33.977,80.177,0.812,1.149,22.47,1,371.782,234.977,381.538,3.146,1.894,1.891,1242.209,618.143,41661.217,9.737,30.73,7.651,121.695,126.664,183.75,90.803,3.174
3.421,1.21,0.712,1.358,19.591,634.222,32.372,215500,2.827,0.732,1.2,5.648,32.114,161.19,0.708,1.055,30.39,1,364.343,242.855,380.025,2.563,1.986,1.601,1383.757,730.957,43914.857,11.183,36.058,9.726,124.318,123.504,194.829,85.897,3.5
6.683,1.765,0.665,2.713,14.172,622.794,43.946,227619,3.786,0.869,1.081,7.872,33.235,185.571,1.023,1.709,32.922,2,374.086,228.6,399.755,5.429,2.484,2.131,1410.178,627.147,43882.306,11.454,37.963,6.348,127.11,128.874,196.42,91.838,2.391
3.649,1.253,0.436,1.75,13.684,456.806,33.382,128547,2.912,0.738,1.179,10.6,28.458,155.277,0.862,1.126,26.549,1,371.84,245.536,373.398,2.623,1.817,1.678,1118.256,557.007,37820.171,10.461,29.763,5.093,116.1,118.706,176.522,90.436,2.331
6.936,1.866,0.503,2.578,17.065,732.043,42.896,40675,3.718,0.836,0.406,6.017,31.782,226.592,0.91,1.825,33.318,2,371.837,226.312,387.869,5.369,1.699,1.851,684.76,106.101,29781.601,5.671,18.428,4.517,87.794,134.185,136.918,86.895,3.268
4.542,1.103,0.479,1.379,18.563,735.912,39.643,71421,4.119,0.924,1.172,9.893,33.992,221.015,1.013,0.975,33.394,2,384.704,221.871,405.997,3.603,2.148,2.346,945.368,551.21,36416.819,8.642,25.908,6.928,111.58,123.1,171.806,101.021,3.368
6.005,1.126,0.352,0.809,19.57,466.738,23.85,44645,5.334,1.05,0.464,9.613,32.259,161.795,1.177,0.989,29.973,3,402.194,198.376,420.073,5.025,2.587,2.573,729.247,206.354,30986.619,6.252,18.214,5.037,94.451,139.568,139.017,97.943,3.436
2.573,1.513,0.503,1.89,11.895,525.592,44.187,71522,1.701,0.57,0.707,5.56,26.47,118.137,0.627,1.454,25.225,1,335.14,267.974,347.331,1.153,1.05,1.176,860.718,267.205,33897.765,6.053,20.129,3.611,94.952,119.555,147.913,74.995,2.293
5.743,1.674,0.218,1.021,17.584,797.565,45.356,120317,3.431,0.831,1.431,6.511,32.115,218.358,0.917,1.538,31.869,2,366.723,241.103,386.339,4.411,1.992,1.937,1141.656,753.209,39354.057,9.637,29.139,6.801,114.174,126.955,172.841,99.789,3.209
4.711,1.847,0.279,2.46,10.528,309.174,29.368,56003,2.551,0.745,0.903,8.705,31.186,91.714,0.806,1.745,22.932,1,357.232,249.322,363.246,2.974,1.371,1.553,869.487,387.441,34491.901,6.882,22.75,3.947,97.257,126.639,151.238,82.017,2.139
5.52,1.324,0.732,1.407,14.547,327.232,22.495,66681,4.168,0.889,1.461,1.343,31.01,127.07,1.044,1.199,24.314,2,395.001,219.029,411.62,4.319,2.082,2.299,980.937,665.752,36214.268,6.951,21.718,5.272,115.035,123.572,177.796,101.14,2.752
3.008,1.676,0.651,1.776,10.158,227.942,22.439,128080,1.794,0.574,0.407,10.799,28.091,54.419,0.537,1.59,14.521,1,338.592,265.247,344.473,1.58,1.357,1.194,938.273,166.373,33975.485,8.434,26.649,2.915,99.703,119.918,156.262,73.39,2.05
6.421,1.594,0.454,0.991,12.169,727.107,59.752,104837,4.028,0.917,0.873,9.468,30.386,226.651,0.942,1.437,33.814,2,381.202,223.943,399.413,4.933,2.142,2.256,975.609,382.112,33713.505,8.664,27.508,4.546,110.853,136.426,162.733,91.88,2.096
7.177,1.603,0.51,1.431,19.176,621.142,32.391,132884,4.477,0.91,0.375,3.744,26.297,188.963,0.974,1.514,27.486,2,384.382,217.022,402.285,5.819,2.317,2.205,969.57,157.081,34355.196,7.198,23.308,6.157,108.757,133.944,164.609,91.729,3.263
3.3,1.683,0.422,2.519,9.753,173.95,17.835,124417,1.962,0.661,1.056,11.793,33.795,49.868,0.748,1.616,20.871,1,346.56,261.47,357.978,1.91,1.432,1.326,1065.25,492.847,37861.363,10.452,29.83,3.16,115.937,128.324,180.132,81.415,1.878
2.574,1.367,0.644,1.133,15.589,787.237,50.5,171785,1.882,0.624,0.394,2.973,25.352,221.477,0.559,1.275,28.767,1,338.396,257.789,348.489,1.427,1.266,1.273,1071.179,178.993,34849.5,7.385,28.003,5.621,108.192,120.646,179.229,75.181,2.95
2.142,0.722,0.671,2.224,15.115,611.673,40.467,236181,2.967,0.773,0.51,11.055,27.872,173.959,0.796,0.644,36.159,1,358.274,241.58,374.574,1.974,2.145,1.791,1261.28,270.598,38797.768,10.639,36.162,6.242,120.364,128.091,187.119,81.061,2.685
5.852,1.276,0.658,2.818,9.449,695.365,73.593,53730,4.586,0.957,0.611,4.569,34.195,228.7,1.017,1.22,32.197,2,388.762,215.564,408.73,4.662,2.241,2.275,791.674,264.809,33842.77,5.296,18.278,2.166,99.464,124.821,152.41,93.154,1.474
5.643,1.769,0.634,2.296,11.912,133.706,11.225,51837,3.19,0.81,1.198,9.395,36.219,57.783,0.782,1.653,15.986,1,375.633,238.446,383.018,3.997,1.657,2.004,923.554,510.015,34244.349,7.875,24.199,3.151,107.997,127.727,170.888,95.553,2.17
5.28,1.226,0.323,2.584,14.756,453.473,30.732,217617,4.306,0.896,0.497,6.02,27.668,176.257,0.969,1.137,26.07,2,384.363,224.784,398.462,4.31,2.534,2.323,1220.31,263.886,39907.324,10.028,32.671,5.953,120.414,136.245,184.286,92.805,2.719
3.392,1.692,0.403,1.04,10.246,589.019,57.487,141407,2.004,0.664,1.316,9.101,29.325,142.531,0.8,1.588,31.052,1,349.654,255.389,355.655,2,1.586,1.418,1176.484,697.138,42533.525,10.872,31.52,3.953,119.279,116.985,186.612,86.993,1.533
4.345,1.233,0.482,1.352,17.607,480.063,27.265,198609,3.523,0.855,0.458,2.714,28.331,173.288,0.997,1.126,30.094,2,370.64,233.862,381.401,3.426,2.096,1.907,1173.455,263.522,39225.344,8.489,29.287,6.556,113.059,129.375,175.449,86.834,3.23
5.567,1.625,0.398,2.768,19.666,566.653,28.814,77392,3.425,0.806,0.342,3.965,30.917,177.955,0.847,1.517,28.569,2,367.711,233.217,377.033,4.068,1.631,1.781,788.859,133.752,31914.456,5.759,19.143,5.7,98.623,129.903,157.154,81.735,3.76
4.981,1.747,0.653,2.373,10.577,672.512,63.582,212349,2.851,0.765,0.774,2.098,33.549,193.41,0.901,1.625,27.555,1,362.839,240.835,378.413,3.533,1.904,1.572,1229.048,466.095,39516.814,10.53,31.972,3.667,117.76,125.785,185.174,82.325,1.618
7.927,1.219,0.398,2.207,10.243,362.036,35.345,233246,6.504,1.106,1.475,10.517,35.008,195.084,1.356,1.082,21.836,5,428.801,183.747,456.608,7.104,3.711,3.343,1482.575,964.99,47145.324,13.586,43.032,5.124,137.409,129.126,211.067,116.335,1.905
2.819,1.06,0.283,2.26,13.459,694.068,51.568,169806,2.659,0.698,0.432,4.259,30.94,175.388,0.845,1.01,33.005,1,350.268,249.105,367.842,2.085,1.664,1.484,1024.024,254.858,35738.921,7.97,27.538,5.155,102.457,131.817,152.8,77.653,2.672
6.171,1.131,0.439,1.711,16.973,214.041,12.611,53293,5.456,1.065,0.422,8.639,31.048,125.445,1.443,1.053,24.572,3,399.179,197.218,424.031,5.125,2.534,2.766,750.968,184.539,29533.087,5.752,18.611,5.027,95.383,136.694,143.567,100.659,3.317
4.426,1.606,0.788,0.898,11.379,289.62,25.452,226964,2.756,0.758,1.201,10.022,32.575,96.283,0.884,1.486,25.625,1,364.686,245.122,374.22,3.345,2.025,1.748,1404.724,751.638,45916.317,12.81,39.42,5.307,126.969,115.547,197.988,88.657,1.637
4.569,1.849,0.336,2.526,8.239,130.342,15.821,204347,2.471,0.713,0.675,10.916,26.714,29.397,0.748,1.798,18.616,1,354.088,246.388,364.053,2.979,1.841,1.687,1215.869,342.558,40054.918,11.452,35.583,4.013,114.403,124.981,177.118,82.269,1.68
6.306,1.045,0.567,2.293,14.495,355.099,24.499,195193,6.034,1.07,1.161,2.169,35.244,171.972,1.362,0.922,28.061,4,415.128,190.913,441.004,5.647,3.19,3.166,1344.021,678.76,42157.283,9.859,34.635,6.635,129.593,130.777,200.978,112.814,2.512
6.155,1.734,0.46,1.84,19.479,365.937,18.786,38080,3.549,0.857,0.54,10.823,30.216,126.435,0.948,1.646,30.312,2,370.847,238.152,381.36,4.489,1.767,1.983,752.472,237.08,32825.289,6.327,19.66,6.258,91.542,126.144,142.907,89.528,3.404
7.948,1.341,0.243,2.779,12.695,663.689,52.278,205771,5.925,1.047,0.852,3.17,33.34,241.736,1.129,1.123,36.35,4,420.663,194.151,435.614,6.981,3.116,2.789,1281.562,524.327,43016.678,9.563,32.094,4.965,127.059,135.344,193.666,108.304,2.762
2.77,1.479,0.493,1.54,13.042,557.191,42.724,60349,1.874,0.623,0.618,9.106,28.716,156.376,0.563,1.379,31.187,1,338.969,263.567,347.121,1.339,1.163,1.234,744.533,206.196,31520.571,6.398,22.332,2.895,89.664,116.03,138.562,75.962,2.373
2.625,1.27,0.621,1.448,19.627,405.706,20.671,78924,2.066,0.65,0.842,9.017,27.157,97.143,0.578,1.139,22.324,1,346.867,257.188,351.922,1.6,1.333,1.457,908.641,310.207,37157.066,7.915,23.327,6.322,104.223,124.299,161.505,76.968,3.431
6.346,1.332,0.508,2.72,16.335,556.48,34.066,156969,4.764,0.997,1.223,1.094,33.094,198.044,1.105,1.222,32.79,3,400.91,206.952,424.76,5.492,2.577,2.552,1202.972,694.283,41856.546,9.09,31.686,6.247,125.269,130.009,188.416,106.908,3.064
5.47,1.465,0.723,2.553,16.63,136.948,8.235,88295,3.733,0.904,1.214,3.427,34.58,64.694,1.148,1.347,20.423,2,374.059,230.599,394.369,4.044,1.941,2.333,1036.254,586.845,40313.098,7.781,24.614,5.678,115.377,125.147,176.387,97.834,3.294
3.645,1.014,0.373,1.933,14.752,226.19,15.332,175496,3.596,0.883,0.919,6.411,34.958,78.351,1.066,0.874,23.14,2,374.521,235.038,380.62,2.908,2.14,2.086,1202.8,466.521,40571.232,10.631,31.315,6.437,121.485,124.561,189.868,92.046,2.663
2.477,1.082,0.252,1.088,19.695,538.863,27.36,163775,2.29,0.714,1.414,5.62,32.174,151.577,0.766,0.977,32.11,1,360.443,258.122,366.004,1.642,1.759,1.579,1275.603,753.944,43587.232,10.826,34.312,8.889,123.035,114.244,193.5,88.421,3.396
2.514,1.093,0.762,1.273,16.266,548.957,33.748,53792,2.3,0.715,0.617,11.104,30.052,144.579,0.797,0.969,29.659,1,345.186,253.512,361.22,1.506,1.329,1.337,789.187,275.218,31360.783,6.683,21.226,4.475,99.891,130.042,151.6,74.935,2.928
7.365,1.028,0.427,2.244,18.74,641.894,34.252,174323,7.166,1.237,0.588,4.957,36.718,236.496,1.387,0.874,32.689,5,438.194,168.506,471.224,6.786,3.521,3.6,1189.594,324.587,38228.438,8.973,29.893,7.79,114.286,141.217,179.141,113.063,3.574
3.151,1.631,0.546,1.647,16.393,382.1,23.309,233270,1.932,0.654,1.037,11.307,31.655,70.775,0.708,1.516,20.959,1,345.244,259.286,354.017,2.029,1.693,1.254,1380.863,611.813,41302.813,12.575,40.394,6.692,122.678,114.612,187.692,79.9,2.857
3.94,1.426,0.675,2.64,16.821,605.788,36.013,65444,2.762,0.775,1.046,6.054,29.58,182.407,0.895,1.339,29.357,1,357.48,252.379,371.251,2.632,1.471,1.653,884.186,398.401,34782.948,7.25,21.508,5.28,112.185,124.85,170.37,83.603,3.215
3.36,1.548,0.395,2.89,11.485,578.786,50.395,161353,2.17,0.678,0.356,11.608,26.006,137.012,0.509,1.522,29.82,1,342.238,256.921,351.959,2.136,1.537,1.148,1042.184,188.379,35846.953,9.208,29.81,3.871,104.434,126.401,169.514,73.494,2.029
4.13,1.175,0.63,2.572,11.642,774.375,66.517,105210,3.516,0.808,1.029,9.111,30.433,235.049,0.958,1.051,35.424,2,371.476,230.396,391.363,3.14,2.004,2.053,1010.911,430.309,35783.667,8.894,28.246,3.934,113.704,131.656,174.581,92.446,1.694
2.417,1.296,0.281,1.631,17.396,250.591,14.405,131114,1.865,0.587,0.749,10.123,31.896,63.198,0.465,1.259,21.344,1,337.505,267.547,345.5,1.442,1.363,1.245,1044.083,355.067,36213.934,9.286,28.964,5.562,107.751,119.961,161.115,77.792,3.413
5.114,1.664,0.375,2.535,11.56,486.176,42.055,93140,3.074,0.816,1.197,2.154,33.591,141.654,0.721,1.552,30.295,1,366.281,241.585,381.01,3.706,1.686,1.863,1053.91,523.19,39055.234,8.441,25.789,4.601,114.679,128.81,176,88.524,2.112
2.406,1.777,0.287,1.573,14.753,521.235,35.33,107908,1.354,0.523,1.27,7.448,30.283,153.332,0.592,1.691,29.719,1,337.344,273.275,344.828,0.892,1.058,1.128,1075.307,556.761,39969.476,9.163,28.993,5.828,106.066,114.66,163.337,76.991,2.828
6.802,1.05,0.687,1.168,10.992,799.054,72.693,36360,6.476,1.181,0.963,2.57,36.757,293.924,1.362,0.916,36.515,5,425.523,182.188,454.199,5.649,2.924,3.318,808.895,334.224,33479.625,5.716,17.962,2.53,106.993,133.007,169.489,111.275,2.01
3.402,1.89,0.334,0.873,17.804,240.829,13.527,245941,1.8,0.592,0.302,4.274,23.675,69.967,0.523,1.825,17.849,1,334.355,266.971,342.642,2.005,1.521,1.07,1231.424,143.773,39745.875,9.738,34.08,7.763,112.106,127.242,172.328,72.364,3.203
5.24,1.577,0.63,1.649,9.326,466.253,49.995,167455,3.323,0.812,1.064,7.859,35.874,152.15,0.968,1.483,28.054,2,371.355,237.33,382.128,3.983,2.089,1.86,1228.408,595.241,43312.073,10.169,32.497,4.833,121.903,130.719,190.464,89.439,1.794
7.28,1.564,0.766,2.788,17.953,342.33,19.068,140155,4.655,0.99,1.199,8.988,35.637,132.764,1.121,1.459,31.259,3,397.907,205.824,418.155,6.076,2.535,2.401,1205.541,659.643,42587.134,10.117,32.211,7.645,117.892,133.749,186.983,101.082,3.165
5.905,1.5,0.517,1.326,15.233,468.125,30.731,114417,3.936,0.93,0.599,1.431,33,156.205,1.028,1.375,28.386,2,372.261,226.218,393.602,4.653,1.995,2.122,959.131,269.687,34667.603,6.87,22.893,4.106,109.246,134.362,166.998,90.115,3.087
5.198,1.069,0.524,1.254,10.243,262.49,25.626,148662,4.86,0.951,0.858,6.84,29.314,142.833,1.102,0.953,21.479,3,395.054,205.303,417.033,4.47,2.556,2.417,1106.497,416.042,38946.211,8.961,28.364,3.682,111.071,135.664,173.324,97.673,1.812
3.946,1.09,0.477,2.934,14.504,133.329,9.192,113623,3.621,0.887,1.459,7.218,36.041,80.203,1.01,1.011,20.49,2,371.865,229.651,392.829,3.044,2.087,2.164,1118.727,751.07,41056.456,9.521,31,5.743,119.186,125.626,184.486,93.837,2.931
3.998,1.601,0.396,0.855,11.39,500.796,43.968,109179,2.497,0.732,0.658,1.867,28.702,170.026,0.743,1.521,29.235,1,350.881,252.411,365.395,2.691,1.384,1.492,920.983,297.412,35278.24,7.298,24.846,4.73,98.99,127.025,154.335,80.996,2.151
6.017,1.341,0.485,2.529,11.882,335.098,28.203,132068,4.487,0.936,0.568,6.508,28.853,136.096,1.09,1.252,25.874,2,387.047,215.242,401.736,5.039,2.372,2.295,1005.497,243.06,36436.241,7.471,26.767,3.577,104.054,127.636,161.688,89.729,1.645
7.965,1.917,0.562,1.507,12.218,227.359,18.608,90716,4.154,0.904,0.553,8.852,29.152,85.254,0.989,1.858,25.418,2,382.586,222.692,404.496,6.099,2.127,2.27,893.921,248.033,34858.882,7.751,21.436,3.749,101.708,133.542,158.232,91.376,1.985
5.971,1.407,0.792,0.882,8.76,326.755,37.302,69610,4.245,0.885,0.971,1.586,29.974,121.087,1.044,1.282,24.868,2,386.733,219.569,400.321,4.6,2.079,2.201,881.793,397.904,36127.459,6.235,20.375,2.17,110.55,134.821,170.21,95.92,1.718
5.347,1.143,0.763,2.819,19.832,134.496,6.782,152453,4.677,0.926,1.44,9.363,32.308,65.004,1.107,1.011,23.043,3,400.769,212.256,423.212,4.569,2.678,2.396,1265.761,815.769,42238.581,10.784,33.293,9.225,125.427,119.719,194.512,104.556,3.343
6.384,1.715,0.717,1.107,8.378,765.31,91.343,215408,3.723,0.866,1.03,7.341,32.638,247.549,1.119,1.629,35.289,2,377.579,223.215,386.638,5.086,2.353,2.077,1359.26,687.305,42034.158,11.226,36.581,3.803,120.94,122.496,186.366,91.22,1.206
4.791,1.293,0.733,2.014,15.95,506.804,31.775,63622,3.705,0.831,0.664,10.165,29.855,153.359,0.9,1.237,32.532,2,370.619,234.539,380.434,3.707,1.923,1.939,836.697,241.961,33986.081,7.197,22.97,3.305,93.227,128.312,153.826,88.235,3.108
2.361,1.454,0.481,1.403,12.455,670.338,53.822,37201,1.623,0.556,1.066,3.399,29.603,123.045,0.519,1.296,34.602,1,335.416,266.864,346.286,1,0.917,1.159,855.15,416.282,33689.943,5.491,18.557,3.531,102.347,112.72,161.059,77.4,1.892
5.374,1.698,0.594,0.943,15.752,396.183,25.151,84298,3.165,0.828,1.05,10.166,35.491,160.746,0.915,1.567,27.983,1,366.418,241.912,373.191,3.9,1.863,1.803,973.804,495.763,37678.01,8.94,28.345,5.313,106.98,129.189,165.829,95.449,2.959
7.746,1.9,0.737,0.91,12.275,732.32,59.66,245538,4.076,0.915,1.016,2.04,32.786,220.841,1.113,1.756,36.335,2,380.469,213.19,404.79,6.277,2.502,2.284,1423.302,682.517,46158.138,11.059,34.234,6.309,127.167,122.409,195.757,94.121,2.106
3.052,1.733,0.436,1.054,16.085,438.323,27.25,212326,1.761,0.605,0.491,5.442,22.736,100.709,0.504,1.662,32.283,1,336.124,264.028,344.54,1.77,1.472,1.05,1195.833,272.452,36655.104,9.394,32.258,6.823,114.814,126.944,181.876,75.297,3.021
6.14,1.676,0.777,0.957,16.751,501.762,29.954,161090,3.663,0.834,1.061,3.194,31.774,184.937,0.94,1.539,31.111,2,374.576,223.473,398.922,4.813,2.1,1.978,1211.826,536.768,39971.622,9.373,30.684,7.433,118.045,130.555,179.708,92.246,3.037
3.206,1.68,0.449,2.473,16.287,444.256,27.277,234434,1.909,0.642,0.816,10.636,31.357,95.385,0.436,1.616,23.127,1,344.192,259.467,351.113,1.94,1.688,1.314,1335.26,435.332,41922.407,12.123,37.563,7.55,119.633,125.361,180.298,78.64,2.492
5.215,1.946,0.561,1.868,9.368,613.295,65.47,127961,2.68,0.764,0.322,8.754,28.283,192.432,0.782,1.877,31.125,1,351.658,247.428,363.799,3.605,1.728,1.527,914.432,171.181,32786.218,8.248,24.302,3.04,100.807,130.417,150.817,77.643,1.614
2.58,1.296,0.626,1.554,15.883,496.659,31.27,246321,1.991,0.636,0.948,1.279,32.487,119.883,0.722,1.234,26.168,1,347.106,258.15,354.103,1.625,1.693,1.218,1394.854,586.049,42888.39,10.178,37.187,7.76,128.701,123.649,204.676,79.979,2.782
4.702,1.001,0.77,1.72,11.36,290.119,25.539,95186,4.697,1.016,1.487,1.105,37.04,105.05,1.115,0.889,29.508,3,401.187,213.233,417.684,3.908,2.363,2.546,1113.287,734.094,39639.649,8.023,27.915,4.219,121.139,123.947,192.747,105.331,2.082
6.537,1.272,0.347,2.844,8.346,201.878,24.19,82867,5.139,1.055,0.72,4.204,29.866,136.191,1.253,1.179,25.023,3,398.986,210.025,420.074,5.327,2.43,2.637,899.433,315.873,34526.933,6.996,23.714,2.911,99.085,136.941,154.22,100.106,1.544
4.085,1.218,0.648,2.804,12.978,524.287,40.398,170370,3.355,0.843,1.459,2.576,34.173,175.359,0.88,1.082,34.576,2,374.495,231.537,386.487,3.126,2.122,1.935,1318.992,862.047,43169.57,10.489,32.898,6.415,124.366,121.155,190.526,98.738,2.243
5.989,1.662,0.512,2.374,13.203,442.426,33.511,113193,3.604,0.874,0.415,7.933,30.747,158.307,0.899,1.578,24.278,2,371.035,229.562,385.826,4.633,1.923,1.925,912.629,203.502,34768.26,6.493,25.601,4.195,100.699,136.469,153.886,82.952,2.137
6.773,1.634,0.361,2.746,13.606,167.183,12.287,167800,4.146,0.88,1.179,8.302,35.437,87.774,1.083,1.502,23.005,2,396.194,219.397,404.119,5.387,2.434,2.259,1246.118,657.491,43159.089,10.101,33.843,5.688,124.508,129.812,201.156,94.63,2.51
7.563,1.593,0.666,1.503,16.458,376.932,22.903,97099,4.746,0.958,0.437,11.361,34.883,156.089,1.034,1.458,21.161,3,385.849,212.706,409.264,6.072,2.523,2.337,885.73,181.327,34595.991,7.82,25.391,4.561,97.288,131.998,150.434,91.81,3.124
3.408,1.016,0.531,1.638,11.706,460.343,39.325,165942,3.353,0.788,0.628,11.472,31.789,126.863,0.891,0.957,21.886,2,366.811,235.866,392.609,2.77,2.039,1.891,1085.646,340.06,40682.464,10.699,31.656,4.626,111.129,130.031,173.622,86.269,2.154
4.396,1.729,0.597,2.15,11.783,678.825,57.609,90664,2.543,0.682,0.985,8.248,31.009,189.792,0.739,1.632,30.509,1,350.837,249.554,366.149,2.76,1.558,1.463,941.91,399.12,36645.147,8.171,24.647,3.383,106.552,124.162,163.396,84.028,2.048
2.914,1.324,0.394,2.172,8.727,153.271,17.564,41213,2.202,0.645,1.011,1.062,31.137,30.658,0.589,1.186,22.949,1,349.667,258.15,361.836,1.755,1.156,1.504,812.285,391.794,34247.046,5.852,19.857,2.561,103.939,119.362,161.467,85.634,1.466
7.955,1.665,0.489,1.86,16.242,343.947,21.177,230669,4.778,1.021,1.23,4.949,34.837,118.325,1.195,1.55,21.705,3,395.602,209.16,419.653,6.803,2.851,2.591,1426.169,762.83,45744.003,11.764,40.231,8.173,129.086,130.878,201.595,106.045,2.703
7.562,1.557,0.57,1.681,14.814,675.859,45.623,224305,4.858,0.966,1.038,6.645,30.82,233.418,1.058,1.431,32.71,3,397.35,205.422,423.969,6.392,2.826,2.511,1396.29,657.493,44189.621,11.697,36.987,7.773,127.702,132.721,205.163,100.558,2.685
5.24,1.343,0.443,2.97,12.193,553.897,45.427,243575,3.902,0.931,1.012,6.491,33.301,196.902,1.083,1.166,33.137,2,380.986,226.368,398.953,4.463,2.481,2.243,1409.622,676.012,46162.518,12.277,39.853,6.709,133.219,127.997,206.142,97.554,2.203
7.052,1.135,0.319,2.606,16.462,302.971,18.404,187635,6.216,1.133,1.395,7.637,37.904,148.636,1.274,0.947,26.645,5,423.873,184.764,452.398,6.138,3.342,3.222,1357.687,851.531,45190.531,12.036,36.548,6.304,133.914,129.283,209.633,116.089,3.089
5.126,1.094,0.777,1.757,14.448,691.735,47.877,180198,4.684,0.948,0.843,11.566,30.342,225.239,1.078,0.964,39.735,3,385.595,210.522,422.319,4.43,2.666,2.515,1214.284,498.32,40763.657,11.32,36.659,6.04,119.968,132.619,184.521,96.438,2.451
5.742,1.832,0.507,2.4,13.631,445.306,32.669,152980,3.135,0.797,0.57,10.737,32.493,119.582,0.842,1.751,26.329,1,367.832,234.622,372.372,4.116,1.826,1.597,1044.43,268.769,36539.784,9.167,28.529,3.932,107.25,135.267,166.982,83.548,2.46
2.535,1.767,0.64,1.393,14.136,448.846,31.752,57707,1.434,0.524,0.494,2.198,28.273,106.902,0.58,1.729,23.992,1,334.118,269.617,336.712,0.841,0.798,0.999,743.428,175.03,31181.046,4.901,16.969,4.259,92.559,121.151,144.835,70.584,2.266
6.532,1.65,0.447,1.02,15.636,783.611,50.115,71631,3.959,0.939,0.78,3.926,29.641,250.084,1.064,1.566,32.062,2,378.541,223.096,400.125,4.988,1.935,2.142,899.522,318.671,35959.772,6.612,19.446,4.911,103.562,130.513,159.703,90.601,2.723
2.766,1.103,0.413,1.575,15.92,762.982,47.926,93683,2.507,0.737,1.155,10.164,34.2,218.933,0.843,1.016,32.92,1,353.1,252.024,365.745,1.953,1.521,1.604,1022.078,480.252,38886.336,9.459,26.351,6.271,113.454,119.705,176.801,85.145,2.719
6.956,1.402,0.444,1.687,11.467,350.973,30.606,225834,4.962,0.955,0.351,10.067,30.246,153.822,1.172,1.311,21.283,3,393.161,209.851,416.432,5.966,2.863,2.461,1205.581,237.892,39395.68,10.776,34.846,4.968,116.457,140.438,177.671,94.847,2.265
6.692,1.729,0.446,0.836,9.689,198.405,20.478,68053,3.871,0.925,0.455,4.029,29.362,77.069,1.078,1.688,15.271,2,375.665,225.095,388.695,5.093,1.83,2.192,787.871,197.113,32502.367,4.817,18.217,1.997,95.571,137.611,150.146,86.753,2.072
6.252,1.78,0.527,2.593,9.88,327.967,33.196,233032,3.513,0.862,0.427,9.036,32.213,104.453,0.924,1.715,29.538,2,370.587,236.145,386.426,4.904,2.289,1.761,1249.935,266.961,40807.322,11.161,34.592,3.838,121.237,131.859,188.14,84.153,1.53
2.217,1.118,0.526,1.59,15.673,121.338,7.742,145012,1.983,0.607,1.002,8.392,29.193,43.113,0.688,1.036,17.609,1,349.158,254.883,359.552,1.31,1.583,1.428,1119.564,523.343,40333.537,9.096,31.679,6.074,116.342,117.047,178.12,80.491,2.973
3.819,1,0.498,2.077,18.474,114.538,6.2,187425,3.819,0.894,0.591,6.209,34.897,74.48,0.972,0.922,26.215,2,378.853,231.909,390.747,3.111,2.315,2.126,1183.449,296.891,37384.331,9.03,32.51,7.937,111.27,128.913,171.998,88.492,3.444
3.579,1.712,0.281,0.963,12.914,376.865,29.183,54253,2.09,0.66,0.5,3.216,26.214,97.637,0.527,1.627,21.544,1,335.655,263.845,347.976,2,1.137,1.296,762.052,148.595,31230.341,5.191,17.84,3.473,92.392,122.387,148.437,77.467,2.2
4.161,1.357,0.498,1.185,10.034,758.714,75.612,89187,3.067,0.766,1.011,10.775,27.773,213.836,0.811,1.253,32.745,1,364.103,238.151,378.046,2.98,1.868,1.677,948.502,460.724,35148.062,8.917,25.067,3.42,107.622,122.914,166.396,86.953,1.625
2.526,1.254,0.301,2.757,17.079,709.95,41.568,240874,2.013,0.655,1.214,8.456,30.154,201.474,0.692,1.091,30.043,1,352.351,258.711,358.8,1.814,1.797,1.248,1415.01,742.399,44030.599,13.284,41.105,8.28,131.058,117.699,204.851,84.118,2.885
7.622,1.013,0.276,2.139,17.99,458.01,25.459,88552,7.525,1.183,0.699,2.859,36.574,212.367,1.377,0.879,26.262,6,438.736,157.865,477.479,6.767,3.399,3.543,928.838,319.318,34840.295,5.921,21.778,6.413,104.975,136.962,164.41,113.03,3.142
5.323,1.54,0.76,2.891,18.567,495.658,26.696,95234,3.456,0.836,0.994,8.753,30.149,165.311,0.85,1.486,30.355,2,377.018,234.485,389.234,3.956,1.866,2.024,988.298,405.1,37408.238,8.445,25.631,6.495,107.338,131.579,168.692,90.073,3.24
3.833,1.851,0.563,2.997,15.282,104.153,6.815,73471,2.071,0.616,0.418,9.156,24.401,26.28,0.521,1.79,18.766,1,348.691,257.233,352.72,2.19,1.3,1.231,767.694,193.052,28161.451,5.908,21.585,4.13,96.361,131.473,144.941,71.893,2.708
4.382,1.958,0.596,1.618,18.329,250.851,13.686,58396,2.238,0.705,1.422,10.756,32.604,53.343,0.782,1.848,23.717,1,359.278,253.733,367.708,2.511,1.5,1.579,989.746,632.661,37743.143,9.234,26.122,6.497,112.741,115.409,170.608,90.971,3.155
4.683,1.566,0.441,1.457,8.185,117.342,14.336,81316,2.991,0.798,0.704,3.451,27.464,73.509,0.989,1.504,22.152,1,363.528,239.264,377.639,3.165,1.622,1.615,835.539,260.683,31042.846,6.27,20.277,2.186,96.164,126.016,146.06,84.656,1.613
5.604,1.514,0.745,2.688,9.287,628.178,67.642,171311,3.7,0.836,1.497,11.876,34.634,199.592,0.918,1.398,34.371,2,379.781,232.872,398.563,4.5,2.423,2.153,1315.891,908.762,43582.646,11.942,36.562,4.102,129.509,119.314,203.167,98.013,1.728
5.094,1.085,0.583,2.997,9.111,201.952,22.166,130180,4.695,0.96,1.474,2.687,34.731,91.657,1.159,0.926,17.862,3,400.375,207.914,421.636,4.215,2.349,2.668,1165.49,721.18,41664.326,9.855,30.606,3.957,119.252,128.267,185.888,102.081,1.561
7.516,1.549,0.662,2.185,16.551,708.333,42.796,151826,4.853,0.958,1.235,7.608,35.419,213.991,1.165,1.424,31.968,3,394.312,207.43,421.69,6.276,2.776,2.707,1221.796,658.817,41533.603,10.788,33.789,7.466,120.03,127.494,186.893,101.106,2.834
4.982,1.38,0.421,2.549,8.835,550.327,62.29,56920,3.61,0.878,0.324,8.229,27.062,156.556,1.096,1.263,29.634,2,365.097,232.298,381.558,3.666,1.772,1.836,728.043,154.494,31763.688,5.872,18.629,2.692,92.103,129.619,142.276,85.863,1.467
7.953,1.607,0.776,2.52,13.956,260.593,18.672,206465,4.949,0.957,0.952,5.608,35.888,115.429,1.077,1.498,33.526,3,395.752,203.522,424.34,6.681,2.915,2.545,1309.949,586.186,44240.154,11.031,35.803,6.301,121.99,137.7,183.785,101.775,2.571
7.109,1.389,0.692,1.582,13.672,210.404,15.389,202500,5.119,1.053,0.404,6.225,31.884,139.924,1.217,1.263,23.788,3,396.428,200.522,421.426,5.973,2.883,2.574,1161.273,196.663,41613.361,9.206,32.978,5.619,112.261,140.3,171.603,92.8,2.46
3.251,1.24,0.712,2.063,11.728,539.337,45.985,34749,2.621,0.761,1.374,10.8,34.153,144.144,0.77,1.152,28.847,1,359.354,246.012,378.979,2.107,1.518,1.647,921.777,551.546,36628.558,8.766,24.364,3.481,104.921,117.912,163.472,86.966,2.11
7.584,1.095,0.303,2.633,18.445,730.586,39.609,114373,6.926,1.205,1.248,8.098,39.372,298.965,1.499,0.933,37.105,5,438.187,174.604,464.285,6.446,3.367,3.565,1079.704,626.566,41519.917,9.905,29.346,7.364,122.18,142.202,188.698,122.148,3.454
2.698,1.315,0.363,2.314,10.045,602.852,60.014,45129,2.052,0.626,1.467,6.467,29.066,158.689,0.829,1.181,27.766,1,355.115,259.122,364.149,1.577,1.237,1.65,954.217,646.595,39010.061,7.591,24.242,2.882,104.492,112.461,162.678,89.676,1.753
6.905,1.097,0.371,0.847,12.23,343.983,28.127,204263,6.296,1.113,1.03,2.412,37.245,149.829,1.366,0.963,25.84,5,420.793,188.574,455.247,6.299,3.196,3.079,1303.194,637.485,42654.796,10.185,32.812,5.689,124.818,137.618,187.239,112.025,2.444
4.284,1.177,0.363,1.541,17.29,511.169,29.564,192199,3.64,0.857,0.927,1.081,29.135,154.646,0.884,1.082,31.069,2,375.378,229.251,397.208,3.418,2.206,2.074,1250.908,534.313,42839.539,9.227,31.891,8.009,122.395,137.956,189.659,91.83,2.684
7.268,1.987,0.713,1.118,8.365,317.533,37.959,228437,3.657,0.87,0.923,2.375,29.386,95.69,0.874,1.845,23.33,2,373.391,230.729,385.494,5.864,2.167,2.078,1353.149,557.107,40611.867,9.931,35.316,4.025,125.649,128.18,186.408,91.337,1.215
7.208,1.444,0.219,1.313,16.075,799.405,49.728,82008,4.992,1.022,0.764,11.518,37.251,248.319,1.297,1.316,33.805,3,398.246,203.13,418.968,6.093,2.492,2.626,881.139,313.94,35090.212,7.783,23.84,5.108,101.703,133.407,152.423,96.591,3.233
6.836,1.532,0.246,2.792,17.797,624.187,35.073,130385,4.462,0.956,0.862,9.405,35.142,192.342,1.031,1.424,31.194,2,391.689,215.384,407.761,5.543,2.498,2.493,1082.105,437.863,40335.064,9.484,27.846,6.604,106.85,132.443,161.732,98.305,3.098
6.74,1.874,0.364,0.881,19.187,530.067,27.626,70587,3.597,0.841,1.062,11.638,36.487,136.857,0.987,1.804,27.656,2,379.063,229.883,398.256,5.041,1.989,2.069,939.717,484.626,36216.577,8.669,24.98,5.384,104.418,135.627,154.476,92.541,3.481
3.828,1.996,0.32,1.284,18.516,396.281,21.403,111671,1.918,0.648,1.42,1.393,30.709,123.502,0.588,1.811,20.426,1,351.406,259.6,350.399,2.067,1.217,1.209,1116.175,682.786,39802.867,7.861,27.707,6.897,110.19,123.977,167.587,86.923,3.541
2.486,1.352,0.339,1.481,11.833,532.707,45.02,144893,1.839,0.585,1.015,8.482,29.281,140.193,0.474,1.283,25.942,1,344.904,265.04,348.444,1.545,1.352,1.121,1121.799,491.885,38362.004,10.058,30.611,4.668,112.949,117.646,176.179,79.244,2.168
4.418,1.812,0.679,2.157,15.036,339.131,22.554,41732,2.437,0.7,1.329,1.487,32.771,85.747,0.774,1.692,19.101,1,351.479,250.365,375.299,2.577,1.252,1.497,903.646,557.36,37749.289,6.866,20.371,4.411,105.945,121.596,168.88,88.731,2.849
3.041,1.327,0.538,1.975,8.928,120.205,13.465,187271,2.292,0.7,1.335,9.603,31.717,40.651,0.667,1.203,14.095,1,350.282,247.607,364.566,2.071,1.787,1.473,1326.829,795.181,41719.329,11.464,38.554,4.388,123.761,124.01,189.688,86.106,1.69
6.17,1.306,0.203,1.28,11.094,376.562,33.942,149524,4.725,0.935,0.923,5.19,31.421,135.75,1.128,1.174,21.732,3,390.98,219.308,409.816,5.237,2.571,2.463,1118.325,453.577,38690.363,8.986,29.771,3.611,117.304,128.96,179.194,99.286,2.166
4.077,1.403,0.458,1.161,9.131,751.337,82.287,212370,2.906,0.783,0.717,2.053,28.47,176.424,0.876,1.3,36.775,1,360.916,244.555,378.589,3.164,1.947,1.677,1266.068,375.677,41976.91,9.961,31.697,3.077,120.406,123.225,186.147,85.542,1.721
7.854,1.673,0.445,1.321,11.782,538.411,45.697,89791,4.696,1.006,1.067,7.249,34.773,234.331,1.207,1.568,33.953,3,390.034,211.922,410.389,6.357,2.332,2.394,1008.089,444.357,38138.191,7.944,24.761,4.505,112.78,135.987,173.737,99.61,2.235
5.846,1.682,0.268,1.906,18.502,158.769,8.581,228730,3.475,0.852,0.835,4.081,29.435,70.376,0.917,1.564,14.77,2,372.253,239.231,390.562,4.732,2.269,1.835,1321.859,496.692,43824.867,11.187,35.738,8.404,122.038,130.93,185.108,93.386,3.189
6.935,1.315,0.606,1.397,12.166,719.496,59.14,249712,5.273,0.983,0.398,8.255,29.197,238.819,1.229,1.27,38.66,3,399.944,203.212,414.531,6.138,3.066,2.436,1332.6,229.395,42984.42,10.724,35.604,5.848,116.813,137.583,183.227,95.526,2.283
2.795,1.133,0.621,2.885,14.743,288.212,19.549,232245,2.467,0.684,0.753,8.24,30.01,54.375,0.638,1.067,18.562,1,344.189,249.737,357.535,2.136,1.922,1.353,1316.11,462.789,41128.649,11.274,38.383,6.531,118.587,128.925,182.633,81.579,2.623
7.172,1.632,0.633,1.821,13.201,270.639,20.502,201136,4.394,0.928,1.493,8.755,34.921,91.407,0.872,1.504,24.72,2,389.663,209.997,415.374,5.998,2.795,2.536,1401.218,868.155,46860.741,11.929,39.245,6.756,132.77,121.326,203.158,106.434,2.314
7.537,1.128,0.637,0.929,13.507,307.964,22.8,208721,6.679,1.132,0.358,11.917,34.892,189.458,1.462,1.018,25.003,5,427.987,176.367,447.852,6.821,3.556,3.173,1192.627,259.393,38393.518,9.992,34.426,6.317,117.855,140.168,180.4,108.955,2.085
4.922,1.578,0.2,2.404,19.635,504.042,25.671,156223,3.118,0.831,1.136,5.254,31.671,172.521,0.91,1.502,29.834,1,370.281,239.38,383.326,3.66,1.98,1.802,1185.136,586.132,38297.07,9.439,30.285,8.859,115.003,136.407,187.66,91.395,3.416
5.638,1.693,0.772,1.523,11.554,481.282,41.656,71833,3.329,0.834,1.309,6.118,32.077,161.79,0.862,1.614,23.869,2,369.616,237.616,396.161,4.025,1.89,1.831,1013.241,566.445,37488.724,8.57,25.694,3.773,108.808,126.8,171.751,94.554,2.014
6.589,1.701,0.689,2.238,15.528,443.99,28.593,178948,3.874,0.868,1.078,9.851,33.574,132.3,0.859,1.553,21.134,2,376.385,222.424,397.559,5.481,2.406,2.077,1239.96,578.493,41712.93,12.073,36.138,6.528,121.281,129.918,186.628,95.201,3.074
3.049,1.753,0.742,1.415,13.041,602.276,46.184,186805,1.739,0.619,0.984,7.362,27.737,175.446,0.441,1.644,27.124,1,331.335,261.406,356.57,1.631,1.457,1.267,1242.992,513.588,39801.853,11.591,33.891,5.758,111.217,121.121,162.641,81.689,2.262
5.015,1.873,0.209,2.056,8.734,321.576,36.82,246784,2.678,0.754,1.149,1.41,30.329,104.867,0.798,1.786,24.336,1,365.579,246.093,374.001,3.694,2.033,1.71,1417.673,748.441,44961.149,11.103,38.668,5.269,130.203,116.066,194.998,89.449,1.594
4.392,1.5,0.76,2.499,13.872,647.445,46.673,149086,2.928,0.753,0.815,10.274,29.065,195.391,0.939,1.435,37.071,1,361.022,237.425,378.023,3.343,1.85,1.679,1056.078,404.75,37393.621,9.683,30.527,4.551,114.775,122.809,178.247,87.458,2.748
2.878,1.575,0.686,2.842,17.76,222.725,12.541,89701,1.827,0.601,0.41,1.566,26.431,61.149,0.58,1.502,16.883,1,344.525,261.292,335.706,1.375,1.024,1.113,835.393,167.181,30042.233,5.018,19.174,4.62,102.424,128.405,157.595,75.976,2.937
4.205,1.619,0.702,1.374,9.185,647.835,70.532,180407,2.597,0.703,1.455,2.879,35.805,160.682,0.709,1.482,30.713,1,360.53,247.026,377.14,2.996,1.753,1.522,1309.737,794.843,43149.366,11.027,36.347,4.645,126.523,117.296,191.503,91.554,1.533
2.409,1.168,0.256,1.537,8.835,564.667,63.912,245462,2.062,0.677,0.819,2.123,26.641,133.902,0.678,1.084,26.576,1,346.439,259.404,357.126,1.734,1.753,1.281,1354.17,487.979,43634.488,10.16,35.588,3.855,124.891,123.07,193.053,78.447,1.742
2.155,0.993,0.643,1.821,9.844,578.246,58.743,68987,2.17,0.664,1.098,1.857,32.953,148.78,0.848,0.94,29.061,1,353.611,261.952,359.482,1.443,1.266,1.467,877.841,408.973,35234.348,6.585,22.175,3.354,106.085,122.299,161.453,84.074,2.233
2.811,1.285,0.776,2.84,17.173,437.087,25.452,101719,2.188,0.692,0.938,1.283,31.53,126.134,0.763,1.193,19.903,1,355.321,256.213,366.976,1.657,1.365,1.365,1016.616,358.772,35924.13,7.168,22.968,5.818,112.246,119.353,171.417,81.681,2.666
7.779,1.443,0.607,2.783,16.688,566.901,33.971,149213,5.391,1.029,0.366,1.605,34.941,187.144,1.152,1.308,34.782,3,402.689,198.144,421.006,6.574,2.703,2.802,1012.048,174.071,37218.564,6.978,24.626,6.087,105.562,132.808,162.928,96.743,2.969
5.297,1.617,0.542,0.998,14.78,155.858,10.545,67447,3.276,0.844,1.443,5.867,40.173,60.879,0.921,1.495,19.344,1,373.405,228.426,382.95,3.811,1.783,2.093,1033.699,671.278,41238.742,8.141,26.066,5.092,115.187,123.719,174.476,94.441,2.743
7.795,1.85,0.767,1.09,13.619,696.086,51.112,34888,4.214,0.883,1.251,3.781,36.457,218.883,1.038,1.753,35.684,2,388.467,220.494,410.839,5.975,2.013,2.281,848.017,465.815,34652.372,6.594,19.447,3.54,109.107,124.984,163.572,100.603,2.582
4.595,1.196,0.466,1.89,18.66,138.883,7.443,104136,3.841,0.924,0.479,2.392,32.861,80.869,0.947,1.1,18.473,2,369.747,236.116,384.558,3.57,1.972,2.057,904.385,210.644,35300.924,5.893,20.617,5.98,103.376,134.814,154.816,88.91,3.794
3.871,1.126,0.56,1.035,17.2,204.119,11.867,220381,3.439,0.869,1.478,8.246,31.714,88.834,1.014,1.035,21.15,2,375.156,233.055,393.703,3.348,2.308,2.256,1452.508,958.083,47575.922,12.486,40.98,8.138,131.161,118.516,201.68,95.418,2.923
5.037,1.963,0.486,1.56,17.743,503.753,28.391,39563,2.565,0.711,1.184,3.487,28.895,125.218,0.678,1.885,30.824,1,358.223,247.507,376.007,3.163,1.275,1.676,866.651,477.5,34267.585,6.107,20.397,5.61,100.474,119.713,149.402,87.8,3.111
4.637,1.108,0.76,1.126,17.759,617.588,34.776,124364,4.185,0.946,0.867,1.208,33.538,220.642,0.952,0.996,31.618,2,389.524,219.084,404.463,3.715,2.145,2.288,1050.335,464.502,36463.156,6.753,26.11,6.411,114.94,134.197,186.918,97.942,2.845
2.634,1.316,0.246,2.199,15.713,153.376,9.761,197684,2.001,0.653,1.034,5.603,26.571,22.386,0.659,1.224,18.948,1,344.643,257.714,355.447,1.682,1.629,1.358,1242.28,507.317,42969.361,10.704,34.785,6.151,120.914,133.095,191.15,79.921,2.823
5.845,1.586,0.501,2.889,13.496,744.535,55.166,239700,3.686,0.899,0.428,4.415,31.727,241.147,0.99,1.441,31.826,2,374.886,231.026,384.832,4.771,2.279,2.008,1275.599,239.743,42270.349,9.738,35.988,6.175,117.479,134.012,184.972,88.68,2.519
3.296,1.541,0.612,2.993,18.376,781.525,42.529,246804,2.138,0.645,0.972,4.505,25.365,196.002,0.653,1.487,32.516,1,347.891,261.11,363.778,2.275,1.887,1.374,1376.871,607.671,42887.508,10.938,38.771,8.995,127.542,124.265,194.149,79.89,3.697
5.718,1.086,0.675,1.626,19.112,524.165,27.426,122833,5.265,1.029,0.388,5.898,34.205,196.377,1.158,0.978,26.181,3,403.621,197.823,415.602,4.831,2.631,2.547,928.763,198.303,36457.545,6.648,25.918,5.037,106.614,139.712,161.859,97.236,3.769
5.901,1.057,0.55,2.118,8.286,436.87,52.726,239084,5.583,1.102,0.954,8.358,34.397,185.007,1.261,0.919,25.116,4,412.736,193.195,437.368,5.192,3.196,2.865,1395.733,600.2,45317.895,11.503,40.691,4.022,130.159,136.605,196.081,101.964,1.766
2.912,1.105,0.745,2.684,8.619,618.976,71.818,37792,2.634,0.751,0.963,7.781,31.115,179.899,0.878,0.99,34.231,1,359.486,246.381,378.287,1.878,1.369,1.506,805.735,337.122,34626.42,6.62,20.04,2.435,102.789,127.544,166.676,86.278,1.383
2.368,1.586,0.765,1.058,19.505,329.85,16.911,194101,1.494,0.544,1.349,11.31,28.43,86,0.55,1.502,27.848,1,344.292,265.492,351.223,1.165,1.557,1.204,1317.093,771.124,40965.835,12.964,40.135,9.038,122.534,111.692,195.301,81.205,3.556
6.685,1.544,0.239,2.317,11.326,445.285,39.316,171404,4.328,0.969,1.17,6.695,30.506,165.002,1.028,1.386,23.265,2,392.945,215.643,408.314,5.431,2.426,2.393,1267.941,661.226,42171.145,10.211,34.4,4.117,124.854,128.268,196.213,95.85,2.081
4.759,1.234,0.441,1.699,18.48,741.306,40.113,84894,3.857,0.844,0.599,6.198,32.992,236.528,0.796,1.113,35.093,2,379.68,225.883,391.412,3.797,1.978,2.111,867.091,201.543,35608.246,7.008,22.897,5.785,96.395,131.516,148.927,88.252,3.402
2.349,0.992,0.214,1.254,12.666,768.959,60.713,141610,2.368,0.712,1.366,3.348,34.68,214.941,0.66,0.879,33.119,1,364.813,253.902,366.569,1.686,1.564,1.471,1181.835,708.359,44348.203,10.116,31.633,5.496,120.187,116.566,184.736,91.502,2.23
7.969,1.82,0.398,1.686,9.429,748.948,79.429,58501,4.379,0.914,0.988,9.309,32.217,222.998,1.065,1.689,38.571,2,395.16,222.105,405.578,6.277,2.191,2.464,883.521,385.65,34586.979,7.848,23.072,2.447,108.012,131.25,169.442,98.644,1.894
2.347,1.042,0.522,0.967,8.965,283.714,31.646,221751,2.253,0.661,1.028,2.549,31.367,84.276,0.625,0.958,22.141,1,352.696,258.735,362.369,1.72,1.752,1.54,1314.419,611.485,41801.929,10.168,35.599,3.425,120.884,113.943,193.76,83.329,1.512
6.17,1.498,0.746,2.33,9.878,262.728,26.597,108737,4.119,0.913,0.503,6.402,30.181,99.349,0.979,1.387,22.196,2,377.396,224.085,399.361,5.028,2.073,2.045,923.085,235.483,35570.672,7.148,23.264,2.702,103.477,136.605,162.961,90.924,1.829
7.902,1.689,0.708,1.356,10.999,308.365,28.036,167729,4.678,0.968,1.329,5.635,35.515,112.856,1.077,1.607,21.348,3,398.957,212.543,425.304,6.456,2.535,2.514,1284.634,800.025,43931.408,10.539,35.917,5.01,126.58,127.815,191.747,105.715,2.231
3.435,1.252,0.276,1.485,13.862,408.918,29.499,64930,2.743,0.747,1.417,8.241,34.149,115.68,0.784,1.157,20.615,1,355.841,249.032,369.526,2.273,1.539,1.706,994.67,618.171,38722.725,9.47,25.302,4.207,109.59,123.844,166.799,94.254,2.883
2.853,1.308,0.256,1.066,16.418,319.917,19.486,75356,2.182,0.668,1.23,11.094,32.042,88.926,0.741,1.226,24.952,1,354.891,256.055,353.007,1.66,1.457,1.337,972.39,498.418,34195.522,8.507,25.876,4.911,112.582,124.178,176.374,84.452,2.753
2.728,1.614,0.554,2.702,19.837,361.949,18.246,248230,1.691,0.575,1.429,11.413,33.301,91.403,0.557,1.492,24.409,1,340.483,269.116,360.864,1.635,1.782,1.231,1505.95,861.698,46617.273,14.535,43.232,11.505,133.372,121.466,203.272,85.168,3.638
3.82,1.898,0.519,1.886,13.298,534.446,40.19,195679,2.013,0.618,0.663,2.846,29.101,155.706,0.623,1.894,28.964,1,347.343,260.664,352.457,2.366,1.494,1.301,1169.685,323.754,39679.84,8.278,30.813,5.441,107.795,124.302,165.199,77.991,2.465
2.606,1.679,0.36,2.059,14.218,633.768,44.574,241633,1.553,0.576,1.333,3.88,30.299,176.685,0.532,1.566,28.349,1,349.202,265.43,350.596,1.304,1.663,1.149,1455.242,844.527,42797.467,12.352,39.431,7.086,130.178,109.674,207.817,82.082,2.763
6.153,1.583,0.74,2.053,14.262,614.891,43.115,95087,3.887,0.878,0.887,9.928,30.563,199.193,0.948,1.456,30.448,2,373.021,221.383,398.15,4.705,2.159,1.998,991.975,415.975,34711.01,8.414,27.236,4.616,112.271,122.21,172.764,92.473,2.867
2.374,1.73,0.756,1.703,14.473,670.096,46.299,66203,1.372,0.527,0.497,6.701,25.358,170.92,0.562,1.689,33.235,1,329.461,265.463,335.396,0.812,0.96,1.001,770.407,164.046,28902.514,6.901,19.985,3.691,93.202,116.789,138.16,73.772,2.524
5.057,1.365,0.442,1.224,14.213,122.529,8.621,140675,3.705,0.879,1.103,5.983,34.575,64.043,1.038,1.256,21.524,2,373.456,223.623,402.639,3.92,2.09,2.047,1151.333,553.155,40903.509,9.659,29.474,6.628,115.32,130.421,190.288,94.691,2.51
7.98,1.641,0.734,2.439,8.105,133.414,16.46,138827,4.863,1.033,1.121,8.817,31.876,98.867,1.364,1.489,15.932,3,391.832,207.756,422.407,6.585,2.68,2.572,1159.962,584.01,39605.429,10.242,31.671,3.699,117.598,126.388,186.628,100.058,1.44
6.884,1.466,0.43,1.08,8.021,652.568,81.361,68488,4.695,0.995,0.644,7.621,34.732,231.162,1.201,1.427,30.395,3,390.529,208.332,409.233,5.568,2.292,2.59,828.08,268.424,32033.727,6.423,22.624,3.518,101.279,133.768,156.728,89.787,1.52
5.691,1.19,0.642,1.029,9.172,473.155,51.587,191308,4.783,0.939,0.333,11.678,30.043,175.301,1.062,1.131,23.417,3,391.962,206.504,407.786,4.806,2.666,2.423,1129.045,216.286,38392.539,10.706,32.678,3.82,106.587,133.829,165.18,94.384,1.806
3.838,1.702,0.486,2.362,9.219,504.698,54.747,109591,2.255,0.699,0.54,7.424,26.906,171.258,0.641,1.624,28.016,1,349.007,255.641,355.515,2.377,1.402,1.311,905.396,215.037,32462.995,8.649,25.311,2.443,105.459,128.084,154.955,76.403,1.568
5.743,1.556,0.274,1.259,16.459,136.811,8.312,71000,3.69,0.907,0.78,6.126,29.802,57.677,1.082,1.525,21.7,2,374.833,230.828,387.429,4.378,1.823,1.971,883.327,302.448,35059.79,7.677,21.908,5.224,106.208,133.825,163.051,89.883,3.311
5.162,1.359,0.757,1.475,10.459,278.72,26.649,103036,3.8,0.875,0.501,6.971,31.85,127.887,0.915,1.293,21.631,2,366.747,223.412,396.363,4.013,1.958,2.11,888.764,268.278,36932.865,6.761,23.157,3.528,105.113,132.614,159.948,88.426,1.502
4.557,1.911,0.472,1.846,18.737,546.848,29.186,154004,2.384,0.727,0.533,9.894,28.831,127.686,0.815,1.831,26.592,1,348.733,257.866,359.336,3.067,1.571,1.511,1047.704,304.508,36132.287,9.083,30.208,7.178,102.29,130.767,158.941,83.003,3.118
2.784,1.021,0.641,1.789,19.143,701.427,36.641,189823,2.727,0.747,0.77,7.739,33.216,206.146,0.728,0.999,31.516,1,350.816,241.205,364.552,2.201,1.917,1.575,1198.217,400.234,37432.254,9.697,33.414,7.807,115.978,121.84,186.277,86.034,3.544
7.32,1.316,0.42,2.359,19.711,741.888,37.639,136015,5.563,1.057,1.454,8.118,33.975,276.8,1.293,1.193,41.694,3,408.967,192.054,441.456,6.273,2.926,2.848,1216.42,808.478,42455.144,10.378,33.624,9.294,128.416,134.163,200.805,110.937,3.471
4.699,1.057,0.211,2.172,19.269,450.294,23.369,145630,4.446,0.933,1.217,11.686,32.906,131.495,0.991,0.952,30.564,2,388.208,219.658,418.169,3.907,2.489,2.459,1186.936,694.503,41858.726,11.168,35.21,7.37,117.737,128.774,190.613,102.187,3.319
3.168,1.767,0.26,2.218,11.263,481.832,42.781,60568,1.793,0.612,0.684,7.802,27.895,125.237,0.662,1.679,28.687,1,343.314,263.761,351.898,1.663,1.124,1.227,796.117,282.955,32482.772,7.032,20.951,3.308,96.703,125.932,144.305,74.552,2.199
4.207,1.702,0.498,2.371,14.117,683.135,48.39,231232,2.471,0.688,1.442,5.183,30.524,197.258,0.617,1.591,32.792,1,361.085,249.538,368.634,2.914,1.933,1.577,1432.645,872.64,46925.329,12.539,40.442,6.933,128.664,117.045,193.26,91.15,2.66
4.485,1.331,0.614,1.444,10.105,476.337,47.137,234319,3.369,0.793,1.075,8.605,31.831,154.569,0.895,1.213,27.043,2,372.673,231.216,382.57,3.6,2.361,1.84,1391.774,658.641,43439.805,11.55,40.477,4.534,129.486,116.997,205.671,89.832,2.037
6.965,1.676,0.401,1.509,17.675,461.801,26.128,180353,4.157,0.874,0.847,8.254,32.514,163.862,0.984,1.615,24.321,2,379.836,222.987,407.315,5.617,2.436,2.221,1215.73,419.047,40235.602,10.227,33.436,7.644,116.725,132.113,181.34,94.621,2.949
6.402,1.396,0.617,1.764,18.661,733.559,39.309,33878,4.586,0.944,0.862,1.152,33.741,237.876,1.103,1.238,30.929,2,389.615,213.192,404.737,5.105,1.985,2.458,802.777,299.528,30406.957,5.262,17.25,5.872,100.627,130.84,157.841,97.877,3.496
6.616,1.756,0.619,1.476,18.215,652.953,35.846,148156,3.767,0.864,0.793,6.141,34.555,184.008,0.936,1.696,30.077,2,370.255,227.598,393.873,5.336,2.114,2.027,1100.077,396.21,39079.126,9.217,28.998,7.215,109.036,134.393,168.899,88.781,3.415
2.066,0.704,0.622,2.967,13.2,736.351,55.782,168428,2.933,0.775,0.58,9.172,27.008,244.779,0.796,0.593,30.646,1,364.056,240.469,369.218,1.718,1.828,1.694,1085.376,296.821,35871.731,9.649,31.019,5.151,114.585,130.293,178.387,81.313,2.157
4.497,1.412,0.496,2.591,17.104,252.773,14.779,248823,3.184,0.786,0.764,6.489,31.168,79.172,0.868,1.317,19.641,1,373.743,236.468,384.474,3.557,2.237,1.831,1365.689,448.396,43105.42,11.554,38.42,7.166,123.199,139.286,193.71,82.108,3.064
4.888,1.935,0.749,1.162,9.171,467.063,50.929,249134,2.526,0.75,0.933,9.576,29.439,140.394,0.7,1.829,26.37,1,357.038,248.043,362.565,3.467,2.068,1.669,1381.326,499.017,42413.039,12.373,39.724,4.894,128.072,130.113,199.523,83.129,1.817
2.115,0.936,0.494,0.812,8.483,689.73,81.308,218674,2.26,0.662,0.934,5.96,30.543,179.603,0.597,0.83,31.817,1,352.94,258.275,357.734,1.511,1.684,1.389,1298.959,537.378,41653.32,11.021,34.266,3.654,122.147,121.408,187.043,84.254,1.767
3.559,1.12,0.47,0.894,17.039,177.803,10.435,44042,3.176,0.797,1.214,11.817,33.286,33.052,0.837,1.029,17.773,1,368.678,243.77,386.916,2.511,1.719,1.797,895.396,502.685,36824.008,9.57,24.478,5.607,103.979,117.866,170.488,95.801,3.001
6.562,1.585,0.32,1.337,13.104,656.264,50.08,239720,4.141,0.879,0.731,4.222,29.501,196.25,0.973,1.485,33.41,2,375.367,226.237,403.053,5.593,2.584,2.191,1298.372,448.317,41291.789,11.031,35.689,6.415,117.546,127.052,182.573,95.738,2.117
2.823,1.915,0.385,1.051,19.947,228.081,11.435,164785,1.474,0.533,1.16,2.013,27.238,27.556,0.422,1.806,19.268,1,334.761,271.906,351.792,1.29,1.175,1.233,1233.222,614.426,40027.979,9.409,32.318,8.706,116.482,112.967,179.75,78.47,3.862
5.212,1.378,0.225,1.973,9.167,665.683,72.617,206195,3.783,0.836,0.994,5.73,33.026,225.774,1.014,1.276,32.629,2,376.163,233.056,397.034,4.345,2.315,1.947,1269.42,555.672,41824.278,10.991,35.395,3.072,125.978,125.036,193.884,93.389,1.628
3.291,1.062,0.58,2.688,18.268,528.401,28.926,119582,3.099,0.797,1.454,6.959,33.426,147.117,0.834,0.919,26.164,1,368.782,236.032,387.026,2.549,1.877,1.719,1190.346,761.081,41108.094,9.986,31.181,8.319,114.18,121.772,178.342,94.001,2.867
2.073,1.268,0.349,2.421,13.76,235.265,17.098,100327,1.634,0.59,0.762,4.84,27.686,47.083,0.55,1.175,22.319,1,334.576,265.652,349.295,0.948,1.172,1.113,917.235,324.545,33167.894,7.307,23.37,5.32,108.682,122.863,167.487,75.168,2.406
3.447,1.506,0.382,1.274,17.926,431.348,24.063,131913,2.289,0.66,1.381,3.665,32.763,100.685,0.571,1.353,23.82,1,355.209,257.31,361.455,2.358,1.559,1.482,1145.911,685.641,42688.413,9.738,29.214,7.596,121.118,124.248,179.617,89.55,3.412
7.855,1.162,0.662,1.678,17.806,577.334,32.424,62312,6.761,1.155,1.285,8.393,38.458,236.298,1.598,1.005,35.877,5,431.137,172.656,460.631,6.676,3.209,3.389,968.448,504.914,35903.622,8.177,24.259,5.672,115.031,130.876,177.281,116.638,2.923
6.809,1.658,0.396,1.917,18.992,543.697,28.628,108554,4.107,0.868,1.065,5.148,31.616,167.391,1.185,1.561,28.389,2,393.242,223.922,397.981,5.395,2.203,2.217,1031.578,526.811,38611.127,8.258,25.218,7.472,112.267,121.959,169.68,99.434,3.41
7.757,1.998,0.345,2.582,11.574,399.073,34.48,218675,3.883,0.917,1.085,7.945,31.64,153.721,0.964,1.882,25.36,2,375.288,230.28,387.71,6.032,2.44,2.277,1343.995,633.176,43470.728,11.18,38.495,5.303,129.357,132.146,201.574,95.484,1.985
4.927,1.452,0.301,2.646,19.398,729.557,37.611,38349,3.394,0.852,0.402,9.57,27.309,217.652,1.032,1.422,35.429,2,368.656,238.97,382.854,3.415,1.747,1.853,689.447,115.515,29275.399,6.179,18.474,4.647,88.395,137.683,136.892,81.245,3.472
2.658,1.159,0.665,2.801,9.82,463.484,47.198,63193,2.293,0.652,1.44,9.371,31.648,119.653,0.661,1.128,28.629,1,354.635,250.128,373.455,1.7,1.387,1.584,984.737,608.675,38175.52,9.47,28.023,3.983,112.656,116.067,171.961,88.142,1.637
5.288,1.401,0.278,1.92,8.984,454.107,50.548,57525,3.775,0.863,0.428,5.128,27.217,165.814,1.094,1.301,29.562,2,374.086,229.862,390.415,3.947,1.672,1.804,739.105,165.942,31258.309,5.678,18.605,2.648,95.888,136.613,152.39,87.523,1.705
4.726,1.115,0.472,2.327,13.179,143.575,10.894,118676,4.238,0.969,0.976,7.247,33.725,77.935,1.126,0.974,24.791,2,388.08,217.171,406.472,3.948,2.187,2.295,1071.918,458.02,40133.922,8.707,28.04,3.768,118.816,134.332,183.883,98.332,2.298
7.066,1.883,0.504,1.046,17.94,745.484,41.555,249337,3.752,0.862,0.696,5.946,33.565,224.464,0.972,1.82,36.072,2,375.126,226.098,391.238,5.508,2.416,1.977,1381.262,420.497,41835.28,11.064,35.311,8.777,121.701,123.465,187.129,91.126,3.34
2.588,1.415,0.612,2.044,13.681,223.982,16.372,68138,1.83,0.61,0.816,10.579,27.88,33.444,0.4,1.343,19.84,1,336.557,257.036,350.261,1.303,1.176,1.032,817.991,293.525,32061.944,7.929,25.696,4.51,100.319,119.235,154.045,76.964,2.365
4.929,1.387,0.58,1.347,17.951,469.841,26.173,62006,3.553,0.836,1.032,10.666,31.088,148.28,0.856,1.313,25.501,2,372.954,231.801,397.341,3.569,1.864,2.023,937.972,444.946,37179.053,8.715,24.613,5.211,105.853,124.915,162.534,91.223,3.424
2.9,1.607,0.686,1.75,16.756,662.497,39.537,231312,1.804,0.61,1.391,4.781,34.881,172.855,0.6,1.515,30.602,1,347.06,256.677,362.578,1.729,1.662,1.301,1455.678,851.589,45689.273,12.526,37.23,9.026,128.561,125.137,201.297,87.778,2.977
3.948,1.442,0.227,2.195,10.513,250.817,23.858,224051,2.738,0.78,0.849,2.009,33.778,99.568,0.839,1.34,25.843,1,358.198,250.086,368.081,3.078,1.959,1.62,1316.104,505.084,42805.76,9.392,34.389,4.008,125.967,128.648,192.131,84.407,1.625
6.424,1.648,0.378,1.365,19.387,469.161,24.2,37092,3.898,0.933,1.485,2.843,33.603,143.799,0.946,1.509,23.299,2,380.917,230.896,408.006,4.993,1.914,2.274,925.092,575.221,39029.391,6.715,20.719,6.17,109.453,124.082,169.934,97.839,3.274
4.856,1.061,0.368,0.915,8.729,268.479,30.756,195375,4.575,0.989,1.011,5.037,34.191,152.255,1.081,0.955,20.211,2,397.628,216.297,417.704,4.226,2.645,2.484,1282.223,629.42,43159.067,10.495,33.072,4.188,118.964,128.789,182.379,97.991,1.309
4.255,1.814,0.288,0.823,18.779,631.786,33.643,174202,2.346,0.683,0.493,7.207,28.82,177.577,0.747,1.733,29.868,1,337.184,255.623,360.13,2.662,1.574,1.469,1105.063,279.36,36704.285,8.437,30.144,7.137,108.696,120.259,165.907,73.411,3.145
4.367,1.941,0.374,0.849,11.653,495.039,42.48,198902,2.25,0.675,0.528,8.225,28.616,111.847,0.579,1.902,24.578,1,344.786,261.109,357.395,2.728,1.658,1.406,1215.77,286.362,39039.682,10.269,32.183,5.548,109.295,130.281,171.297,73.831,1.819
4.757,1.649,0.386,0.818,14.002,699.183,49.935,138790,2.885,0.753,1.159,4.645,35.307,185.538,0.816,1.503,31.267,1,359.838,245.966,378.795,3.398,1.814,1.772,1182.709,610.622,42021.84,9.08,30.564,5.089,117.326,124.909,178.115,88.047,2.268
6.71,1.955,0.513,1.043,13.068,726.191,55.569,248103,3.433,0.874,0.36,8.342,30.108,236.993,1.057,1.907,39.071,2,366.128,231.512,373.925,5.187,2.291,2.063,1245.878,190.022,40479.652,11.022,36.131,6.106,118.652,135.822,185.994,81.766,2.34
7.353,1.151,0.598,1.327,10.062,554.113,55.07,39646,6.386,1.161,0.876,11.315,35.909,244.377,1.447,0.967,29.602,5,427.771,180.65,444.716,6.333,2.972,3.149,819.309,356.253,33980.318,7.485,22.318,2.912,104.9,132.669,163.834,108.843,1.933
7.732,1.477,0.429,1.287,12.298,607.774,49.422,81561,5.233,1.024,0.478,8.172,33.579,217.83,1.24,1.381,32.526,3,393.353,208.247,424.004,6.552,2.549,2.526,846.505,226.878,34077.611,6.792,22.452,3.217,100.751,139.846,161.474,98.909,1.929
6.721,1.602,0.632,2.971,10.315,484.454,46.965,117240,4.196,0.877,0.82,2.744,34.181,169.938,0.843,1.489,22.644,2,393.144,216.138,397.752,5.275,2.178,2.324,1038.123,394.817,35778.256,6.95,24.958,3.967,103.163,128.794,152.867,95.96,1.671
3.892,1.582,0.402,1.473,10.447,369.1,35.332,128951,2.461,0.707,1.2,7.376,33.162,88.401,0.668,1.432,20.75,1,357.102,248.35,362.981,2.497,1.705,1.722,1115.806,609.635,39084.497,9.427,30.339,4.045,117.239,118.713,185.797,84.296,2.005
6.129,1.401,0.374,1.08,10.245,553.683,54.046,232700,4.373,0.987,0.851,6.961,34.317,209.066,1.289,1.227,32.586,2,388.749,220.135,398.114,5.098,2.627,2.324,1332.779,510.479,42875.108,11.229,37.321,5.519,125.662,134.845,193.566,99.602,1.787
4.626,1.338,0.525,2,13.868,735.802,53.057,153200,3.457,0.839,0.496,10.578,26.93,203.317,0.876,1.218,38.754,2,361.427,232.906,380.103,3.574,2.02,1.996,1039.506,243.428,36538.367,9.138,31.018,5.337,113.001,126.389,168,85.353,2.139
3.528,1.127,0.214,2.688,17.575,391.676,22.286,39924,3.131,0.771,0.602,4.853,28.685,134.29,0.938,1.042,25.54,1,362.194,240.333,377.606,2.485,1.429,1.701,732.848,195.876,30653.441,5.661,18.235,4.714,98.296,129.027,149.722,84.16,3.153
7.045,1.392,0.248,2.292,14.828,320.087,21.587,119729,5.062,0.964,0.741,5.652,34.172,158.659,1.094,1.267,22.94,3,402.416,203.121,422.08,5.895,2.595,2.627,1025.849,366.926,36773.736,7.632,25.075,4.987,104.829,131.932,164.533,97.744,2.719
2.231,1.163,0.451,1.451,18.718,371.906,19.868,121627,1.918,0.614,0.383,7.585,27.406,95.212,0.587,1.067,25.243,1,339.207,256.011,350.211,1.383,1.264,1.222,959.528,155.125,34376.215,7.456,23.549,6.36,102.051,129.649,157.835,72.43,3.421
7.411,1.734,0.766,2.036,15.639,404.778,25.883,242408,4.273,0.969,1.001,6.769,35.286,160.501,1.143,1.657,18.203,2,387.483,212.595,404.45,6.192,2.721,2.304,1425.364,643.651,46734.972,12.454,38.076,7.514,124.841,134.63,198.894,100.981,3.234
4.769,1.209,0.633,2.373,16.272,151.493,9.31,161823,3.945,0.938,1.029,8.909,37.149,101.995,1.06,1.056,20.227,2,381.093,228.771,399.568,3.879,2.333,2.37,1204.802,561.129,38370.652,10.707,33.175,6.83,121.701,130.276,187.283,92.801,2.747
5.823,1.059,0.253,2.402,16.011,448.909,28.037,169843,5.501,1.102,0.375,1.444,30.374,183.471,1.337,0.976,24.494,4,397.253,198.932,428.901,5.108,2.76,2.921,1098.828,245.058,39070.229,7.342,25.079,6.78,114.714,141.201,177.673,98.537,3.091
5.956,1.552,0.708,2.266,13.394,446.02,33.301,186915,3.837,0.902,0.783,7.199,34.227,146.933,0.943,1.422,29.139,2,371.355,219.388,395.659,4.784,2.245,2.033,1208.765,443.546,40265.661,9.43,32.106,5.523,122.941,133.182,189.819,90.166,2.382
7.371,1.595,0.639,2.716,16.272,511.911,31.459,199408,4.62,0.973,0.797,2.338,32.201,178.862,1.035,1.452,22.113,3,395.814,215.269,408.872,6.17,2.619,2.458,1234.04,403.111,40959.688,8.742,30.437,6.305,118.758,132.777,179.989,93.286,2.999
5.82,1.872,0.567,2.714,8.836,353.974,40.058,169711,3.109,0.801,0.701,4.467,32.281,103.322,0.794,1.762,22.167,1,366.499,243.208,378.006,4.233,1.901,1.848,1121.356,341.389,37885.78,9.032,30.419,3.715,114.702,125.145,177.673,82.099,1.439
5.684,1.577,0.692,2.074,18.318,529.175,28.888,82182,3.604,0.858,0.969,8.278,32.086,154.017,0.909,1.488,28.537,2,378.688,233.276,382.985,4.175,1.942,1.886,966.733,406.338,36962.77,8.395,25.6,6.592,110.629,126.043,170.598,93.082,3.134
2.4,1.049,0.442,1.746,17.334,714.751,41.235,222290,2.287,0.695,0.715,2.732,33.45,196.677,0.693,0.924,30.362,1,345.028,254.025,358.898,1.807,1.739,1.418,1277.202,389.639,42082.468,8.968,34.405,8.543,119.295,120.235,185.258,76.146,2.848
5.11,1.803,0.333,2.211,10.943,768.83,70.259,191066,2.834,0.751,0.8,4.397,30.476,215.306,0.883,1.72,33.1,1,358.386,245.511,369.479,3.65,1.882,1.53,1186.36,448.929,37352.995,9.823,31.498,4.976,111.326,129.848,172.792,81.967,1.652
2.901,1.54,0.507,2.6,17.216,508.529,29.537,193211,1.883,0.628,1.257,8.733,29.283,134.378,0.628,1.411,29.939,1,351.399,262.453,362.594,1.789,1.572,1.378,1331.402,669.813,45760.189,11.469,35.102,7.887,123.812,120.376,191.915,84.912,3.195
6.425,1.079,0.529,0.812,8.152,129.814,15.925,249242,5.953,1.056,0.495,8.159,33.494,83.641,1.326,0.952,19.397,4,407.179,192.821,432.984,5.85,3.337,2.919,1304.576,343.549,42138.622,10.9,36.236,3.852,123.194,136.043,191.337,104.005,1.345
5.073,1.566,0.523,2.982,10.607,778.465,73.392,206555,3.24,0.791,1.043,2.001,32.312,226.556,0.875,1.473,31.834,1,373.269,235.832,384.262,3.922,2.112,1.846,1282.716,614.522,42220.869,10.367,32.401,4.957,123.047,122.488,195.121,90.312,2.387
6.081,1.908,0.539,1.202,8.782,594.103,67.653,212413,3.187,0.83,0.907,7.35,33.868,195.496,0.81,1.871,32.995,1,364.092,236.054,379.285,4.677,2.149,1.735,1276.519,519.83,40031.198,11.287,34.507,4.141,119.199,128.603,180.847,85.835,1.459
2.25,1.283,0.769,1.835,17.363,335.175,19.304,239309,1.754,0.62,0.666,2.62,29.001,65.481,0.607,1.179,23.613,1,334.816,264.357,344.353,1.334,1.57,1.12,1309.937,396.895,40564.982,9.985,35.85,6.723,117.545,117.622,179.299,72.909,3.24
2.509,1.296,0.741,2.718,17.07,203.01,11.892,63249,1.935,0.628,1.173,3.775,35.184,51.619,0.635,1.221,20.467,1,346.438,262.862,358.162,1.48,1.198,1.37,942.33,488.136,37590.39,7.42,22.183,5.343,108.95,115.195,174.539,79.975,3.049
6.298,1.143,0.725,1.295,17.764,200.393,11.281,139500,5.508,1.007,0.961,6.051,33.702,87.111,1.272,1.015,18.359,3,404.286,194.899,431.035,5.259,2.808,2.802,1117.605,490.484,39509.939,8.877,29.336,7.187,117.306,132.429,186.907,104.824,2.804
2.433,1.151,0.681,1.849,8.054,217.421,26.996,157724,2.113,0.682,0.873,2.203,29.476,40.849,0.603,1.048,12.521,1,339.167,258.538,364.358,1.713,1.434,1.469,1113.435,460.202,38812.278,8.094,29.527,3.688,114.218,133.241,178.074,81.544,1.154
2.428,1.433,0.766,1.092,14.015,131.901,9.412,102440,1.694,0.598,1.101,11.93,28.368,40.999,0.417,1.373,14.969,1,341.813,263.712,342.591,1.216,1.407,1.3,998.795,477.271,36116.531,10.243,28.176,4.582,108.54,120.927,176.333,79.226,2.188
2.073,1.046,0.259,1.669,16.458,731.508,44.447,214668,1.982,0.628,1.263,2.819,30.759,184.577,0.641,0.92,29.776,1,350.437,261.501,361.278,1.414,1.697,1.447,1381.983,769.931,46543.079,11.474,36.78,7.753,127.306,119.481,199.279,85.795,3.218
7.739,1.081,0.359,1.19,9.865,478.538,48.51,197732,7.162,1.216,1.467,9.594,38.924,247.152,1.546,0.89,26.988,5,448.443,165.73,474.824,6.936,3.775,3.579,1397.547,881.986,46525.957,12.265,37.464,4.706,128.412,130.062,206.534,125.958,1.991
6.425,1.94,0.497,1.6,15.797,589.972,37.346,188594,3.313,0.813,1.055,10.128,32.543,183.209,0.875,1.846,27.477,2,372.607,232.935,385.339,4.815,2.204,1.942,1265.829,602.784,43233.611,11.168,36.115,6.931,121.252,122.224,193.78,91.633,3.197
4.12,1.755,0.708,1.622,9.009,679.676,75.441,249372,2.347,0.687,1.349,11.939,31.776,195.442,0.71,1.694,32.078,1,363.603,250.244,369.037,2.85,1.981,1.468,1483.512,857.96,46288.218,14.391,44.98,5.105,131.314,125.241,210.047,85.115,1.137
3.779,1.587,0.503,2.985,10.176,654.079,64.277,87063,2.382,0.721,0.301,5.715,26.642,163.889,0.814,1.539,33.88,1,351.332,250.172,360.009,2.382,1.306,1.292,809.338,138.369,32415.659,5.71,19.076,2.513,94.609,127.383,142.05,75.461,1.549
4.098,1.828,0.649,2.989,13.71,717.824,52.359,191800,2.241,0.651,0.936,10.615,27.792,185.878,0.628,1.697,35.778,1,352.66,255.315,361.606,2.769,1.681,1.503,1239.881,488.736,41094.957,11.591,36.485,6.382,114.161,122.319,179.623,84.632,2.561
6.648,1.08,0.283,1.053,15.843,777.078,49.049,151308,6.154,1.072,0.558,11.533,32.345,265.417,1.292,0.954,38.227,4,418.23,190.606,446.093,5.876,3.17,2.91,1109.167,308.503,39690.031,9.104,30.378,6.86,112.17,140.07,173.53,103.51,2.681
5.968,1.477,0.351,2.397,9.75,407.349,41.778,98857,4.041,0.86,0.413,2.902,32.251,128.864,0.985,1.421,22.929,2,381.793,225.059,394.049,4.715,2.021,1.987,877.296,181.105,34565.793,5.828,20.227,2.797,105.38,130.805,157.987,86.929,1.882
3.111,1.63,0.639,0.914,10.223,765.235,74.857,65329,1.909,0.61,0.938,6.274,31.788,210.85,0.507,1.591,33.748,1,334.886,257.771,349.113,1.64,1.22,1.272,868.221,402.653,33317.137,7.551,21.133,2.891,102.294,118.766,163.9,81.9,1.723
3.045,1.829,0.299,0.866,10.453,606.303,58.001,227094,1.665,0.56,1.196,1.66,29.353,167.213,0.528,1.743,34.094,1,340.011,270.206,350.627,1.644,1.505,1.169,1386.15,722.482,45245.212,10.445,36.605,5.15,125.645,110.337,199.526,78.137,1.736
2.59,1.774,0.411,1.032,10.864,149.468,13.758,161000,1.46,0.529,0.795,7.828,25.638,35.699,0.492,1.682,13.097,1,326.798,271.319,346.274,1.123,1.333,1.009,1088.361,394.11,36107.967,9.299,31.275,3.845,117.491,114.636,181.53,75.155,1.569
5.962,1.277,0.359,2.924,10.719,577.248,53.855,211485,4.668,0.925,1.104,7.395,33.351,188,1.211,1.208,34.175,3,397.724,214.583,414.311,5.099,2.778,2.664,1321.385,634.1,41883.331,11.625,36.669,4.913,123.507,131.257,188.965,99.693,1.781
6.586,1.941,0.41,2.87,12.742,580.702,45.575,149975,3.393,0.806,0.888,3.245,35.41,182.054,0.864,1.839,26.755,2,366.987,234.081,380.976,4.995,2.085,1.832,1138.592,460.513,38763.943,7.763,27.303,4.343,115.136,125.335,178.693,88.54,2.341
3.59,1.124,0.625,1.227,15.845,734.102,46.329,78394,3.193,0.791,0.825,9.777,32.784,183.263,0.876,1.01,34.397,1,377.802,240.922,382.623,2.55,1.841,1.859,904.42,352.717,35180.073,8.001,25.165,5.444,108.478,129.798,160.883,90.653,2.63
2.126,0.83,0.421,1.156,13.256,361.052,27.236,104260,2.561,0.686,0.648,1.41,29.931,124.286,0.793,0.726,25.01,1,350.503,253.927,365.461,1.464,1.511,1.5,948.12,273.33,33643.773,6.802,23.092,5.231,101.246,119.065,151.543,79.743,2.38
2.493,1.516,0.533,1.329,17.312,509.438,29.427,113938,1.645,0.583,0.759,9.869,29.962,105.904,0.496,1.403,27.639,1,337.619,265.58,342.207,1.234,1.281,1.201,938.533,308.84,34565.247,9.063,28.204,5.35,106.895,124.672,164.489,75.865,2.884
7.807,1.177,0.26,1.934,16.631,108.531,6.526,244045,6.632,1.167,0.72,1.293,37.963,88.531,1.547,1.14,26.066,5,424.969,180.695,453.614,7.032,3.446,3.205,1342.175,426.41,41639.861,9.965,36.454,6.99,126.744,139.089,198.915,112.126,2.817
3.773,1.722,0.683,2.053,9.518,332.453,34.928,31239,2.191,0.639,1.075,8.225,27.667,93.516,0.791,1.671,21.966,1,348.233,258.406,360.376,2.122,1.237,1.39,818.381,390.116,33124.586,7.087,20.314,3.187,97.553,114.69,150.466,80.676,1.54
6.615,1.04,0.422,1.288,8.586,143.571,16.721,246846,6.359,1.146,0.439,1.866,32.72,119.928,1.398,0.911,15.253,5,413.871,180.764,445.198,6.025,3.477,3.116,1290.046,261.745,43021.018,10.077,32.276,3.668,120.781,145.37,184.988,106.457,1.625
5.748,1.405,0.589,2.465,18.535,465.311,25.104,245701,4.09,0.955,0.411,3.763,30.052,156.62,1.034,1.364,28.524,2,372.609,221.426,397.497,4.874,2.504,2.06,1257.267,257.862,39743.752,10.347,34.684,7.822,118.255,129.747,179.984,87.667,3.496
4.292,1.516,0.635,1.481,8.958,672.213,75.041,249153,2.83,0.791,1.092,8.941,33.031,177.604,0.969,1.425,31.458,1,353.149,244.211,373.751,3.384,2.104,1.596,1413.737,656.321,43127.553,12.688,40.596,4.371,127.135,129.295,206.814,85.356,1.947
3.234,1.581,0.326,2.829,9.78,244.51,25.001,134849,2.046,0.612,0.956,4.084,29.483,82.707,0.678,1.508,22.224,1,348.567,257.271,359.273,1.88,1.416,1.315,1068.078,447.003,37987.265,8.207,28.695,3.046,105.902,120.576,159.853,79.805,1.888
2.728,1.708,0.731,2.245,8.266,469.209,56.766,242037,1.597,0.586,0.816,6.623,29.804,93.281,0.569,1.607,28.719,1,335.217,266.726,342.803,1.565,1.513,1.223,1350.674,459.889,41263.624,11.692,36.624,4.148,119.528,117.462,177.956,76.101,1.536
5.69,1.672,0.57,1.76,15.54,242.806,15.625,117031,3.403,0.818,0.483,11.068,28.733,66.044,1.014,1.572,21.241,2,373.811,237.262,387.319,4.268,1.893,1.822,967.313,253.439,38190.393,8.82,25.447,4.629,98.066,138.068,149.7,85.094,3.138
6.648,1.481,0.457,2.538,14.988,184.482,12.308,35784,4.488,0.912,0.793,1.546,34.857,91.144,1.163,1.375,21.568,2,383.738,215.129,415.004,5.207,2.042,2.335,758.359,285.184,32541.034,5.569,16.744,3.386,101.138,132.626,158.835,94.436,2.729
5.863,1.81,0.309,2.599,19.843,457.698,23.066,79356,3.24,0.793,1.248,9.922,32.374,121.242,0.839,1.637,27.049,1,376.703,240.224,382.827,4.213,1.87,2.006,974.278,538.716,38429.635,9.319,27.268,6.167,113.15,128.682,175.816,92.22,3.657
5.182,1.951,0.765,1.439,18.643,155.404,8.336,237965,2.657,0.72,1.368,1.718,33.504,70.26,0.779,1.824,24.142,1,367.784,250.254,369.954,3.811,1.927,1.668,1431.367,862.233,44106.211,11.404,39.07,9.422,127.992,122.402,195.384,87.221,3.506
2.252,1.022,0.653,1.547,12.93,511.148,39.532,33028,2.203,0.669,1.143,2.395,32.997,119.699,0.727,0.923,26.345,1,356.195,253.905,366.098,1.282,1.125,1.508,845.59,473.78,34772.49,5.342,18.81,2.92,102.819,120.074,160.138,82.723,2.328
7.811,1.983,0.325,2.859,12.459,121.936,9.787,150118,3.94,0.908,0.372,2.313,32.609,90.226,1.023,1.934,16.618,2,375.576,227.564,392.172,6.233,2.034,2.295,1009.101,191.411,34919.144,7.767,22.866,5.444,101.567,130.77,161.866,84.318,2.218
6.792,1.086,0.403,1.162,11.562,174.7,15.11,46632,6.254,1.153,1.104,11.935,36.98,138.034,1.29,0.931,23.623,5,422.258,182.504,453.041,5.79,2.946,3.149,873.463,408.283,35598.661,8.994,27.647,3.347,108.231,135.04,168.575,111.871,2.015
3.757,1.814,0.686,0.893,9.829,484.998,49.344,93007,2.071,0.631,0.589,2.982,29.568,148.448,0.56,1.765,23.862,1,348.268,255.451,350.005,2.016,1.125,1.258,861.289,264.768,32164.175,5.947,21.281,1.905,97.333,124.873,151.481,74.89,1.637
7.88,1.28,0.617,1.799,9.657,513.985,53.224,49380,6.155,1.096,0.678,10.864,37.354,239.568,1.23,1.104,30.412,4,414.398,185.305,443.009,6.687,2.839,3.075,800.801,232.581,34547.39,7.197,24.292,2.176,102.733,140.734,159.866,110.371,1.619
5.611,1.132,0.659,2.563,9.587,120.291,12.547,219096,4.956,0.983,0.535,11.9,32.959,86.384,1.194,1.067,18.429,3,395.645,206.237,414.077,4.798,2.886,2.638,1238.79,300.362,41040.925,11.145,36.158,4.456,112.856,133.626,171.943,96.88,1.922
5.495,1.44,0.465,2.498,9.369,501.364,53.511,160035,3.816,0.867,1.231,5.222,31.868,150.862,0.878,1.294,27.698,2,380.823,229.259,399.94,4.349,2.145,2.155,1200.125,680.6,41531.813,10.053,31.086,4.61,124.714,128.217,195.104,93.231,1.43
6.488,1.644,0.63,2.823,10.886,686.952,63.103,228463,3.947,0.939,1.078,7.942,34.743,214.702,1.068,1.53,40.24,2,378.261,224.146,394.788,5.273,2.462,2.291,1386.792,652.545,46070.102,11.794,38.288,5.365,131.773,136.247,208.415,94.075,1.955
6.871,1.381,0.432,1.973,11.68,605.621,51.851,181437,4.975,1.032,1.034,9.57,34.442,204.238,1.352,1.269,34.969,3,401.009,208.385,421.469,5.998,2.799,2.677,1219.923,551.692,41554.154,11.303,35.942,5.03,122.335,133.308,195.028,103.642,2.067
5.939,1.055,0.327,1.02,19.539,191.83,9.818,243626,5.632,1.119,1.102,5.319,31.134,104.161,1.445,0.927,24.335,4,415.352,201.014,432.09,5.5,3.186,2.947,1442.596,713.613,47198.564,11.361,39.549,9.1,128.45,126.91,200.817,108.129,3.199
2.769,1.599,0.58,2.095,14.942,514.732,34.449,142173,1.731,0.603,0.584,2.78,28.502,131.27,0.441,1.525,28.874,1,333.275,267.386,343.028,1.46,1.223,1.1,1009.25,268.966,37813.585,7.269,25.859,6.022,98.536,123.625,152.79,70.984,2.84
4.03,1.902,0.786,2.512,19.851,570.577,28.743,170516,2.118,0.649,0.834,5.771,29.353,144.407,0.553,1.78,26.785,1,348.303,256.603,356.213,2.565,1.56,1.297,1157.781,410.713,39102.993,9.766,30.884,8.322,116.538,122.416,188.14,78.256,3.281
7.569,1.383,0.386,1.005,12.47,126.062,10.11,156787,5.472,1.041,1.06,9.491,37.045,84.239,1.181,1.231,20.1,3,400.173,199.934,435.125,6.467,2.845,3.08,1208.872,596.517,41746.432,9.668,32.871,5.436,126.337,132.246,196.303,107.307,2.064
3.348,1.216,0.477,1.18,13.492,698.743,51.791,136537,2.752,0.746,1.064,9.588,29.704,192.315,0.696,1.144,34.201,1,355.984,245.75,375.678,2.29,1.817,1.554,1103.694,549.977,39960.86,10.106,30.838,5.22,114.614,117.477,175.715,87.775,2.379
4.233,1.443,0.604,0.827,11.895,734.387,61.739,216111,2.934,0.764,1.25,3.536,29.163,217.91,0.687,1.313,34.014,1,363.491,241.869,382.602,3.265,2.009,1.671,1376.034,784,46092.091,10.887,37.739,5.994,124.122,124.037,189.633,91.695,2.402
4.592,1.048,0.525,2.106,10.195,695.317,68.204,171795,4.381,0.973,0.645,2.925,32.589,241.257,1.111,0.942,33.558,2,386.725,218.427,398.176,3.917,2.359,2.35,1091.575,343.331,38315.701,8.996,29.561,3.495,110.605,131.899,168.222,92.839,1.92
4.636,1.82,0.706,2.751,9.718,677.242,69.69,206288,2.547,0.716,1.224,11.126,32.246,165.563,0.804,1.669,30.601,1,361.564,248.772,375.779,3.154,1.858,1.629,1379.349,716.85,43451.267,12.598,37.977,5.161,128.926,121.252,197.823,85.807,1.775
5.678,1.826,0.657,2.275,19.341,621.476,32.133,203000,3.109,0.777,0.828,1.484,30.827,175.598,0.918,1.757,31.466,1,364.571,241.165,375.752,4.186,1.961,1.815,1210.029,416.733,41223.763,8.957,30.43,8.593,119.101,130.482,192.313,84.148,3.727
7.658,1.588,0.235,2.96,19.842,543.402,27.387,72029,4.823,1.015,1.104,9.082,34.643,188.647,1.142,1.423,28.07,3,400.117,215.113,417.063,6.29,2.44,2.528,953.876,419.993,37601.232,8.94,23.969,6.575,107.796,128.382,164.057,103.909,3.486
3.444,1.353,0.799,0.939,8.539,575.039,67.343,173035,2.545,0.743,0.847,1.511,28.171,145.94,0.753,1.287,31.46,1,353.643,247.486,367.236,2.302,1.669,1.482,1114.442,448.234,39450.81,8.584,28.978,3.195,121.826,125.117,194.937,86.867,1.911
2.729,1.8,0.651,2.787,9.804,664.477,67.775,73922,1.516,0.55,1.438,10.217,30.072,165.783,0.55,1.666,24.763,1,343.296,261.467,349.271,1.122,1.163,1.152,989.886,622.094,38427.033,9.544,28.102,2.318,114.493,114.176,176.643,83.428,1.822
3.185,1.555,0.718,2.591,13.082,563.749,43.093,158330,2.049,0.655,0.515,10.96,27.222,150.495,0.649,1.512,32.789,1,343.433,263.482,352.697,1.922,1.504,1.341,1080.663,246.269,37208.799,9.812,30.218,4.082,107.78,124.862,171.226,77.393,2.366
7.322,1.826,0.591,1.491,10.236,329.409,32.181,179035,4.01,0.861,1.11,4.272,34.922,131.138,1.043,1.713,19.746,2,381.24,221.141,403.724,5.898,2.335,2.125,1270.076,573.927,42557.187,9.748,33.326,4.823,120.127,125.185,181.882,94.79,1.45
5.875,1.631,0.714,2.942,12.367,363.173,29.367,249391,3.601,0.856,0.992,1.813,33.003,125.173,0.984,1.507,21.303,2,373.315,230.058,388.071,4.821,2.279,2.05,1437.589,599.26,45737.671,11.492,37.198,6.675,131.774,126.199,204.179,92.067,2.391
3.715,1.784,0.267,1.433,9.549,727.94,76.231,36719,2.082,0.62,0.507,6.288,26.911,181.685,0.594,1.763,33.904,1,344.952,262.564,351.16,1.935,1.098,1.213,697.747,126.215,28229.761,5.6,18.773,2.867,93.62,131.236,138.647,75.537,1.811
6.896,1.599,0.409,2.756,13.478,111.985,8.309,50073,4.314,0.891,0.379,4.283,33.652,91.985,0.877,1.51,19.982,2,388.687,223.312,398.835,5.306,1.961,2.08,760.087,188.276,33205.045,4.686,17.218,2.912,93.202,131.993,144.552,90.516,2.37
7.168,1.414,0.726,2.738,11.26,589.174,52.323,46945,5.069,1.025,1.259,5.588,34.793,222.82,1.324,1.271,37.063,3,408.658,208.37,430.458,5.965,2.347,2.615,925.045,540.888,37471.269,7.178,22.312,4.792,113.855,131.749,179.623,105.746,1.888
7.079,1.958,0.321,2.467,12.223,768.344,62.861,117639,3.616,0.839,0.489,8.315,31.137,238.886,0.878,1.899,35.453,2,365.453,231.26,383.549,5.352,2.02,2.013,951.084,192.021,34035.925,7.29,23.752,4.569,106.121,131.673,168.354,91.73,2.588
7.514,1.541,0.247,2.04,9.132,594.36,65.087,210749,4.875,1.018,0.524,3.308,31.974,225.183,1.214,1.394,30.808,3,388.493,213.836,411.51,6.42,2.616,2.465,1269.337,355.75,41498.615,9.229,31.949,3.77,117.753,136.632,182.499,97.013,1.469
3.513,1.605,0.673,1.064,13.138,795.738,60.57,215692,2.189,0.692,1.474,4.926,35.465,215.09,0.55,1.415,35.236,1,352,255.81,361.76,2.413,1.8,1.615,1441.581,898.699,47803.378,11.89,38.973,6.71,127.282,120.892,195.854,90.611,2.39
6.53,1.22,0.701,1.97,19.799,581.281,29.359,192135,5.351,1.003,1.161,9.608,34.857,229.328,1.198,1.129,35.317,3,408.312,206.31,428.002,5.617,3.029,2.781,1302.229,678.686,43683.036,11.744,35.867,8.175,122.925,128.284,190.883,106.924,3.536
4.763,1.626,0.298,1.585,11.946,124.054,10.385,227313,2.93,0.788,0.601,8.081,30.086,50.165,0.85,1.514,25.525,1,358.94,248.18,366.266,3.664,2.021,1.576,1276.069,358.238,40064.694,10.082,34.542,5.027,112.785,134.428,172.528,78.466,2.27
7.052,1.572,0.713,2.543,18.517,678.907,36.664,101029,4.487,0.955,1.009,4.589,33.212,220.021,1.112,1.481,32.237,2,395.821,212.999,408.014,5.734,2.339,2.459,1040.252,471.962,36507.371,7.649,26.307,7.011,115.717,126.885,177.068,99.416,2.918
6.371,1.185,0.612,2.468,18.118,299.241,16.516,49394,5.377,1.003,0.941,8.307,34.193,147.603,1.441,1.068,25.121,3,411.377,195.937,435.961,5.402,2.509,2.689,867.939,370.531,37827.785,6.822,20.861,5.535,100.518,131.905,154.17,106.121,3.368
6.659,1.06,0.512,2.803,19.425,412.24,21.222,42793,6.284,1.145,1.313,9.418,39.395,207.005,1.345,0.881,26.664,5,426.272,174.908,456.777,5.801,2.91,3.207,943.135,561.178,35667.584,8.423,24.136,7.284,112.62,129.102,175.473,117.537,3.777
5.937,1.604,0.698,0.833,17.481,318.464,18.217,217469,3.701,0.875,1.175,7.517,34.894,135.639,1.04,1.506,23.179,2,377.451,229.829,400.623,4.773,2.326,2.21,1395.721,712.527,45148.58,11.588,38.036,7.8,122.978,130.441,196.361,94.871,2.731
3.065,1.607,0.452,2.58,15.915,287.988,18.095,190695,1.907,0.622,1.298,3.634,30.718,81.934,0.659,1.493,27.327,1,349.378,265.083,353.736,1.899,1.545,1.234,1357.472,768.089,43145.715,10.8,35.033,7.503,128.769,114.604,204.788,81.057,2.636
5.27,1.523,0.316,2.865,18.279,401.984,21.992,183695,3.459,0.873,0.554,1.003,34.09,137.814,0.904,1.399,22.763,2,372.061,237.435,374.963,4.118,1.968,1.885,1119.849,298.24,39519.3,7.784,27.345,6.596,108.997,134.773,167.67,85.283,3.387
7.908,1.227,0.371,2.536,8.908,365.126,40.99,104728,6.446,1.145,1.068,9.831,37.758,187.902,1.469,1.061,18.705,5,428.924,173.941,455.901,6.902,3.129,3.163,1060.996,503.004,37598.341,9.902,28.139,4.075,116.504,136.861,177.319,110.043,1.545
7.624,1.667,0.503,1.086,13.554,543.337,40.087,113579,4.575,1.01,0.348,10.049,30.634,202.982,1.147,1.52,30.575,2,384.107,209.851,412.244,6.095,2.36,2.276,914.421,196.634,36583.765,7.742,23.866,4.471,97.312,138.21,147.902,93.779,2.565
2.259,1.08,0.519,0.979,19.871,669.206,33.677,240784,2.092,0.651,0.383,8.674,24.587,193.481,0.727,1.025,34.939,1,339.025,259.645,348.664,1.643,1.734,1.219,1239.768,201.161,39499.301,11.051,35.944,8.627,116.212,130.945,174.213,75.141,3.714
2.989,1.442,0.683,0.846,17.235,307.962,17.868,44037,2.073,0.623,1.156,1.842,29.271,77.436,0.784,1.318,22.851,1,344.434,262.576,359.888,1.492,1.19,1.301,852.108,445.359,34002.929,6.151,20.234,5.074,106.827,117.023,168.494,82.361,3.113
2.79,1.163,0.675,2.183,19.545,249.605,12.771,200220,2.399,0.695,0.329,7.437,28.482,91.261,0.73,1.094,22.526,1,347.241,251.261,350.441,2.016,1.758,1.363,1157.799,175.968,37853.441,9.634,32.238,7.482,108.345,134.08,162.361,77.226,3.861
6.356,1.184,0.549,2.185,17.356,566.827,32.66,98119,5.366,1.009,0.996,10.031,35.289,212.34,1.183,1.058,32.465,3,409.039,202.295,430.115,5.473,2.738,2.815,983.905,425.071,36410.468,8.64,28.814,6.576,111.611,130.777,163.967,107.449,3.245
6.907,1.202,0.668,2.971,18.499,569.224,30.771,38592,5.745,1.089,1.308,5.286,39.021,224.089,1.392,1.035,30.919,3,419.427,188.146,441.583,5.844,2.643,2.948,883.086,516.493,36072.672,7.182,21.439,5.803,113.685,133.93,179.128,112.482,3.025
3.281,1.387,0.315,1.676,16.478,730.792,44.349,193365,2.366,0.706,0.756,3.178,27.301,216.669,0.839,1.254,34.761,1,354.756,255.511,352.753,2.29,1.645,1.341,1188.802,385.607,40324.367,9.037,31.087,6.979,113.449,124.346,178.587,84.633,3.084
5.035,1.051,0.23,1.53,17.126,111.162,6.491,102800,4.79,0.982,0.354,7.464,30.318,90.192,1.074,1.034,20.325,3,395.681,211.114,405.479,4.173,2.378,2.479,838.948,175.498,31164.679,7.644,24.006,5.32,103.753,139.092,156.493,91.005,3.066
7.044,1.398,0.724,2.174,14.278,697.128,48.825,188872,5.04,0.97,1.157,10.089,31.906,250.057,1.111,1.273,27.431,3,396.778,207.058,420.282,5.981,2.845,2.59,1274.555,650.723,41839.971,11.158,37.054,5.939,126.008,125.823,196.523,106.102,2.645
6.397,1.512,0.245,2.616,19.091,464.702,24.342,185683,4.232,0.923,1.416,1.538,32.058,154.153,1.107,1.436,27.65,2,391.943,220.251,403.762,5.183,2.408,2.528,1315.668,848.774,46088.714,11.148,35.134,9.789,124.118,126.787,187.108,98.69,3.628
5.253,1.483,0.348,2.861,17.9,534.911,29.883,147653,3.542,0.811,1.161,7.566,31.124,188.436,0.891,1.407,23.9,2,377.114,238.496,388.946,4.131,2.108,1.984,1169.169,574.531,40350.904,9.508,33.61,8.11,123.887,125.131,191.635,97.507,3.51
5.542,1.383,0.617,2.567,18.127,163.96,9.045,201022,4.008,0.917,0.994,8.075,33.717,88.925,0.958,1.26,19.654,2,381.788,221.997,402.139,4.439,2.403,2.213,1315.519,526.462,42169.308,11.382,34.847,8.328,123.577,131.31,192.98,96.441,3.25
5.05,1.839,0.446,1.739,16.076,402.83,25.058,157828,2.746,0.767,0.576,7.626,31.055,119.784,0.854,1.76,23.654,1,351.874,243.798,364.79,3.402,1.715,1.418,1052.902,291.459,35305.395,8.615,29.902,5.774,107.502,130.034,169.402,80.387,3.044
3.785,1.145,0.726,2.197,11.655,259.112,22.232,93060,3.305,0.856,0.318,8.15,27.648,108.119,0.986,1.069,25.003,2,368.453,231.595,381.125,2.898,1.809,1.72,849.284,186.614,31664.584,6.818,21.355,3.784,97.666,129.687,152.968,79.645,1.872
5.39,1.506,0.379,2.684,8.428,277.958,32.982,191505,3.58,0.822,1.134,7.945,30.774,141.691,0.887,1.45,22.968,2,373.419,230.666,390.908,4.284,2.193,1.85,1299.925,659.886,43930.174,11.101,37.176,4.394,121.089,130.802,180.11,92.582,1.39
6.133,1.062,0.207,1.879,19.228,452.867,23.553,159610,5.775,1.085,0.577,2.434,29.768,167.166,1.31,0.977,29.081,3,400.952,195.504,435.282,5.394,2.843,2.908,1044.586,267.658,36494.172,7.437,25.736,7.905,112.104,137.699,174.97,101.833,3.331
7.24,1.071,0.38,1.277,15.033,668.719,44.482,32800,6.759,1.178,1.33,3.584,37.882,247.458,1.409,0.9,32.855,5,435.04,173.465,466.645,6.251,3.079,3.423,894.025,514.976,37978.131,6.765,21.461,5.027,114.374,137.618,186.003,118.703,2.873
5.818,1.574,0.547,1.173,11.578,620.647,53.607,228361,3.696,0.902,0.86,7.809,30.795,234.019,0.913,1.478,34.28,2,374.181,226.627,397.774,4.861,2.364,2.13,1325.117,560.636,41464.374,11.209,36.671,5.438,125.761,125.131,196.5,91.157,2.404
6.567,1.566,0.426,0.8,9.79,513.7,52.474,150041,4.193,0.933,0.937,1.195,36.272,182.175,1.021,1.478,23.783,2,392.277,223.786,400.629,5.305,2.327,2.354,1139.826,471.632,39427.547,8.384,28.216,3.974,117.924,128.844,177.242,94.327,2.372
2.96,1.517,0.521,2.38,17.954,477.593,26.6,221097,1.951,0.606,1.205,7.982,30.914,125.373,0.609,1.385,23.679,1,349.128,251.077,359.153,1.909,1.65,1.401,1381.893,695.064,43838.827,11.693,39.987,7.743,123.689,122.866,188.878,85.43,3.368
4.769,1.558,0.726,1.044,18.038,399.114,22.126,224202,3.061,0.782,1.235,8.319,31.987,120.473,0.726,1.461,28.966,1,366.238,237.797,378.389,3.825,2.174,1.824,1403.093,785.114,43943.585,12.513,38.69,8.643,125.946,130.129,193.17,87.855,3.435
2.056,1.349,0.747,1.336,17.774,780.897,43.935,127892,1.524,0.564,1.071,3.631,27.772,211.372,0.502,1.302,32.472,1,337.356,262.586,353.269,0.958,1.215,1.128,1059.706,492.821,37683.751,8.82,26.103,6.773,112.561,120.051,165.144,79.668,2.821
3.48,1.049,0.36,1.455,15.741,492.135,31.265,141685,3.318,0.836,1.426,7.579,30.749,190.625,0.92,0.899,21.211,2,373.16,234.785,385.961,2.853,1.992,2.05,1197.968,696.129,39462.112,10.532,32.46,5.471,125.019,123.324,194.182,95.714,2.433
6.359,1.098,0.477,2.033,12.392,277.776,22.415,121465,5.791,1.122,1.479,6.875,34.646,131.07,1.439,0.927,27.791,4,427.898,192.672,446.686,5.335,3.045,3.015,1152.701,807.268,42009.413,9.517,30.511,5.09,122.463,127.588,188.415,113.269,2.012
7.951,1.044,0.529,1.676,11.649,261.064,22.411,128876,7.615,1.202,1.436,3.868,36.926,168.25,1.505,0.925,26.566,6,454.14,158.073,491.009,7.072,3.644,3.69,1200.287,780.734,43532.69,10.156,28.672,4.488,125.06,137.763,192.629,126.802,1.803
2.595,1.185,0.769,2.284,8.103,527.947,65.157,226932,2.189,0.696,1.289,6.093,30.109,139.909,0.607,1.067,30.115,1,346.671,253.548,358.849,1.81,1.828,1.609,1403.405,746.35,43825.339,12.223,36.89,4.768,129.963,121.791,200.944,84.459,1.522
4.409,1.541,0.799,0.922,18.003,465.979,25.883,203391,2.861,0.728,1.147,11.006,29.319,146.861,0.761,1.408,26.843,1,361.981,245.684,379.075,3.321,2.023,1.572,1326.088,699.049,43285.098,11.885,39.355,8.214,123.492,113.239,188.524,87.246,3.553
6.8,1.646,0.341,1.073,9.049,105.388,11.646,57835,4.133,0.959,1.096,5.693,34.647,84.816,1.038,1.551,23.453,2,385.251,222.843,400.097,5.412,2.118,2.355,924.538,432.951,36405.149,7.436,23.834,2.796,111.648,123.072,176.475,96.501,1.598
3.224,1.046,0.636,1.898,15.569,681.046,43.744,164267,3.084,0.818,0.425,7.928,30.548,220.643,0.926,0.98,36.076,1,355.32,244.823,382.248,2.46,1.911,1.756,1045.773,187.397,36854.792,8.042,28.297,5.63,103.251,132.56,160.775,80.626,2.659
5.331,1.946,0.427,1.541,14.049,592.886,42.202,249099,2.739,0.757,0.626,1.389,28.666,179.359,0.773,1.863,34.493,1,348.433,249.415,360.207,3.961,2.044,1.511,1336.195,355.381,40377.774,10.368,34.506,6.568,115.878,124.367,177.475,81.21,2.571
6.398,1.842,0.205,1.451,14.32,563.281,39.334,161021,3.473,0.858,0.307,1.856,33.398,211.03,0.727,1.795,31.602,2,367.97,232.941,374.026,5.057,1.996,1.818,1015.546,209.401,36171.756,7.851,25.976,5.486,108.433,129.138,169.852,84.435,2.425
5.696,1.297,0.206,0.947,19.121,148.146,7.748,202891,4.393,0.903,0.465,1.894,27.2,72.65,1.338,1.242,19.684,2,380.503,225.085,397.737,4.93,2.492,2.225,1152.275,307.723,36733.959,8.781,30.726,7.539,115.401,132.951,180.293,91.55,3.319
3.128,1.077,0.476,2.771,8.379,353.439,42.18,199193,2.904,0.732,0.827,9.561,30.205,98.441,0.796,0.983,22.565,1,365.538,244.752,369.456,2.417,1.954,1.695,1217.597,434.869,39448.304,10.55,36.971,3.583,117.842,126.707,178.836,85.312,1.444
4.132,1.17,0.493,2.322,17.281,754.768,43.677,107069,3.532,0.812,0.476,4.853,29.211,244.864,0.909,1.145,30.311,2,368.371,238.091,385.503,3.246,1.868,1.919,857.827,242.503,33283.398,5.938,23.297,5.588,100.157,136.277,154.551,85.898,3.174
6.703,1.127,0.214,1.068,8.625,703.812,81.605,111806,5.948,1.052,1.382,3.504,35.053,261.095,1.159,1.035,35.31,4,418.982,190.434,454.633,5.827,2.917,3.065,1122.314,631.085,41255.968,9.367,26.906,3.392,122.331,127.24,188.915,112.558,1.178
5.325,1.123,0.612,0.943,8.458,299.88,35.456,189296,4.741,0.984,1.267,9.221,33.485,108.985,1.027,0.934,25.191,3,388.337,210.584,424.122,4.528,2.756,2.592,1305.932,752.158,42263.578,11.669,37.578,4.194,127.899,131.142,195.902,105.195,1.078
2.031,1.332,0.376,2.945,13.158,209.941,15.956,139996,1.525,0.54,0.386,2.87,26.009,41.593,0.505,1.242,18.359,1,336.204,270.83,339.123,1.014,1.127,1.034,937.389,204.946,33590.392,6.739,23.509,4.094,101.124,119.004,151.315,71.439,2.185
6.566,1.246,0.536,2.299,8.757,414.362,47.318,155525,5.27,1.07,0.599,3.711,32.787,173.388,1.288,1.069,28.481,3,402.026,200.343,423.168,5.593,2.657,2.751,1097.785,351.162,39391.098,8.467,27.194,3.54,112.08,135.338,171.259,99.087,1.663
2.212,1.068,0.381,1.718,17.47,349.081,19.982,186839,2.07,0.644,1.283,5.74,30.075,81.835,0.704,0.956,22.306,1,348.297,263.51,358.511,1.527,1.621,1.529,1304.547,727.366,41720.17,10.705,36.208,8.631,124.845,119.811,198.575,82.62,2.853
6.474,1.99,0.3,2.344,14.355,577.558,40.235,201066,3.254,0.828,1.264,4.646,30.389,157.782,0.92,1.836,32.352,1,367.652,244.819,388.322,4.777,2.121,2.029,1351.725,760.528,41551.368,11.313,34.863,7.093,129.561,124.13,198.223,95.563,2.913
3.215,1.684,0.444,2.464,8.348,776.504,93.012,89733,1.909,0.631,1.435,7.439,28.076,203.32,0.531,1.552,31.291,1,355.099,255.208,358.371,1.569,1.266,1.37,1068.558,647.978,39828.617,9.276,27.958,2.187,116.876,111.995,184.754,86.905,1.63
7.748,1.949,0.339,2.516,8.486,354.101,41.728,62294,3.976,0.881,1.497,4.716,33.984,114.378,0.796,1.851,21.212,2,382.275,228.168,406.186,5.901,2.068,2.329,1006.607,664.385,37828.661,8.236,23.485,3.267,116.367,126.51,180.228,101.928,1.616
4.208,1.143,0.521,1.851,15.352,143.557,9.351,94194,3.683,0.841,1.472,5.322,33.178,77.107,0.932,0.964,18.233,2,379.528,226.862,395.713,3.279,2.023,2.177,1087.722,697.599,39447.078,9.656,26.713,5.268,117.876,126.434,183.379,101.835,2.89
3.962,1.382,0.319,1.746,17.673,728.33,41.211,141658,2.866,0.75,0.792,10.492,29.773,174.7,0.758,1.294,35.694,1,361.794,238.074,367.757,2.773,1.865,1.684,1082.515,380.865,37895.16,9.434,29.677,6.234,111.59,135.595,168.067,85.961,3.243
2.893,1.555,0.505,0.824,13.254,126.565,9.549,105271,1.861,0.632,0.6,10.73,27.769,31.928,0.523,1.484,14.216,1,345.305,264.013,348.248,1.591,1.318,1.132,928.117,284.529,34383.702,8.061,27.535,4.551,104.61,125.047,166.801,75.135,2.469
3.834,1.077,0.294,2.838,14.655,766.936,52.333,155039,3.56,0.856,1.21,10.105,32.072,235.463,1.014,0.957,37.748,2,375.322,235.116,392.862,3.07,2.1,2.076,1222.266,656.551,42917.742,10.843,33.795,5.785,120.2,126.707,194.551,93.422,2.85
7.26,1.004,0.603,2.127,17.598,565.206,32.118,41762,7.23,1.18,0.659,10.513,34.373,238.894,1.359,0.887,25.923,6,433.785,167.086,464.578,6.391,3.212,3.31,781.879,300.084,32842.184,6.324,23.088,4.261,100.22,141.344,152.548,112.418,3.348
7.978,1.67,0.652,1.247,15.326,759.182,49.535,142145,4.776,1.015,1.268,7.267,33.54,263.592,1.226,1.472,34.298,3,398.218,209.926,417.218,6.668,2.681,2.696,1168.05,663.613,41393.412,10.496,32.624,6.264,123.533,124.843,196.69,104.196,2.781
4.21,1.642,0.266,2.823,10.697,239.762,22.414,110956,2.564,0.688,0.941,8.109,33.073,52.899,0.609,1.525,16.509,1,359.18,254.341,369.934,2.897,1.632,1.577,1013.695,479.404,34675.266,9.031,28.262,3.489,110.725,117.946,166.547,86.171,2.282
4.692,1.411,0.481,2.813,15.357,128.49,8.367,147626,3.326,0.837,1.253,7.129,31.455,46.721,0.925,1.34,10.73,2,376.905,234.485,390.015,3.624,1.949,1.963,1177.605,679.558,41740.175,10.187,30.917,5.515,120.006,124.757,185.794,95.267,2.742
6.332,1.49,0.243,2.976,15.539,441.747,28.428,122957,4.251,0.922,0.631,9.641,30.848,150.268,1.128,1.355,27.832,2,377.327,222.332,408.6,5.065,2.313,2.213,1001.513,295.55,35560.478,8.203,27.038,5.725,108.531,123.428,163.534,89.568,2.687
7.317,1.415,0.559,2.723,16.809,415.436,24.715,92529,5.17,1.047,0.91,7.061,32.753,175.309,1.205,1.345,26.04,3,402.608,204.572,430.169,6.102,2.519,2.758,977.767,414.555,40752.52,6.843,23.82,6.245,107.518,129.604,168.162,103.951,2.702
5.558,1.024,0.359,2.995,15.45,332.045,21.491,228903,5.428,1.093,0.977,2.222,33.545,151.216,1.428,0.855,20.483,3,401.735,203.486,426.362,5.178,2.904,2.988,1372.455,580.338,44016.801,10.12,35.152,7.874,128.137,132.992,197.796,104.125,2.607
4.349,1.335,0.517,1.338,19.631,770.36,39.242,70648,3.257,0.832,1.432,9.905,33.765,253.251,1.059,1.166,33.039,1,376.478,237.375,388.069,3.234,1.918,2.01,1004.9,637.413,39048.299,9.232,26.949,6.455,118.897,127.554,184.087,93.802,3.731
4.476,1.177,0.51,2.653,10.367,675.809,65.186,179900,3.802,0.872,0.62,9.366,30.744,199.086,0.997,1.054,33.71,2,376.332,226.832,385.633,3.664,2.279,2.205,1162.46,308.635,39908.537,9.148,32.084,4.424,115.038,132.25,183.557,89.788,1.841
6.174,1.098,0.755,2.611,19.413,563.107,29.007,233421,5.621,1.03,1.424,10.023,35.132,189.372,1.284,0.993,29.092,3,411.725,192.628,433.383,5.53,3.281,3.007,1497.121,964.71,47754.784,14.399,42.888,9.925,134.057,123.424,212.763,113.007,3.548
2.019,1.471,0.529,1.308,14.46,214.001,14.799,148507,1.373,0.543,1.266,3.095,29.017,71.268,0.592,1.36,18.928,1,343.507,267.472,354.176,0.798,1.13,1.024,1165.699,630.172,40608.499,9.524,30.091,5.266,115.587,116.015,178.472,77.334,2.581
5.718,1.599,0.55,1.017,16.063,614.026,38.225,222809,3.575,0.847,1.177,3.988,31.439,166.125,0.983,1.495,29.545,2,377.459,233.562,398.694,4.469,2.242,2.095,1359.105,710.455,46728.856,11.408,37.753,7.268,124.364,128.342,197.193,94.584,2.616
4.133,1.729,0.441,2.955,9.194,608.909,66.232,57467,2.391,0.666,1.244,4.253,31.776,179.443,0.724,1.628,28.141,1,356.379,249.065,365.01,2.656,1.262,1.558,928.207,451.351,35136.258,7.223,21.086,1.577,112.158,122.89,178.446,83.424,1.56
6.765,1.315,0.769,1.451,12.567,397.548,31.634,138633,5.143,1.043,1.027,6.589,38.731,146.03,1.184,1.189,24.324,3,402.126,202.44,430.442,5.765,2.766,2.65,1150.298,525.756,37595.885,9.577,30.049,4.531,114.644,137.257,182.136,104.904,2.064
2.558,1.393,0.666,2.716,17.233,747.35,43.369,130545,1.836,0.597,0.593,2.473,25.787,159.353,0.453,1.36,31.198,1,338.946,261.874,353.076,1.324,1.152,1.135,956.553,249.803,33139.289,6.97,23.983,5.036,95.915,127.961,149.26,72.748,2.997
5.529,1.237,0.371,0.809,16.483,216.885,13.158,31786,4.47,0.909,0.527,5.239,31.8,95.035,0.941,1.166,18.797,2,384.21,211.915,396.99,4.346,2.106,2.261,718.945,214.071,32298.382,5.001,16.636,4.249,89.99,135.315,140.806,93.001,2.774
4.886,1.097,0.707,0.846,8.482,287.136,33.854,127516,4.454,0.988,1.34,3.004,35.304,134.526,1.322,0.93,20.078,2,390.602,209.695,417.465,4.146,2.321,2.5,1144.618,691.644,40510.499,9.56,29.729,3.544,121.429,130.87,187.081,101.52,1.583
5.854,1.179,0.459,1.825,14.559,144.257,9.908,111186,4.965,1.001,1.17,3.912,36.03,72.595,1.2,1.044,18.471,3,405.989,204.392,421.307,4.862,2.457,2.627,1058.482,580.706,41770.509,8.805,25.347,4.549,114.267,131.599,186.449,102.656,2.748
2.389,1.251,0.697,1.325,9.059,656.816,72.502,177355,1.91,0.608,0.556,8.77,28.916,182.097,0.583,1.232,28.934,1,337.964,259.014,350.218,1.428,1.491,1.216,1124.001,294.759,38557.75,9.549,32.713,3.978,108.975,127.17,170.507,71.038,1.621
5.48,1.678,0.694,2.318,19.95,535.232,26.828,236432,3.267,0.831,1.038,10.403,32.534,172.074,1.006,1.579,25.489,1,367.075,240.092,396.362,4.304,2.262,1.946,1403.258,671.676,43561.056,13.404,39.995,9.495,128.053,123.471,198.154,87.525,3.162
5.369,1.547,0.313,2.044,18.768,320.458,17.075,48874,3.471,0.871,0.837,1.252,31.717,90.073,0.897,1.399,25.792,2,370.326,234.689,392.741,3.972,1.659,2.076,820.195,329.303,32486.952,5.357,19.846,4.853,99.508,128.607,156.25,89.189,3.083
5.364,1.475,0.621,0.97,8.253,214.67,26.011,102044,3.636,0.815,0.49,7.225,28.875,83.607,0.957,1.347,24.326,2,376.056,231.219,385.372,4.057,1.884,1.976,908.315,181.206,33688.904,6.964,23.449,1.729,98.096,127.736,153.135,84.479,1.6
5.621,1.922,0.374,1.158,18.304,128.103,6.999,127694,2.924,0.784,0.938,1.397,29.63,73.361,0.844,1.849,18.338,1,366.536,248.175,381.27,3.906,1.67,1.685,1074.66,448.656,35558.691,7.696,27.071,6.484,114.351,127.746,185.494,86.089,3.115
6.059,1.073,0.378,1.654,19.033,216.722,11.387,130140,5.648,1.098,0.638,1.938,33.534,131.311,1.348,0.98,22.009,3,406.463,198.528,424.221,5.283,2.717,3.029,990.871,302.9,36983.518,7.195,24.471,6.531,111.169,136.802,172.224,100.616,3.256
6.83,1.281,0.378,1.208,12.243,417.299,34.086,200458,5.333,1.009,0.415,8.756,29.202,165.516,1.177,1.156,24.391,3,405.063,200.955,424.335,5.86,2.959,2.592,1164.922,156.976,40065.238,9.3,32.742,5.489,105.615,141.003,166.766,96.763,2.205
3.619,1.35,0.635,2.543,16.634,273.024,16.414,127547,2.681,0.736,0.86,9.092,29.086,89.202,0.699,1.279,24.971,1,357.291,244.546,371.412,2.481,1.72,1.577,1068.827,386.565,36454.436,9.335,28.849,6.17,105.013,125.407,162.292,81.686,2.811
6.95,1.782,0.338,1.715,13.305,281.288,21.141,35975,3.899,0.852,1.008,9.954,34.472,97.402,0.897,1.722,27.655,2,376.896,228.605,400.706,5.23,1.95,2.191,833.123,433.624,32187.445,8.255,21.546,3.722,97.31,131.752,144.081,93.441,1.94
4.99,1.993,0.201,1.006,15.863,712.903,44.942,186222,2.504,0.73,0.356,6.217,28.378,210.747,0.696,1.964,32.25,1,346.733,251.264,357.333,3.429,1.749,1.683,1041.272,174.492,35152.131,9.094,29.438,6.071,107.038,120.595,165.914,76.269,2.66
2.462,1.241,0.629,1.866,12.084,460.596,38.117,224662,1.985,0.656,0.783,10.458,30.787,137.29,0.655,1.205,24.575,1,349.043,264.687,354.581,1.637,1.732,1.327,1269.154,437.439,42038.649,11.939,37.846,5.438,119.525,120.54,188.678,78.342,2.071
2.351,1.039,0.303,1,11.871,610.476,51.427,143059,2.262,0.65,0.609,2.835,31.18,166.868,0.541,0.98,30.888,1,355.145,259.46,360.505,1.643,1.459,1.305,1043.523,235.3,37392.655,7.715,26.355,3.583,105.422,128.389,163.948,74.497,2.007
4.005,1.831,0.263,1.084,13.093,124.998,9.547,157843,2.188,0.687,0.337,3.747,27.233,39.526,0.598,1.757,18.259,1,344.031,259.14,342.886,2.584,1.439,1.176,996.113,131.252,35563.991,7.013,26.146,4.346,101.359,127.988,152.481,74.46,2.487
6.709,1.225,0.343,1.327,9.747,355.614,36.485,65846,5.479,1.082,0.451,2.48,33.201,142.009,1.296,1.108,23.717,3,400.856,200.184,424.674,5.576,2.444,2.62,820.884,205.396,35235.384,4.72,18.266,2.513,102.064,143.074,164.541,96.536,1.759
6.246,1.399,0.428,2.691,17.974,435.419,24.225,78542,4.464,0.936,0.467,9.773,30.498,136.553,1.07,1.305,28.044,2,384.514,216.766,400.188,5.262,2.188,2.302,869.715,191.675,31773.52,7.146,20.75,5.396,100.024,135.354,150.278,89.115,3.225
6.732,1.41,0.486,2.834,12.184,230.492,18.917,81737,4.775,1.002,0.519,3.515,30.478,104.768,1.179,1.282,24.585,3,388.101,209.054,413.94,5.599,2.278,2.51,848.509,192.468,33406.072,5.744,20.959,3.381,98.447,132.171,149.501,97.124,2.409
5.104,1.978,0.227,2.618,12.802,184.134,14.383,124763,2.58,0.687,1.264,2.711,29.39,57.318,0.717,1.862,16.993,1,356.612,253.244,377.438,3.397,1.649,1.498,1106.271,643.79,40038.749,8.097,27.29,4.554,113.423,127.661,171.305,89.687,1.954
4.641,1.181,0.782,1.535,18.729,709.213,37.868,234191,3.93,0.931,0.827,7.854,34.164,233.667,1.245,1.112,41.079,2,376.158,222.268,393.947,3.914,2.52,2.194,1323.479,474.958,43555.342,11.311,35.929,9.408,121.877,128.646,184.765,93.542,3.659
2.885,1.799,0.63,1.399,13.959,757.602,54.271,144792,1.603,0.573,0.477,1.848,27.195,204.238,0.56,1.686,28.632,1,333.308,271.912,336.637,1.331,1.189,0.943,1009.776,189.608,36390.047,7.198,26.569,4.911,101.782,120.386,157.942,71.5,2.829
3.969,1.334,0.394,2.008,14.531,155.165,10.678,72261,2.975,0.786,0.42,1.494,32.801,60.714,0.812,1.208,16.466,1,358.235,241.221,370.962,2.912,1.424,1.593,779.887,166.193,32617.803,5.218,19.108,4.205,95.769,133.481,150.886,79.707,2.58
4.604,1.731,0.391,2.388,19.478,344.313,17.677,88539,2.66,0.746,0.658,2.174,31.526,118.468,0.793,1.67,24.294,1,353.863,250.517,361.798,3.067,1.467,1.622,879.282,248.561,35380.787,5.802,20.881,5.936,102.653,123.475,156.764,84.485,3.408
2.532,1.279,0.469,2.985,18.641,770.8,41.35,114483,1.98,0.637,1.258,1.003,29.212,184.382,0.717,1.167,40.559,1,347.323,258.267,357.736,1.367,1.281,1.305,1063.279,563.514,39359.224,8.008,27.37,7.345,111.549,113.877,175.159,84.218,3.586
3.324,1.578,0.576,1.089,10.034,158.213,15.768,167116,2.106,0.676,0.737,8.667,30.746,59.983,0.679,1.437,16.973,1,348.319,255.111,353.848,1.943,1.571,1.448,1112.072,366.538,36583.923,9.894,31.034,3.86,107.373,121.32,169.504,76.791,1.731
5.589,1.833,0.288,0.908,13.679,550.549,40.249,126807,3.05,0.795,0.492,7.185,28.891,150.717,0.911,1.748,25.745,1,358.901,237.44,375.322,4.019,1.795,1.665,946.809,207.318,34321.744,7.273,25.128,5.019,104.785,133.181,161.101,80.262,2.518
6.414,1.804,0.313,2.328,19.656,780.555,39.712,116337,3.555,0.883,0.785,3.309,34.17,247.683,1.005,1.696,36.694,2,371.181,234.736,388.892,4.853,1.857,2.092,961.777,306.308,33847.948,7.09,24.075,5.181,111.173,138.771,166.263,89.927,3.57
7.99,1.866,0.716,2.631,12.468,784.757,62.94,154240,4.281,0.939,0.966,3.563,32.158,246.487,1.049,1.74,34.628,2,386.015,215.62,406.423,6.359,2.352,2.511,1134.026,507.095,40762.315,8.851,28.644,4.999,122.299,130.451,195.619,95.867,2.313
7.599,1.06,0.354,2.662,12.459,429.856,34.502,83203,7.171,1.165,0.336,9.921,31.222,175.746,1.476,0.974,29.404,5,438.609,171.339,468.339,6.584,3.319,3.326,841.63,181.032,35153.982,6.538,21.707,3.801,101.223,139.382,154.213,111.291,2.013
5.855,1.692,0.428,2.293,10.34,213.924,20.688,47358,3.461,0.872,1.053,6.52,31.082,93.826,1.085,1.54,20.623,2,370.856,235.525,389.849,4.101,1.8,2.208,893.586,419.507,33852.263,6.92,20.801,3.386,102.911,132.665,150.672,92.006,1.918
4.527,1.14,0.723,2.899,9.372,241.459,25.764,35371,3.972,0.913,0.774,8.684,30.564,111.86,1.048,1.036,19.117,2,381.614,223.175,394.992,3.397,1.892,2.17,771.997,298.462,32061.651,7.528,16.887,1.99,100.968,128.738,154.944,89.689,1.487
5.817,1.416,0.598,1.924,16.884,722.721,42.806,85277,4.109,0.93,0.312,5.98,28.73,218.208,0.974,1.323,40.836,2,374.078,217.03,392.949,4.543,2.023,2.095,813.836,129.871,30504.309,5.424,20.053,4.448,96.555,133.639,151.994,91.222,2.91
6.714,1.549,0.405,2.81,17.24,738.178,42.817,50150,4.336,0.982,1.109,3.615,33.079,227.437,1.093,1.427,25.521,2,390.526,220.475,405.628,5.321,2.08,2.381,898.996,405.246,35713.684,7.191,19.823,4.903,103.728,132.271,163.713,96.611,3.256
2.71,1.403,0.61,2.929,19.628,525.516,26.774,103994,1.932,0.599,1.155,11.674,31.52,131.777,0.426,1.257,32.994,1,348.509,258.357,352.287,1.505,1.373,1.271,1070.443,562.583,37140.033,9.992,29.839,7.597,110.308,123.293,166.43,79.938,3.398
4.459,1.52,0.212,2.664,17.281,636.323,36.822,200045,2.935,0.765,1.055,7.222,34.995,152.549,0.831,1.401,33.769,1,367.706,241.184,371.659,3.425,1.982,1.865,1267.866,585.891,40390.851,10.537,35.342,8.121,123.021,124.806,183.287,88.03,2.951
7.039,1.997,0.641,1.481,10.92,617.952,56.588,187584,3.526,0.823,0.71,2.441,28.056,154.965,1.017,1.903,28.504,2,369.026,232.701,390.622,5.466,2.066,2.043,1155.638,377.341,39035.359,9.074,30.878,3.595,119.471,127.585,186.404,89.134,1.985
4.303,1.135,0.492,1.232,8.481,563.275,66.413,164404,3.79,0.888,0.936,5.467,34.92,202.533,0.885,1.043,35.249,2,373.128,224.059,391.743,3.538,2.197,2.221,1168.367,487.482,42232.965,9.469,30.883,3.571,117.432,138.427,184.088,90.961,1.768
5.431,1.675,0.688,2.006,19.825,679.094,34.254,217550,3.242,0.835,0.765,4.623,30.124,184.9,0.919,1.633,28.203,1,362.86,229.874,381.755,4.269,2.198,1.753,1285.338,437.445,42496.314,10.649,32.981,8.486,117.443,126.252,186.509,88.258,4.027
5.527,1.396,0.773,1.797,12.085,579.785,47.974,92054,3.959,0.937,1.141,3.355,34.504,215.231,1.13,1.3,33.267,2,386.526,226.449,399.585,4.204,2.042,2.262,1014.277,522.304,37619.52,7.956,23.373,5.164,107.165,126.749,170.118,95.414,2.37
3.107,1.133,0.755,2.731,11.744,473.802,40.345,224711,2.742,0.742,1,11.268,27.594,158.417,0.872,1.047,20.564,1,367.688,242.916,372.213,2.38,2.084,1.535,1316.475,583.076,42393.56,12.476,38.055,5.692,120.185,122.698,186.873,91.089,2.31
4.173,1.159,0.746,1.02,18.871,265.869,14.088,117832,3.602,0.878,0.398,10.69,31.182,120.919,1.074,1.111,18.723,2,372.15,223.972,388.63,3.442,2.004,2.028,937.93,219.181,37054.819,7.97,24.941,6.019,98.938,135.373,149.679,85.657,3.38
4.007,1.949,0.507,1.367,15.021,620.722,41.323,118196,2.056,0.672,1.072,3.191,26.341,152.627,0.526,1.844,26.761,1,342.671,256.052,358.792,2.142,1.338,1.344,1054.29,509.033,39275.838,8.604,25.801,5.475,116.538,119.721,178.704,80.08,3.184
2.157,1.186,0.416,2.454,10.578,431.407,40.782,119177,1.818,0.618,1.125,4.874,30.542,86.572,0.648,1.139,23.005,1,347.179,261.779,349.808,1.185,1.292,1.312,1079.291,560.863,37870.137,8.507,28.587,4.645,111.388,122.809,171.679,79.817,1.91
2.145,1.446,0.479,1.009,18.669,306.354,16.41,51580,1.483,0.534,0.745,9.385,27.901,53.446,0.383,1.407,21.829,1,330.372,272.901,339.314,0.84,1.017,0.987,821.385,313.321,32997.931,6.456,21.521,5.396,95.736,119.853,144.729,75.307,3.331
6.99,1.992,0.614,1.506,19.92,661.362,33.2,244607,3.51,0.852,1.351,3.294,34.012,190.803,0.86,1.856,29.465,2,375.292,226.92,396.87,5.338,2.347,1.928,1453.974,814.52,45158.684,11.259,37.741,9.243,137.199,123.481,216.983,94.157,3.622
3.638,1.208,0.73,1.652,9.04,587.7,65.01,60471,3.011,0.818,1.312,7.507,31.587,139.279,0.942,1.148,23.854,1,368.066,235.939,383.918,2.491,1.648,1.933,922.563,568.752,36588.236,7.748,23.815,3.678,112.484,121.786,178.462,91.665,1.641
5.108,1.355,0.324,2.17,18.347,756.138,41.213,104994,3.769,0.916,0.51,8.698,32.134,219.925,1.032,1.275,35.959,2,374.363,232.508,392.727,4.123,2.002,2.129,922.513,246.074,35677.228,7.935,24.388,6.33,101.991,133.304,152.502,91.444,3.024
3.792,1.669,0.751,1.148,12.686,215.809,17.011,100246,2.272,0.688,1.385,8.194,32.578,58.374,0.762,1.625,20.294,1,355.008,251.749,365.65,2.337,1.449,1.537,1036.002,638.982,39778.281,9.426,28.016,4.331,118.656,121.346,182.631,88.805,2.103
7.644,1.484,0.689,2.693,14.289,554.432,38.802,46429,5.152,1.061,0.829,8.77,33.627,181.742,1.17,1.375,31.331,3,398.616,202.441,417.701,6.207,2.483,2.526,818.05,346.715,33071.241,6.654,21.181,4.392,101.173,135.054,165.067,102.2,2.623
3.556,1.418,0.787,1.785,18.978,270.968,14.278,63497,2.507,0.691,1.168,8.774,32.311,63.401,0.839,1.299,22.055,1,361.049,247.104,371.201,2.281,1.443,1.632,914.905,466.578,36809.809,8.065,23.835,5.77,107.797,122.316,171.737,90.538,3.223
4.578,1.358,0.728,2.817,19.681,732.508,37.22,39868,3.372,0.805,1.277,11.613,32.58,210.089,0.94,1.219,36.397,2,371.347,239.548,390.509,3.254,1.869,1.915,898.069,524.889,36139.35,8.876,24.341,5.866,103.667,120.843,161.436,92.406,3.634
7.236,1.594,0.368,1.829,11.146,169.65,15.221,94328,4.54,1.002,0.906,4.811,34.71,95.767,1.222,1.467,20.024,2,395.806,211.46,411.878,5.968,2.292,2.495,960.286,374.098,36094.167,7.735,23.523,3.686,110.438,129.956,175.563,97.623,1.986
7.052,1.576,0.264,1.405,10.554,559.313,52.994,220664,4.476,0.917,0.779,10.664,31.871,178.975,0.975,1.454,32.689,2,382.911,218.178,402.282,5.838,2.776,2.309,1304.099,423.436,44407.499,11.675,37.445,5.117,124.561,131.268,199.667,95.069,2.064
3.117,1.161,0.267,1.112,8.966,653.76,72.914,104677,2.683,0.714,1.399,1.24,32.6,191.061,0.848,1.087,28.874,1,363.148,254.07,373.256,2.123,1.564,1.66,1072.298,668.15,38893.181,7.946,27.811,3.6,118.921,120.721,184.707,89.313,1.547
6.816,1.472,0.375,0.808,14.742,348.442,23.637,57212,4.631,0.961,0.577,4.17,32.986,140.07,1.089,1.371,22.398,3,384.226,212.516,405.056,5.339,2.119,2.437,769.941,218.483,30897.292,5.434,19.381,4.442,101.487,134.396,151.877,93.832,2.733
4.749,1.553,0.569,1.971,8.163,767.897,94.067,172052,3.057,0.794,0.608,1.535,29.164,225.815,0.807,1.417,38.501,1,357.775,238.163,376.154,3.516,1.887,1.67,1113.604,312.252,37240.745,7.907,26.745,3.419,119.786,126.587,189.108,82.789,1.089
4.898,1.57,0.683,1.036,12.943,695.511,53.737,249252,3.119,0.803,0.734,8.163,28.104,192.301,0.918,1.483,36.667,1,361.43,240.698,379.162,3.812,2.178,1.773,1359.659,427.287,43606.271,11.304,41.021,6.886,121.954,128.51,192.675,84.325,1.986
2.801,1.21,0.74,1.662,8.881,306.233,34.483,81111,2.315,0.67,1.331,2.109,31.922,67.392,0.735,1.107,24.059,1,361.058,255.434,366.723,1.849,1.425,1.56,1016.137,601.437,36763.883,7.576,25.418,4.021,109.031,119.562,164.975,86.587,1.398
2.484,1.68,0.574,2.096,12.863,105.279,8.185,91505,1.478,0.57,1.427,10.303,32.926,43.598,0.472,1.564,14.245,1,346.101,266.403,353.505,0.905,1.22,1.346,1083.853,658.684,40278.846,9.542,28.745,5.031,114.868,115.206,179.087,81.156,2.335
6.368,1.025,0.203,1.407,8.479,307.66,36.284,243806,6.211,1.168,0.564,8.113,34.871,167.612,1.578,0.917,21.455,5,420.938,190.959,449.376,5.869,3.478,3.087,1352.451,360.132,42185.519,11.236,36.111,3.845,120.786,137.92,184.055,105.895,1.353
4.979,1.355,0.312,1.185,18.023,296.917,16.475,69330,3.675,0.853,1.337,1.317,34.223,121.933,1.096,1.232,26.82,2,379.646,231.513,398.298,3.77,1.809,2.191,998.42,578.203,38016.069,7.356,23.193,6.208,109.221,126.984,162.713,94.854,3.35
4.621,1.78,0.26,2.504,10.517,722.975,68.744,142467,2.596,0.72,0.61,8.863,28.998,200.526,0.803,1.717,36.773,1,353.575,252.723,367.11,2.974,1.72,1.429,1042.477,272.171,39238.066,9.283,29.174,2.875,105.959,126.682,165.119,82.523,1.952
6.377,1.564,0.418,2.883,11.94,776.985,65.076,82723,4.078,0.927,1.465,10.482,36.462,238.945,1.083,1.448,34.942,2,393.112,227.723,405.12,4.921,2.175,2.475,1064.744,682.307,38927.898,9.94,30.718,4.46,123.359,123.094,197.014,102.573,2.013
6.593,1.261,0.501,1.021,18.441,149.308,8.097,235117,5.228,1.046,1.017,8.272,34.244,104.001,1.26,1.148,26.941,3,407.074,204.2,424.312,5.741,2.923,2.68,1418.374,672.017,42668.526,12.132,39.493,8.846,131.133,132.735,204.541,104.689,3.334
2.953,1.695,0.226,1.142,16.955,429.906,25.355,245934,1.742,0.587,0.309,1.336,25.371,79.125,0.448,1.597,26.472,1,334.522,266.826,346.076,1.885,1.537,1.066,1248.987,170.555,41223.557,8.679,31.922,7.059,113.251,122.812,176.247,69.982,2.954
5.661,1.567,0.409,2.912,10.628,483.832,45.522,209233,3.612,0.848,0.341,10.437,31.749,140.082,0.951,1.549,24.166,2,374.371,229.697,380.056,4.556,2.27,1.96,1150.693,191.292,36814.595,10.16,33.066,4.262,106.402,132.722,159.592,84.463,1.966
2.812,1.796,0.308,0.883,8.863,165.038,18.621,99252,1.566,0.554,0.477,9.057,25.501,24.266,0.537,1.686,17.517,1,336.208,277.485,342.954,1.226,1.165,0.96,851.063,183.275,31548.998,7.057,24.497,1.591,95.281,128.532,150.199,71.433,1.479
6.508,1.735,0.588,2.951,16.588,364.248,21.958,118767,3.751,0.848,0.525,5.163,32.061,119.057,0.905,1.642,24.517,2,373.74,225.407,395.703,4.667,2.002,2.088,971.996,228.13,36377.635,6.536,22.822,5.554,108.183,131.845,165.47,87.613,3.049
5.942,1.61,0.479,0.81,12.688,321.958,25.374,83307,3.69,0.861,1.221,4.615,35.426,101.525,0.935,1.46,23.751,2,376.8,230.701,398.454,4.346,1.943,2.061,999.9,573.689,38564.372,7.845,26.396,4.543,111.498,126.862,169.709,92.807,2.519
7.74,1.488,0.497,2.722,17.193,475.239,27.642,225966,5.201,1.045,0.567,6.278,33.947,185.562,1.042,1.394,31.812,3,397.09,203.938,420.901,6.762,2.995,2.721,1308.575,314.346,39269.6,10.047,34.021,7.107,126.457,142.52,199.537,98.422,2.831
2.414,1.002,0.457,1.476,13.344,562.834,42.18,231202,2.409,0.715,1.463,10.538,29.937,155.61,0.651,0.891,26.063,1,356.638,254.666,365.182,1.937,1.997,1.692,1440.049,907.734,45793.74,13.8,43.288,7.403,134.005,120.839,202.846,90.065,2.219
2.342,1.261,0.774,2.865,12.152,592.44,48.752,122151,1.857,0.63,1.063,3.773,29.872,173.742,0.696,1.163,25.338,1,345.888,266.769,354.268,1.266,1.27,1.329,1088.806,487.235,39279.921,7.957,28.271,4.852,110.911,122.138,171.064,83.647,2.025
3.693,1.419,0.329,1.497,13.414,195.729,14.591,174437,2.602,0.717,1.131,2.111,30.722,99.071,0.89,1.362,21.568,1,361.497,250.668,374.862,2.625,1.727,1.673,1221.73,619.628,43508.38,10.578,34.49,6.381,118.951,123.035,179.783,84.776,2.443
3.57,1.599,0.51,2.239,16.983,669.063,39.397,66421,2.232,0.69,0.561,10.511,27.535,158.415,0.628,1.555,29.966,1,340.019,255.452,355.133,2.1,1.325,1.568,809.038,218.258,30742.65,6.984,21.771,5.026,96.162,124.674,147.853,74.992,3.208
3.482,1.514,0.642,0.976,18.827,574.979,30.541,125685,2.3,0.649,1.371,1.289,31.556,155.94,0.681,1.397,36.24,1,347.33,258.12,371.146,2.233,1.339,1.539,1116.489,695.278,41133.05,8.626,27.841,7.537,113.195,120.287,166.684,89.523,3
7.438,1.288,0.534,1.333,8.597,722.352,84.022,168929,5.774,1.079,1.101,11.021,36.889,263.3,1.387,1.182,37.204,3,411.134,191.394,441.697,6.457,3.138,2.983,1193.264,608.1,40579.608,10.975,34.442,4.352,125.961,140.362,197.406,105.608,1.478
3.497,1.006,0.757,2.502,14.289,414.535,29.01,114788,3.475,0.863,1.337,4.363,32.794,134.319,0.908,0.931,24.241,2,374.289,234.022,393.659,2.786,2.028,2.088,1147.021,676.498,42058.723,9.284,28.492,6.394,119.533,119.923,186.837,98.282,2.538
3.632,1.496,0.427,1.963,8.394,725.723,86.457,108671,2.427,0.71,1.448,6.59,31.971,185.817,0.789,1.415,36.622,1,362.951,253.479,369.505,2.441,1.567,1.709,1106.63,716.37,38880.908,9.501,28.788,4.222,116.854,117.895,189.832,91.73,1.644
6.556,1.286,0.478,2.842,13.621,706.042,51.835,30219,5.1,1.014,0.451,2.455,31.484,226.324,1.192,1.182,35.897,3,395.182,207.142,411.78,5.254,2.2,2.762,714.307,191.604,30899.914,3.831,15.741,3.343,93.569,133.389,146.001,97.27,2.259
4.698,1.735,0.253,1.743,18.623,406.887,21.848,206944,2.709,0.751,0.416,10.925,31.007,121.361,0.888,1.61,27.079,1,353.934,251.396,362.881,3.282,1.937,1.535,1152.894,204.871,38837.451,9.683,35.045,7.117,113.765,126.247,172.727,75.917,3.486
6.66,1.024,0.565,2.714,12.339,366.8,29.727,225654,6.505,1.194,1.264,9.248,36.875,163.06,1.355,0.888,25.581,5,431.394,177.186,456.536,6.024,3.656,3.267,1451.329,831.668,47992.06,12.866,39.798,5.689,140.254,140.612,221.36,115.382,2.242
2.392,1.585,0.373,1.788,19.189,752.968,39.239,243281,1.509,0.557,1.339,11.166,27.567,187.687,0.44,1.507,34.312,1,336.469,264.315,351.582,1.298,1.685,1.252,1450.667,842.95,46199.114,13.947,42.245,9.254,134.575,115.348,212.467,81.533,3.769
4.925,1.941,0.296,2.954,15.567,600.615,38.582,188239,2.537,0.738,1.001,8.516,27.714,161.917,0.792,1.819,23.659,1,361.51,246.944,367.758,3.389,1.838,1.476,1217.269,549.591,40142.801,11.018,34.34,6.972,120.014,127.035,191.249,85.343,3.211
2.202,1.174,0.527,2.912,19.21,749.772,39.031,150734,1.875,0.646,0.739,3.032,29.431,193.167,0.646,1.094,37.279,1,338.478,256.52,354.447,1.392,1.317,1.262,1086.356,349.687,36831.071,7.997,26.896,8.667,106.675,120.791,157.503,78.101,3.595
2.376,1.07,0.519,1.524,17.086,657.882,38.504,89242,2.22,0.684,1.083,4.391,29.023,159.915,0.693,0.969,20.876,1,357.039,255.603,362.973,1.562,1.298,1.476,998.126,456.666,38954.405,7.577,25,6.723,103.818,119.286,158.114,82.042,2.991
7.439,1.091,0.246,2.749,9.241,526.508,56.974,249845,6.816,1.183,0.667,6.355,36.206,229.215,1.51,1.012,28.57,5,428.843,168.298,455.926,6.876,3.652,3.325,1380.077,402.061,44255.015,11.422,37.54,4.374,126.553,136.097,192.527,112.833,1.742
2.835,1.626,0.619,2.665,10.774,181.097,16.809,159745,1.744,0.567,0.586,7.68,24.484,29.976,0.477,1.613,14.008,1,335.906,263.173,342.145,1.548,1.365,1.109,1057.335,194.891,35859.363,8.908,30.171,4.37,104.171,128.096,167.579,75.283,2.038
5.195,1.551,0.574,1.263,12.73,304.036,23.883,179853,3.35,0.813,0.886,11.191,30.225,106.305,0.783,1.485,21.352,2,364.717,235.504,381.919,4.136,2.057,1.769,1162.283,443.131,40198.484,11.423,36.025,4.902,117.752,130.414,185.737,90.102,2.37
4.467,1.407,0.313,2.173,10.041,778.19,77.499,180129,3.174,0.807,0.559,5.223,27.259,247.39,0.835,1.318,34.46,1,363.51,242.935,377.177,3.42,1.919,1.707,1104.463,348.708,38583.099,8.811,30.217,3.636,112.239,125.53,178.493,83.482,1.875
4.084,1.521,0.482,0.96,13.939,323.595,23.215,215955,2.684,0.759,0.88,8.734,31.501,100.616,0.768,1.46,19.536,1,366.142,249.34,368.132,3.042,2.016,1.704,1279.885,520.417,39897.097,11.267,37.242,5.727,123.024,130.302,186.347,85.133,2.589
7.399,1.897,0.632,2.641,13.656,165.278,12.103,32127,3.901,0.883,1.448,11.571,35.689,82.185,0.972,1.787,11.342,2,386.356,227.426,398.897,5.592,1.991,2.081,906.336,590.048,37540.974,8.917,27.242,3.848,107.003,123.878,166.385,95.398,2.625
2.131,1.196,0.518,1.184,19.475,595.287,30.567,78454,1.781,0.628,1.308,2.676,31.447,161.728,0.717,1.091,30.016,1,346.222,265.037,358.908,1.078,1.022,1.292,1017.684,604.978,35975.44,8.176,24.682,7.215,107.831,120.198,160.629,83.957,3.906
5.983,1.023,0.437,0.956,13.205,613.803,46.484,176417,5.851,1.064,1.43,10.49,34.312,208.683,1.35,0.943,37.859,3,416.946,190.218,446.485,5.3,3.279,3.025,1320.03,823.513,44008.487,12.564,36.688,6.842,128.73,130.657,195.123,116.43,1.972
7.78,1.862,0.393,1.68,17.428,299.82,17.204,226932,4.179,0.942,1.268,5.628,32.888,142.546,1.112,1.713,22.211,2,390.27,221.308,408.254,6.478,2.544,2.191,1378.695,757.191,43738.591,11.861,38.494,8.93,132.139,122.386,205.31,101.028,3.359
5.361,1.577,0.566,2.069,19.303,308.37,15.975,180774,3.399,0.823,0.726,9.057,31.247,88.841,0.922,1.5,25.879,2,369.074,231.729,380.201,4.138,2.101,2.032,1113.381,360.9,38180.527,9.977,31.034,8.251,115.236,125.572,179.502,88.831,3.481
7.621,1.891,0.763,2.681,18.524,428.225,23.117,120968,4.031,0.902,1.274,4.229,30.549,160.274,0.986,1.793,30.828,2,385.048,222.021,399.805,5.944,2.245,2.189,1109.327,606.967,39472.789,8.457,28.982,7.584,126.017,132.286,196.9,100.055,3.138
2.314,1.021,0.603,2.943,10.504,115.252,10.972,109542,2.266,0.698,1.407,4.674,31.523,46.454,0.645,0.9,11.973,1,356.846,249.631,366.098,1.453,1.437,1.579,1097.977,657.153,39541.669,9.362,27.858,4.019,110.077,123.435,168.019,90.172,1.578
4.513,1.81,0.245,1.767,13.952,652.526,46.768,192348,2.493,0.696,1.436,1.298,35.132,165.489,0.629,1.714,29.725,1,351.975,256.365,363.971,3.121,1.668,1.581,1353.469,840.522,42217.462,9.772,33.624,6.347,130.621,115.303,204.164,89.29,2.529
3.561,1.43,0.476,0.933,12.173,321.962,26.449,193072,2.491,0.682,1.12,11.685,30.298,108.425,0.655,1.359,18.946,1,355.63,248.486,371.354,2.476,1.896,1.483,1248.81,612.821,41346.788,12.679,36.489,5.609,124.681,122.32,193.273,87.844,2.165
6.385,1.75,0.734,2.448,12.798,697.634,54.51,163552,3.649,0.861,0.554,9.948,27.573,219.731,0.954,1.666,30.467,2,366.427,228.907,384.102,4.989,2.206,1.961,1053.775,308.335,35728.837,9.799,31.662,3.88,107.182,130.552,172.412,88.1,2.071
7.888,1.913,0.257,2.043,12.33,661.841,53.679,94122,4.123,0.916,0.348,2.033,29.172,240.079,0.948,1.84,37.318,2,377.809,224.694,393.811,6.177,1.98,2.119,854.087,182.406,36073.963,5.171,19.213,3.383,97.132,139.278,148.849,88.163,2.203
3.539,1.572,0.793,1.785,17.916,562.981,31.423,233534,2.251,0.695,0.477,11.995,26.988,152.881,0.723,1.501,29.527,1,342.391,256.62,356.954,2.4,1.832,1.345,1277.155,242.867,40065.399,11.961,38.04,7.615,120.231,126.225,179.02,79.179,3.418
5.925,1.181,0.769,1.48,13.426,327.412,24.387,151413,5.018,1.055,1.459,7.655,40.778,138.205,1.216,1.062,26.773,3,402.285,198.479,426.999,4.935,2.692,2.695,1218.906,776.317,42747.774,11.135,34.21,6.35,125.222,126.915,196.561,106.254,2.683
3.189,1.269,0.247,1.905,14.284,461.422,32.303,203908,2.513,0.682,0.855,10.391,32.929,121.715,0.68,1.173,26.13,1,348.447,251.813,360.868,2.245,1.826,1.429,1234.457,439.26,41280.676,11.507,36.355,5.483,116.213,126.562,181.474,81.546,2.571
5.392,1.199,0.76,1.545,19.789,411.38,20.788,77147,4.498,0.963,1.326,1.733,36.324,124.784,1.202,1.059,22.506,2,398.694,214.598,420.899,4.278,2.2,2.568,1037.746,546.437,40635.874,7.318,23.296,7.653,115.043,133.044,174.758,97.687,3.547
4.784,1.247,0.418,2.465,8.72,337.217,38.673,105688,3.837,0.897,0.858,5.284,31.515,118.389,0.808,1.141,26.054,2,374.927,232.853,388.57,3.668,2.066,2.126,1007.206,396.569,35490.812,7.971,25.534,3.268,110.433,131.632,169.866,90.294,1.668
7.832,1.306,0.707,1.997,13.855,693.695,50.066,222407,5.995,1.155,1.093,8.366,38.637,248.706,1.358,1.206,37.721,5,416.344,186.318,436.061,7.007,3.327,3.099,1364.004,681.016,45300.526,11.366,37.913,6.814,133.219,138.205,207.266,109.201,2.694
5.651,1.555,0.451,2.729,17.289,438.455,25.361,41023,3.634,0.896,0.329,2.171,27.798,146.758,0.803,1.418,27.497,2,374.822,229.199,387.391,4.348,1.7,1.887,714.184,131.813,31905.818,4.151,14.799,4.088,94.716,129.461,145.292,84.285,3.139
4.097,1.588,0.465,1.996,9.814,682.906,69.585,142709,2.58,0.738,0.6,6.378,31.41,170.258,0.791,1.478,33.493,1,354.71,255.925,358.121,2.754,1.71,1.654,1026.739,295.427,36552.028,7.999,28.419,2.795,109.126,122.235,164.703,81.156,1.819
2.685,1.426,0.581,1.324,15.338,173.653,11.321,135975,1.882,0.619,0.824,5.869,30.574,39.401,0.673,1.412,15.112,1,333.971,263.889,356.296,1.499,1.392,1.233,1062.227,380.688,37313.779,8.434,29.137,5.953,102.84,116.572,158.604,79.818,2.656
2.907,1.615,0.665,2.672,10.874,198.717,18.275,195270,1.8,0.583,1.057,3.376,28.924,57.461,0.464,1.535,21.422,1,348.506,266.406,353.785,1.636,1.404,1.077,1250.16,549.59,40410.173,9.791,32.998,5.201,119.329,123.247,188.498,77.621,1.894
3.352,1.082,0.22,2.026,18.409,784.124,42.595,92016,3.099,0.783,0.506,4.303,31.698,232.337,0.749,0.986,38.773,1,367.433,238.826,375.382,2.523,1.627,1.746,871.757,203.432,33120.76,6.057,21.625,5.865,101.538,127.895,155.937,82.983,3.171
3.506,1.088,0.556,1.255,11.925,511.438,42.887,78194,3.223,0.815,1.217,11.638,31.752,128.407,0.75,0.998,29.259,1,376.404,239.105,383.237,2.609,1.888,1.856,962.355,554.82,36804.984,9.874,28.164,3.945,113.129,128.007,176.197,90.203,1.903
7.104,1.172,0.312,2.172,11.949,456.839,38.233,233749,6.062,1.133,0.737,4.175,32.014,203.658,1.375,1.028,22.562,5,419.163,185.137,438.911,6.398,3.271,3.12,1323.728,458.923,42409.298,9.832,35.577,4.967,122.786,135.688,189.592,103.622,1.888
5.367,1.518,0.408,1.587,15.178,466.209,30.715,155776,3.536,0.858,1.281,3.348,35.371,145.102,0.92,1.335,31.993,2,372.043,229.183,391.65,4.064,2.005,2.151,1213.495,644.842,42849.666,9.797,31.975,6.135,118.973,125.423,179.468,95.769,2.521
5.14,1.214,0.409,2.658,10.203,250.688,24.571,53031,4.234,0.946,0.418,6.898,30.849,103.799,1.054,1.132,19.216,2,380.195,222.259,394.655,3.955,1.979,2.293,749.903,167.87,30560.658,5.235,19.157,2.903,91.955,131.811,142.105,89.854,1.638
2.689,1.283,0.481,1.797,11.419,603.093,52.816,72467,2.095,0.647,1.116,8.381,31.427,124.94,0.623,1.165,30.828,1,343.075,260.392,364.311,1.564,1.201,1.35,985.301,516.19,37621.553,8.773,26.825,3.543,107.936,119.166,165.52,84.041,2.082
7.161,1.4,0.4,2.398,13,159.346,12.258,249741,5.114,1.041,0.652,8.976,36.739,120.126,1.145,1.294,23.006,3,395.103,203.303,417.355,6.278,2.994,2.627,1406.359,440.574,45604.897,11.819,40.584,5.918,127.216,129.169,200.219,99.78,2.41
6.337,1.812,0.264,1.01,12.244,501.327,40.946,73033,3.497,0.812,1.254,9.297,31.312,161.079,0.989,1.707,31.018,2,371.055,239.227,394.022,4.67,1.874,2.038,971.413,572.387,37661.326,8.245,26.119,3.439,111.509,123.041,177.78,93.571,2.082
2.406,1.014,0.287,1.671,14.299,499.538,34.936,164304,2.373,0.67,0.783,1.405,28.882,113.869,0.713,0.933,21.768,1,348.034,253.878,365.621,1.774,1.539,1.512,1152.008,364.889,36620.79,8.307,29.776,6.033,108.632,122.21,171.906,83.192,2.382
6.247,1.649,0.22,2.963,15.196,739.932,48.694,122428,3.787,0.846,1.098,5.331,35.688,230.09,0.856,1.486,34.235,2,379.815,229.255,392.981,4.745,2.153,2.033,1063.042,523.183,39174.133,8.501,28.447,5.911,115.157,119.82,175.552,92.857,3.133
5.261,1.669,0.482,2.579,14.8,468.328,31.644,224831,3.153,0.83,1.421,9.514,34.985,147.742,0.841,1.546,27.182,1,369.178,239.289,387.917,4.066,2.182,1.948,1449.985,885.832,45730.426,13.157,40.865,8.088,129.668,125.237,196.334,92.011,2.533
2.49,1.503,0.773,1.152,15.85,195.944,12.362,196137,1.657,0.555,0.325,10.953,24.555,62.998,0.465,1.459,23.434,1,331.115,263.271,336.767,1.399,1.418,1.176,1090.195,182.985,36024.558,9.394,33.137,4.976,103.827,126.338,154.877,71.29,2.725
4.75,1.933,0.269,1.411,11.693,500.927,42.84,161329,2.458,0.727,0.313,7.624,26.064,135.248,0.866,1.82,28.806,1,346.205,257.441,357.132,3.063,1.562,1.382,1005.24,136.5,35982.918,8.786,27.598,4.7,102.614,126.647,159.73,76.392,1.781
4.908,1.02,0.768,1.526,9.517,163.929,17.225,32362,4.811,0.961,1.224,1.575,33.37,94.349,1.182,0.849,24.286,3,404.844,204.13,418.706,3.904,2.246,2.575,920.83,485.472,37901.922,5.218,18.925,3.624,105.055,124.207,159.999,101.751,1.78
2.995,1.154,0.64,2.231,17.13,242.656,14.166,223554,2.596,0.723,1.076,5.363,29.498,63.866,0.747,1.021,22.577,1,366.131,245.898,367.227,2.343,1.975,1.817,1348.223,634.32,41200.979,10.935,35.891,8.687,121.47,129.997,183.827,84.411,3.415
7.674,1.886,0.582,2.465,18.209,121.776,6.688,127826,4.069,0.945,0.652,1.816,32.426,77.652,1.203,1.807,18.604,2,377.949,218.53,397.961,5.953,2.134,2.184,994.992,282.338,36436.929,6.591,24.312,6.401,113.061,134.175,183.092,92.059,3.221
7.1,1.459,0.587,2.449,11.084,459.306,41.438,234947,4.868,1.001,0.893,9.234,33.746,160.911,1.285,1.283,28.07,3,397.898,213.332,412.956,6.308,2.913,2.442,1344.449,545.939,45710.734,12.09,39.593,5.327,120.626,123.375,188.915,100.295,1.899
6.014,1.565,0.696,1.922,12.885,159.173,12.353,139018,3.844,0.857,0.35,1.699,30.24,61.442,0.946,1.507,23.977,2,369.328,224.268,392.487,4.772,1.962,2.004,952.339,119.128,33636.865,6.328,24.099,4.403,101.494,131.185,158.66,84.035,2.364
4.774,1.663,0.264,2.584,13.983,428.576,30.65,182729,2.871,0.746,0.531,3.043,27.394,126.394,0.764,1.594,21.807,1,360.05,243.912,365.197,3.472,1.816,1.756,1094.77,299.628,37224.909,8.291,29.364,4.901,109.788,125.525,171.317,80.179,2.562
4.471,1.679,0.503,1.762,14.4,753.062,52.296,45244,2.663,0.765,0.809,5.587,30.278,189.648,0.775,1.578,36.605,1,354.114,247.189,363.22,2.862,1.326,1.698,805.117,230.847,32082.972,5.927,21.179,3.623,102.864,123.578,165.915,81.529,2.069
5.906,1.932,0.618,1.073,15.914,603.833,37.944,193933,3.057,0.781,1.301,6.089,28.465,199.713,0.767,1.773,28.337,1,365.195,242.57,381.861,4.425,2.054,1.773,1330.164,776.703,44608.787,10.693,38.133,7.522,126.944,127.395,196.096,87.771,2.955
5.273,1.997,0.552,2.042,8.499,154.188,18.141,104359,2.64,0.738,0.876,5.471,30.643,81.703,0.914,1.879,16.278,1,364.288,250.049,367.104,3.451,1.539,1.631,985.846,373.839,34661.926,7.71,25.606,2.808,106.29,126.134,167.221,86.718,1.879
2.374,0.93,0.7,2.895,16.658,256.947,15.425,107298,2.551,0.716,1.004,6.097,32.956,69.672,0.668,0.856,24.358,1,350.537,246.752,369.597,1.628,1.525,1.561,1013.963,416.231,35066.723,7.812,28.02,6.27,107.309,125.989,169.942,85.38,2.979
5.075,1.287,0.243,2.545,8.744,571.564,65.369,56104,3.943,0.883,1.349,8.846,31.136,166.864,1.065,1.2,27.17,2,374.641,225.887,403.259,4.016,2.041,2.305,945.375,570.577,38267.69,7.787,25.47,2.715,115.039,125.14,185.742,101.097,1.512
6.838,1.88,0.614,2.073,13.619,726.291,53.327,62308,3.638,0.835,0.671,5.062,31.664,224.104,0.985,1.755,34.627,2,375.128,225.235,381.572,5.046,1.832,1.929,808.928,279.18,33063.032,6.398,19.997,3.122,97.142,133.085,150.565,87.901,2.59
4.755,1.049,0.52,2.223,17.932,123.043,6.862,70866,4.532,0.976,1.141,7.025,33.052,70.141,1.099,0.96,17.513,2,391.52,214.67,417.348,3.859,2.357,2.514,961.144,523.652,35638.915,7.474,25.345,5.321,111.383,128.656,177.582,98.472,3.329
2.312,1.231,0.427,2.847,13.415,668.716,49.85,102205,1.878,0.63,1.334,4.337,32.502,190.077,0.768,1.148,24.168,1,344.557,266.626,356.211,1.224,1.31,1.491,1066.431,647.699,38680.248,9.227,27.084,4.626,113.33,119.163,168.347,82.404,2.409
6.718,1.897,0.404,1.742,9.789,493.27,50.39,226233,3.54,0.828,0.543,4.89,30.422,146.797,0.793,1.809,29.076,2,380.087,231.293,385.374,5.293,2.347,1.707,1239.889,290.349,38761.965,10.457,31.461,4.611,118.297,132.434,191.829,84.55,1.9
3.208,1.256,0.572,1.529,19.82,482.264,24.332,111017,2.554,0.74,0.728,7.752,30.6,142.354,0.766,1.146,27.395,1,356.169,251.357,373.728,2.22,1.568,1.59,959.622,324.341,36471.267,8.455,25.588,6.397,110.014,123.884,172.213,80.573,3.71
3.552,1.221,0.735,2.95,18.671,770.469,41.265,189359,2.91,0.795,1.476,6.395,33.571,216.891,0.809,1.081,28.711,1,366.898,240.002,386.868,2.844,2.094,1.946,1383.355,840.805,45770.446,11.176,35.269,9.189,130.941,113.652,205.98,89.982,3.082
2.988,1.138,0.498,2.7,17.256,623.351,36.124,48204,2.626,0.76,1.48,8.953,35.694,162.373,0.873,1.073,28.527,1,359.227,245.471,376.363,1.872,1.529,1.593,995.536,647.344,37527.636,9.523,24.859,5.176,111.153,114.183,167.152,90.364,2.832
3.981,1.859,0.695,1.511,12.938,695.083,53.724,160041,2.142,0.636,0.568,7.166,28.601,187.977,0.673,1.791,26.501,1,346.009,257.935,348.435,2.326,1.524,1.239,1056.818,282.779,35868.547,7.856,28.49,4.867,112.088,133.791,168.343,75.656,2.054
6.541,1.5,0.441,1.82,10.206,347.797,34.077,136016,4.36,0.921,0.38,9.839,29.163,147.722,0.921,1.451,26.575,2,375.349,225.03,395.055,5.291,2.337,2.208,954.984,175.174,34643.62,7.961,26.408,3.43,108.951,137.203,166.29,91.824,1.523
5.116,1.675,0.261,1.713,19.297,488.055,25.292,245150,3.055,0.815,0.625,5.877,30.476,146.095,0.976,1.592,31.625,1,359.171,244.554,379.353,3.882,2.135,1.694,1321.974,329.704,40589.677,11.118,35.407,9.524,123.867,132.237,192.073,84.959,3.617
3.229,1.239,0.237,1.128,14.388,530.784,36.89,216165,2.606,0.705,0.777,6.401,28.826,150.601,0.779,1.138,30.636,1,354.536,249.951,365.057,2.421,1.902,1.481,1291.257,431.354,42957.865,10.858,33.8,6.58,119.232,130.605,183.791,81.806,2.729
7.267,1.758,0.231,2.907,18.228,325.109,17.835,130062,4.134,0.869,0.829,8.37,32.075,109.265,0.911,1.673,26.573,2,383.55,222.701,400.215,5.811,2.198,2.175,1047.896,443.062,38894.199,8.676,27.8,7.067,108.654,124.951,166.773,94.837,3.346
7.277,1.76,0.428,1.689,12.105,499.174,41.237,200531,4.135,0.949,1.043,3.434,32.719,186.571,1.046,1.707,26.722,2,384.285,227.874,398.897,6.1,2.467,2.367,1304.894,614.375,42400.763,9.861,33.477,6.501,117.12,127.232,180.748,94.265,2.48
7.223,1.313,0.402,2.726,12.023,265.659,22.095,72468,5.503,1.037,1.379,5.245,34.612,148.454,1.138,1.155,24.432,3,410.079,198.645,439.406,6.02,2.589,3.02,1005.47,606.708,38478.218,8.128,24.861,4.251,116.608,125.665,171.403,107.549,2.061
3.433,1.411,0.631,1.217,19.826,200.363,10.106,153713,2.433,0.696,0.696,7.873,29.536,53.25,0.708,1.355,19.766,1,354.448,248.855,366.458,2.153,1.671,1.568,1052.036,328.095,35508.049,9.081,29.815,8.067,111.655,134.734,174.771,80.203,3.41
4.707,1.21,0.646,2.005,14.262,361.779,25.367,46416,3.891,0.883,1.32,1.318,33.987,126.431,1.005,1.092,25.132,2,376.639,224.602,407.546,3.572,1.904,2.297,938.569,560.853,36848.133,6.362,21.397,4.747,105.914,121.937,163.487,98.284,2.552
7.91,1.977,0.231,0.853,9.688,617.503,63.737,106579,4.002,0.932,0.412,5.807,32.955,221.183,1.022,1.842,34.036,2,375.044,226.768,391.195,6.175,2.128,2.274,898.892,149.484,34833.898,7.436,21.668,2.781,102.634,139.666,162.887,87.679,1.96
6.632,1.646,0.333,2.481,10.636,741.331,69.7,79689,4.03,0.889,0.35,7.587,29.236,215.327,0.971,1.516,37.615,2,373.974,226.203,395.446,5.068,1.964,2.258,816.627,113.805,34010.33,6.064,19.813,2.986,95.196,131.225,145.65,90.126,1.786
2.163,1.327,0.365,2.078,13.783,420.4,30.501,188160,1.63,0.597,0.905,11.641,24.821,112.071,0.446,1.23,23.729,1,342.427,272.288,346.327,1.231,1.45,1.164,1177.519,449.992,38258.668,11.914,37.267,5.427,117.561,121.011,180.731,78.639,2.842
2.391,1.126,0.529,2.176,8.51,549.977,64.63,137819,2.123,0.663,0.372,10.647,26.72,141.031,0.698,1.069,24.18,1,340.102,261.378,354.695,1.552,1.522,1.389,994.104,165.586,33224.013,8.679,28.182,2.726,99.338,132.011,154.607,76.393,1.506
4.784,1.782,0.287,0.914,13.55,172.126,12.703,195235,2.685,0.739,0.771,4.088,26.703,83.93,0.625,1.718,18.698,1,357.783,249.979,368.296,3.413,1.76,1.63,1215.682,464.381,38854.18,9.915,31.261,5.479,114,127.156,179.436,81.937,2.519
7.455,1.766,0.28,1.264,13.027,733.125,56.276,143364,4.222,0.909,1.376,6.579,35.238,232.669,1.041,1.591,33.304,2,391.088,221.638,406.099,6.039,2.324,2.344,1172.537,711.263,42195.63,9.674,30.867,5.195,122.693,125.719,194.777,101.732,2.336
5.232,1.692,0.766,0.964,17.352,498.023,28.701,49026,3.093,0.771,0.59,1.621,26.265,167.39,0.691,1.626,28.389,1,354.23,239.385,380.403,3.632,1.49,1.724,783.031,208.029,31957.139,5.268,16.182,5.111,92.224,137.489,142.784,81.641,3.026
4.987,1.966,0.683,1.436,12.259,646.237,52.714,191780,2.537,0.726,1.147,3.648,29.32,167.713,0.761,1.858,33.558,1,356.876,247.049,369.975,3.449,1.78,1.683,1275.436,641.331,43305.236,10.662,33.532,4.622,125.255,115.257,195.86,85.063,2.354
2.633,1.394,0.308,2.18,19.791,656.109,33.153,213310,1.889,0.615,0.663,9.523,27.31,148.28,0.608,1.318,25.12,1,333.665,266.466,348.113,1.522,1.626,1.328,1230.619,313.507,39854.261,10.619,36.142,8.668,114.972,119.378,178.339,76.841,2.847
5.941,1.131,0.444,2.046,10.169,279.536,27.488,228776,5.254,1.074,0.354,2.356,35.389,129.064,1.296,1.048,21.271,3,399.514,201.268,420.544,5.191,2.893,2.701,1223.308,196.813,42318.255,9.262,29.472,4.414,113.275,138.145,174.401,94.245,1.752
6.933,1.672,0.413,2.147,15.092,470.422,31.171,155838,4.147,0.916,0.968,3.835,30.714,164.868,1.11,1.612,24.531,2,381.405,223.519,399.904,5.545,2.327,2.235,1152.293,481.825,37939.456,8.368,28.595,6.779,115.266,133.902,170.972,94.063,2.847
4.283,1.729,0.675,2.008,9.076,772.336,85.093,195788,2.476,0.709,1.302,11.384,31.74,206.763,0.821,1.63,37.897,1,362.341,255.167,371.764,2.864,1.901,1.558,1326.199,724.421,40528.228,12.264,40.355,4.03,127.206,118.84,197.993,88.818,1.304
6.654,1.575,0.506,1.401,16.806,162.744,9.683,195449,4.224,0.917,0.791,10.062,33.332,93.552,0.918,1.429,19.112,2,383.23,221.57,401.648,5.47,2.524,2.115,1192.989,459.48,41767.425,11.345,34.883,7.583,117.801,135.056,178.948,92.539,2.861
7.787,1.207,0.277,1.338,19.937,578.135,28.998,64264,6.452,1.176,1.041,9.6,39.245,225.877,1.431,1.065,29.619,5,423.47,182.335,451.262,6.681,3.039,3.298,946.791,471.524,36044.059,8.048,24.411,6.177,112.689,130.068,178.15,114.58,3.459
3.223,1.504,0.643,1.102,17.83,773.585,43.388,66128,2.142,0.654,1.38,10.51,32.92,171.239,0.823,1.423,35.569,1,357.156,254.744,373.193,1.814,1.38,1.479,980.243,560.775,37609.891,9.11,26.397,5.89,107.634,123.163,163.361,86.126,3.102
5.14,1.312,0.438,2.668,14.668,310.404,21.161,45594,3.917,0.87,1.248,9.246,35.619,123.575,0.991,1.219,21.461,2,379.497,225.753,397.119,3.99,1.923,2.121,913.274,477.343,36454.621,8.655,24.539,4.897,107.531,129.696,164.4,97.046,2.482
3.723,1.427,0.358,2.156,13.817,703.014,50.881,100380,2.608,0.753,0.533,2.326,30.896,181.091,0.722,1.366,32.542,1,355.849,246.786,365.181,2.503,1.481,1.574,909.751,198.394,34547.47,5.372,19.473,4.703,100.453,124.031,152.415,80.15,2.267
6.757,1.645,0.425,1.21,18.02,753.56,41.817,134171,4.107,0.921,1.18,6.682,31.352,227.167,1.037,1.509,39.964,2,387.599,224.269,404.745,5.294,2.34,2.331,1142.96,594.04,39756.38,9.503,29.738,7.076,125.072,128.046,195.995,97.641,3.194
5.466,1.745,0.499,1.19,19.232,622.96,32.392,249537,3.132,0.804,0.902,5.887,31.972,204.267,0.839,1.604,36.147,1,363.932,233.236,375.623,4.171,2.23,1.702,1402.045,564.441,42743.404,11.563,36.44,9.549,123.645,125.813,190.437,88.309,3.596
5.807,1.232,0.406,2.721,19.87,261.93,13.182,124818,4.713,0.988,1.195,4.423,36.331,142.886,1.052,1.123,21.277,3,391.442,214.824,416.679,4.885,2.497,2.53,1092.284,593.265,38392.018,8.563,28.375,7.514,120.224,131.872,188.62,100.498,3.617
6.787,1.405,0.345,2.434,12.758,333.801,26.163,189773,4.83,1.011,0.893,10.174,31.788,129.679,1.245,1.252,23.84,3,400.838,212.497,411.607,5.778,2.712,2.671,1221.946,468.529,41863.408,11.566,34.573,5.852,122.396,137.815,179.033,94.088,2.475
4.376,1.269,0.439,2.251,19.891,125.067,6.288,182547,3.448,0.82,0.454,6.106,28.494,66.937,0.951,1.206,16.549,2,368.598,234.721,389.56,3.567,2.002,1.812,1111.811,236.029,38776.267,8.477,28.268,7.667,115.152,128.238,186.463,81.751,3.527
7.491,1.199,0.212,1.695,9.871,682.017,69.092,74986,6.249,1.072,0.984,1.663,33.199,249.07,1.214,1.094,27.563,4,419.237,184.223,448.218,6.51,2.909,3.116,944.481,426.432,36237.034,6.141,22.411,3.152,113.657,135.782,172.127,109.641,1.999
5.198,1.783,0.663,1.376,11.043,694.728,62.913,42871,2.915,0.792,0.891,4.025,32.613,195.282,0.838,1.67,35.645,1,362.35,242.177,374.081,3.469,1.463,1.748,821.506,364.921,32661.622,4.995,19.703,3.671,99.293,127.622,156.978,87.071,1.706
2.948,1.489,0.303,2.955,9.068,542.897,59.868,150121,1.98,0.61,0.922,3.515,28.864,135.259,0.563,1.4,35.275,1,348.881,256.616,362.4,1.874,1.414,1.284,1137.775,481.052,39375.501,9.074,29.651,3.716,108.77,121.419,170.594,84.236,1.867
6.175,1.37,0.226,2.554,11.261,346.769,30.794,184067,4.507,0.977,1.355,10.762,34.495,110.569,0.995,1.244,23.245,2,395.118,219.538,412.11,5.295,2.69,2.56,1320.125,749.403,42494.803,12.024,36.031,5.537,123.943,134.279,194.959,101.618,2.205
6.76,1.751,0.592,1.464,17.215,153.768,8.932,249615,3.86,0.847,1.374,8.122,31.098,74.684,0.842,1.61,16.782,2,384.168,225.295,406.579,5.365,2.592,2.266,1509.247,853.389,49766.263,13.131,41.359,10.343,135.556,125.066,206.841,97.196,2.742
3.901,1.897,0.664,2.665,18.235,627.14,34.392,108894,2.056,0.637,0.844,7.164,28.889,167.278,0.539,1.771,29.409,1,349.582,262.22,357.737,2.224,1.39,1.419,980.052,367.037,36274.696,8.124,27.292,5.262,108.952,117.503,167.52,80.199,3.351
7.143,1.846,0.688,2.47,17.347,608.568,35.083,227200,3.869,0.846,0.847,6.573,30.41,180.986,0.951,1.743,30.855,2,384.264,226.023,387.37,5.707,2.425,2.074,1318.269,482.59,42157.765,11.521,37.298,7.49,126.097,131.571,197.044,92.69,3.072
7.437,1.183,0.496,1.454,15.573,738.822,47.443,114025,6.287,1.131,0.918,8.151,35.73,285.313,1.344,1.058,31.587,5,421.878,183.552,447.858,6.461,2.994,3.199,1034.915,414.676,39131.924,9.385,28.843,5.177,112.998,142.984,175.163,110.542,2.754
3.661,1.956,0.323,1.738,14.168,611.372,43.153,181670,1.872,0.625,0.924,9.304,26.909,150.464,0.541,1.91,28.409,1,337.574,264.928,354.004,2.003,1.578,1.326,1183.667,462.08,40319.462,10.004,33.838,5.443,116.057,121.924,176.252,78.672,2.536
7.901,1.377,0.642,1.209,16.504,680.086,41.206,161615,5.739,1.043,1.44,7.098,36.629,233.951,1.229,1.212,36.217,3,412.501,188.628,443.692,6.772,3.089,2.988,1279.644,825.159,44327.154,10.818,34.273,8.104,132.112,135.164,207.067,108.499,2.804
2.844,1.339,0.62,1.044,12.69,622.168,49.028,41655,2.124,0.647,1.079,11.321,29.208,173.022,0.714,1.276,30.526,1,346.257,255.46,359.828,1.66,1.209,1.333,838.542,365.176,31574.672,7.576,23.935,2.391,99.905,119.11,163.987,83.213,2.44
3.212,1.062,0.348,2.39,18.096,541.481,29.923,47245,3.023,0.816,0.633,11.745,27.827,135.139,0.904,0.937,32.613,1,357.01,243.197,371.68,2.151,1.545,1.755,767.469,278.795,32408.737,7.058,19.984,5.102,89.43,131.077,136.929,83.664,3.239
3.105,1.486,0.742,1.389,16.126,398.876,24.735,34568,2.089,0.647,0.938,11.949,26.858,118.64,0.732,1.357,25.653,1,340.259,255.545,354.371,1.696,1.275,1.304,757.082,302.908,33722.743,7.601,22.311,3.507,102.25,115.648,160.44,77.703,2.65
7.364,1.109,0.263,2.604,16.374,731.482,44.674,111583,6.64,1.195,1.053,8.363,34.193,267.061,1.447,0.962,31.799,5,437.439,176.648,457.48,6.37,3.299,3.293,1063.721,527.92,38518.724,8.374,30.657,6.109,113.193,134.979,176.36,115.275,2.908
5.926,1.249,0.79,2.99,14.431,555.678,38.505,194076,4.746,1.022,1.068,11.259,34.125,208.965,1.311,1.096,28.253,3,398.22,207.405,425.073,5.167,2.645,2.587,1272.106,589.522,43699.928,11.946,36.582,6.555,123.903,132.8,190.567,102.495,2.471
2.913,1.317,0.716,0.969,18.623,378.849,20.343,68006,2.212,0.701,1.002,5.449,30.663,120.895,0.741,1.18,25.02,1,347.738,254.593,357.053,1.734,1.313,1.43,901.745,366.183,35909.144,7.025,20.983,6.331,105.984,125.69,167.5,83.625,3.445
4.642,1.809,0.613,1.841,11.024,158.429,14.371,163287,2.566,0.75,0.513,10.456,29.588,61.558,0.744,1.787,15.591,1,351.196,255.861,360.689,3.219,1.724,1.529,1043.208,247.481,36873.468,9.778,30.892,3.892,106.442,130.128,168.156,78.31,1.706
5.692,1.875,0.763,2.565,12.574,303.493,24.137,93542,3.035,0.77,0.34,11.001,29.212,85.941,0.837,1.787,18.909,1,350.884,238.291,370.965,4.019,1.704,1.538,833.962,114.785,32801.706,7.422,22.51,3.584,99.827,135.487,152.533,80.769,2.654
2.501,1.302,0.633,2.536,17.332,480.609,27.73,205338,1.92,0.652,0.705,10.946,27.133,104.11,0.548,1.291,23.048,1,346.244,258.34,344.853,1.589,1.639,1.242,1213.342,385.991,40339.587,10.419,35.531,6.335,123.181,117.812,196.662,75.109,3.123
7.294,1.859,0.314,2.472,13.913,292.945,21.055,205647,3.925,0.919,0.813,10.139,34.401,89.525,1.007,1.723,24.548,2,370.973,226.386,397.824,5.853,2.398,1.983,1247.311,457.467,41674.311,11.45,37.037,7.214,117.923,136.954,182.823,89.457,2.233
6.822,1.857,0.465,1.568,18.671,254.865,13.651,200591,3.673,0.892,0.374,5.473,29.31,112.422,1.023,1.72,20.839,2,371.896,234.668,380.144,5.486,2.231,1.893,1153.249,195.07,40952.282,8.418,31.319,7.689,111.906,130.897,177.756,85.003,3.309
5.031,1.765,0.243,1.798,12.157,469.175,38.594,145463,2.851,0.723,1.278,2.748,32.688,136.381,0.822,1.694,30.169,1,356.746,251.456,373.711,3.486,1.737,1.727,1189.338,667.46,42162.148,8.743,29.508,5.28,119.15,116.552,186.06,87.289,2.053
7.803,1.147,0.434,2.109,12.432,218.874,17.606,92604,6.805,1.227,0.713,4.674,35.249,134.853,1.475,0.998,19.691,5,427.955,179.895,453.714,6.637,3.193,3.466,938.774,350.005,37025.89,6.799,23.553,4.621,109.609,145.26,170.052,110.92,2.057
4.507,1.69,0.645,2.943,18.665,660.287,35.376,208077,2.666,0.755,1.396,9.44,33.399,180.387,1.013,1.578,24.156,1,366.924,247.033,368.848,3.169,2.048,1.756,1396.504,842.693,46523.463,12.456,37.685,9.089,127.356,117.035,197.369,90.315,3.403
7.905,1.945,0.432,1.521,13.572,439.058,32.349,70942,4.064,0.931,0.485,3.562,30.69,167.979,1.038,1.81,26.31,2,371.47,225.317,400.306,6.005,1.906,2.169,803.025,178.063,33462.241,4.869,19.096,4.027,96.476,139.717,152.242,87.637,2.875
6.008,1.683,0.398,2.831,14.193,501.704,35.347,93747,3.571,0.815,0.368,6.261,30.037,170.678,0.772,1.601,32.744,2,367.357,229.395,385.057,4.59,1.805,1.856,850.405,170.068,30537.059,6.383,21.081,4.582,95.777,122.767,144.054,88.295,2.918
5.808,1.332,0.557,1.393,11.993,203.168,16.94,70468,4.362,0.915,0.879,7.219,32.476,102.42,1.149,1.182,20.842,2,389.808,215.973,410.191,4.603,2.175,2.305,894.679,373.267,34831.948,7.311,20.504,3.018,103.866,127.387,162.477,94.88,2.173
2.996,1.501,0.723,2.976,11.32,327.203,28.905,178326,1.996,0.665,0.527,7.642,29.718,95.64,0.714,1.424,18.725,1,343.061,254.933,353.569,1.918,1.587,1.364,1085.17,256.331,36341.355,9.206,29.439,4.565,107.53,129.249,171.912,75.723,1.866
7.292,1.646,0.229,2.275,15.871,387.063,24.387,180971,4.431,0.947,1.425,11.293,33.429,146.877,1.108,1.499,20.593,2,394.281,219.84,413.9,6.01,2.626,2.382,1311.004,852.061,44702.202,11.696,37.904,8.32,121.216,129.708,189.927,102.731,2.87
4.565,1.511,0.431,1.82,9.438,665.749,70.539,173552,3.022,0.774,0.312,8.276,25.001,199.946,0.797,1.443,35.335,1,359.503,242.269,370.114,3.402,1.871,1.598,1074.431,160.569,36244.023,8.798,29.965,4.423,106.006,120.193,157.323,81.781,1.837
2.973,1.12,0.295,2.149,18.551,639.112,34.451,121432,2.655,0.758,0.795,9.649,28.332,180.05,0.828,1.046,28.588,1,353.297,250.53,372.005,2.109,1.682,1.688,1041.958,411.707,37745.127,9.194,28.064,7.531,107.079,123.728,160.44,82.457,3.356
2.076,1.115,0.617,1.4,17.35,256.084,14.76,52037,1.862,0.589,1.412,7.401,32.851,63.749,0.71,1.018,25.382,1,355.367,259.009,364.462,1.183,1.214,1.29,955.954,571.194,36465.2,7.721,24.19,6.76,106.571,109.501,165.27,82.445,3.23
5.359,1.802,0.263,1.403,10.289,531.325,51.64,230457,2.973,0.769,0.761,10.169,29.97,169.392,0.842,1.724,30.323,1,354.685,246.93,369.509,4.032,2.151,1.871,1297.271,462.989,43623.169,11.272,38.695,4.042,120.871,127.548,184.202,85.776,1.918
5.164,1.861,0.599,1.05,16.328,270.419,16.561,141700,2.774,0.74,0.412,3.9,28.714,89.448,0.668,1.782,19.413,1,358.706,238.048,376.058,3.675,1.644,1.619,1010.312,195.124,37753.606,7.545,25.253,5.511,103.282,129.118,163.645,76.356,2.984
6.316,1.137,0.372,1.051,15.232,791.773,51.982,119533,5.554,1.045,0.663,3.309,31.081,256.495,0.976,1.014,39.474,3,407.358,196.305,424.879,5.502,2.694,2.887,1005.583,323.488,35092.069,7.807,25.225,4.905,107.628,135.038,164.927,100.141,2.479
7.342,1.952,0.319,1.565,10.214,766.487,75.04,159541,3.76,0.856,0.898,11.19,31.992,242.496,0.989,1.862,31.814,2,379.13,229.44,391.65,5.695,2.275,1.947,1152.254,413.696,39895.597,10.428,33.354,5.867,115.598,128.067,181.383,91.073,1.786
2.476,1.11,0.762,2.478,11.278,494.285,43.826,72413,2.232,0.653,0.522,8.628,25.876,138.027,0.587,1.033,22.626,1,348.574,247.667,355.663,1.506,1.142,1.417,843.652,262.092,32145.184,6.634,20.821,3.452,94.177,121,153.731,75.944,2.397
6.389,1.662,0.211,2.138,12.908,589.232,45.649,59160,3.843,0.853,0.86,8.387,29.928,196.508,0.953,1.557,27.544,2,380.003,230.282,395.537,4.815,2.037,2.029,838.824,340.73,34069.77,7.353,22.929,3.082,99.31,125.786,154.023,91.53,2.396
3.124,1.752,0.463,1.026,16.391,661.001,40.327,119215,1.784,0.609,1.304,6.14,29.722,165.84,0.532,1.663,33.269,1,341.896,263.675,362.737,1.714,1.31,1.343,1122.623,661.403,40313.928,9.933,30.275,5.889,120.967,122.12,183.452,82.276,3.145
7.149,1.812,0.213,2.675,15.665,604.699,38.603,79988,3.946,0.931,1.347,5.144,35.455,204.161,0.974,1.653,34.257,2,383.346,228.96,407.015,5.422,2.066,2.246,1009.927,569.571,37013.239,7.959,26.997,5.591,113.535,125.204,177.563,99.036,3.181
6.914,1.946,0.49,2.123,14.387,589.88,41.001,83743,3.554,0.849,0.359,7.113,30.729,180.664,0.878,1.906,28.955,2,361.749,238.114,384.139,5.078,1.927,1.921,802.298,155.015,31076.187,6.163,20.365,3.358,97.498,130.312,152.254,82.825,2.343
5.245,1.313,0.501,2.914,17.221,770.988,44.77,226352,3.995,0.881,0.493,2.326,31.705,246.226,0.944,1.215,29.195,2,375.642,225.064,397.943,4.362,2.334,2.015,1297.181,294.998,40373.736,8.999,32.014,8.753,124.402,137.052,193.823,89.75,3.605
6.261,1.859,0.393,2.274,17.095,517.519,30.273,146767,3.369,0.798,0.63,6.002,26.919,151.717,0.94,1.773,23.459,2,368.237,239.131,383.067,4.605,2.07,1.713,1057.541,281.464,36424.873,7.799,28.572,6.723,107.291,124.176,171.773,84.464,3.253
3.886,1.132,0.279,1.185,15.414,545.412,35.383,136363,3.434,0.861,1.014,6.009,32.379,161.662,0.991,1.021,25.878,2,374.377,240.098,385.01,2.98,2.031,1.999,1143.53,549.211,39049.394,9.407,29.901,6.326,116.33,133.65,175.567,88.665,2.977
4.827,1.705,0.426,1.842,17.444,694.488,39.813,181685,2.831,0.793,0.733,6.922,30.053,203.583,0.745,1.632,28.652,1,359.856,247.111,373.023,3.576,1.892,1.654,1178.465,394.305,40403.22,9.802,31.355,6.668,121.494,134.179,192.314,81.353,2.984
6.93,1.742,0.603,2.227,12.011,568.924,47.366,239340,3.978,0.884,1.313,7.982,30.795,179.966,0.914,1.629,30.555,2,377.715,220.969,403.543,5.719,2.619,2.176,1470.069,840.177,46851.223,12.015,40.337,5.52,128.01,121.955,195.991,97.778,2.267
4.756,1.678,0.669,0.862,18.575,613.053,33.004,54683,2.835,0.742,1.16,11.531,31.573,206.322,0.821,1.57,36.108,1,360.373,238.702,372.909,3.154,1.568,1.586,890.301,475.338,34218.36,8.599,24.637,5.963,110.345,126.656,176.557,90.704,3.148
4.147,1.252,0.518,0.833,15.379,263.918,17.161,213377,3.311,0.827,0.421,8.174,29.107,100.654,0.988,1.213,24.294,2,361.16,237.372,382.946,3.385,2.055,1.6,1209.163,221.158,39196.924,10.649,33.485,6.577,113.768,122.803,167.851,83.171,2.786
4.965,1.873,0.554,1.085,17.868,359.887,20.141,158484,2.651,0.753,1.049,10.721,32.255,105.083,0.874,1.675,20.624,1,352.97,246.652,370.696,3.576,1.764,1.686,1170.316,546.23,37146.135,10.855,32.497,6.677,115.427,124.597,187.835,85.228,3.252
6.969,1.169,0.32,1.354,14.555,203.111,13.954,62156,5.963,1.094,0.436,7.119,33.032,136.497,1.245,1.101,19.37,4,408.34,193.96,431.924,5.95,2.785,2.911,787.119,184.552,35092.294,6.651,19.831,3.983,98.572,135.299,151.704,101.885,2.559
4.011,1.054,0.372,1.745,10.621,454.036,42.748,95372,3.807,0.889,0.606,7.896,29.999,145.238,1.074,0.986,25.411,2,374.593,227.068,387.177,3.262,1.953,2.016,898.518,263.191,34432.819,7.213,22.046,3.315,101.941,133.856,153.168,86.502,2.124
3.043,1.717,0.297,1.872,14.509,419.009,28.879,136119,1.772,0.612,0.513,1.768,29.248,118.817,0.456,1.593,26.091,1,342.677,265.692,347.275,1.665,1.122,1.158,978.792,258.173,36208.25,7.262,23.295,5.339,107.648,125.509,170.485,70.149,2.492
6.272,1.475,0.35,1.104,12.453,798.014,64.08,182058,4.251,0.971,0.508,2.466,27.235,263.06,1.086,1.405,40.546,2,377.78,217.21,403.809,5.137,2.34,2.34,1130.184,264.338,39582.264,8.689,28.725,5.979,112.584,133.948,176.551,88.873,1.824
6.956,1.849,0.335,2.281,16.37,527.846,32.245,83373,3.762,0.844,1.04,7.376,32.153,187.313,0.985,1.772,27.168,2,373.593,228.577,397.161,5.289,2.019,2.116,965.245,437.762,36453.302,8.077,24.142,4.491,110.935,122.617,173.762,91.711,2.867
2.604,1.383,0.512,2.112,13.71,650.511,47.45,147673,1.882,0.648,0.976,5.353,26.156,161.013,0.475,1.309,35.471,1,341.245,259.199,355.069,1.558,1.395,1.253,1116.147,465.007,35687.045,8.946,29.139,5.756,111.485,125.301,176.52,84.69,2.689
3.439,1.168,0.538,1.448,18.033,333.81,18.511,180627,2.944,0.764,0.511,9.787,27.386,84.878,0.986,1.04,29.712,1,359.452,240.155,367.658,2.573,1.958,1.828,1082.918,242.86,36598.339,10.187,31.601,6.487,110.92,128.698,172.071,85.585,3.722
2.852,1.834,0.767,0.83,16.137,682.082,42.269,128722,1.555,0.574,1.488,6.975,31.887,159.706,0.654,1.749,30.297,1,347.774,265.709,352.449,1.067,1.349,1.163,1183.094,787.129,41755.053,10.489,33.774,6.893,117.971,112.477,181.685,87.569,3.123
4.088,1.549,0.317,0.971,16.215,530.559,32.721,219865,2.639,0.736,0.806,10.705,27.512,144.826,0.825,1.488,27.082,1,355.219,248.138,366.413,2.912,2.001,1.471,1284.708,459.014,41448.12,12.049,36.136,7.356,115.472,123.587,174.344,80.715,3.108
4.702,1.189,0.585,1.662,10.606,587.895,55.431,221281,3.954,0.894,0.416,11.696,27.542,215.469,0.93,1.084,29.19,2,369.554,232.035,391.206,3.783,2.463,2.092,1148.484,257.743,39898.051,11.112,35.913,4.513,118.699,133.094,183.528,91.185,1.821
6.493,1.72,0.69,1.139,19.811,306.102,15.451,133552,3.774,0.892,0.445,2.624,35.241,143.703,0.99,1.645,23.406,2,367.449,229.05,387.92,4.98,1.976,2.005,943.511,214.196,34986.518,6.796,22.844,5.921,105.773,132.791,161.903,85.33,4.013
5.907,1.511,0.536,1.629,18.1,484.047,26.743,244043,3.909,0.88,1.001,5.343,29.849,164.554,1.055,1.39,26.548,2,381.121,228.603,395.365,4.747,2.534,2.24,1396.827,596.023,46456.301,11.543,37.31,9.334,130.176,129.647,201.74,97.661,3.365
5.726,1.604,0.353,2.182,17.468,543.826,31.133,46628,3.569,0.818,1.475,8.315,37.021,169.007,0.82,1.506,31.521,2,382.969,232.604,399.22,4.285,1.883,2.045,979.706,597.848,36954.359,8.34,23.913,6.01,109.778,126.574,170.608,98.558,3.245
4.114,1.461,0.358,2.004,11.963,512.366,42.831,30739,2.816,0.754,0.986,4.36,30.653,143.96,0.788,1.352,23.18,1,367.819,246.765,369.757,2.62,1.359,1.678,810.481,325.854,33957.729,6.154,18.49,4.089,104.049,128.929,168.226,84.565,2.249
7.049,1.829,0.224,1.309,14.428,740.636,51.335,113747,3.854,0.885,1.439,3.937,33.331,238.61,1.066,1.683,32.454,2,379.039,227.543,396.87,5.491,2.18,2.159,1124.42,688.224,39616.776,9.036,30.076,6.474,121.577,124.146,185.456,102.557,2.322
4.828,1.83,0.383,1.556,9.645,728.791,75.56,162241,2.639,0.709,0.833,9.951,30.976,237.858,0.627,1.738,34.044,1,356.386,257.31,364.907,3.384,1.805,1.635,1126.265,444.331,39614.006,10.229,33.252,3.921,113.423,126.312,175.242,86.696,1.788
7.875,1.709,0.647,2.151,14.462,779.689,53.914,168424,4.607,1.008,0.823,11.784,36.06,276.718,1.187,1.556,38.134,3,387.031,211.579,414.757,6.558,2.656,2.478,1185.215,477.483,39398.232,10.344,32.941,6.494,120.208,132.851,184.581,95.001,2.287
5.805,1.105,0.229,2.694,9.751,567.2,58.17,134818,5.251,1.003,0.9,9.512,31.345,226.119,1.052,0.985,36.778,3,399.93,201.836,427.687,4.82,2.736,2.68,1073.352,443.164,36354.246,9.172,29.548,4.115,113.428,137.747,170.202,103.211,1.894
2.758,1.799,0.332,2.457,14.636,780.34,53.315,57474,1.533,0.552,1.137,6.76,28.151,211.518,0.449,1.721,29.85,1,335.022,267.499,340.226,1.163,1.08,1.115,872.451,459.091,32610.201,7.8,23.628,5.139,107.87,116.936,178.845,75.497,2.668
6.057,1.671,0.624,2.017,15.785,682.735,43.253,67509,3.625,0.827,0.741,5.868,32.585,218.902,0.882,1.601,30.421,2,371.321,230.77,391.028,4.555,1.75,1.979,869.319,285.677,33418.231,6.787,21.221,5.436,99.381,129.37,150.296,88.477,2.693
3.951,1.697,0.67,1.597,12.682,289.582,22.834,217472,2.328,0.689,1.337,6.936,32.191,81.015,0.749,1.596,15.197,1,351.741,257.003,367.061,2.753,1.932,1.423,1416.654,803.729,47094.101,11.932,38.077,5.706,128.525,119.875,200.692,86.56,2.468
6.118,1.363,0.473,1.603,13.983,399.205,28.55,220940,4.489,0.935,0.335,6.091,32.765,137.831,1.024,1.232,22.391,2,394.063,218.68,401.103,5.343,2.493,2.379,1186.369,218.987,40239.176,10.052,33.298,5.945,110.956,137.215,178.783,89.624,2.435
2.418,1.031,0.619,2.735,18.508,266.875,14.42,178257,2.345,0.688,0.828,6.532,30.602,74.781,0.719,0.983,16.119,1,348.65,250.568,360.557,1.807,1.601,1.54,1182.274,439.257,39997.311,9.434,33.57,6.964,111.106,126.556,167.256,84.572,3.24
3.049,1.725,0.433,0.886,9.303,102.938,11.065,176127,1.767,0.582,0.913,3.238,32.25,29.541,0.513,1.685,15.337,1,344.895,262.383,344.505,1.582,1.406,1.193,1178.154,490.568,39250.567,9.373,31.846,3.575,113.157,125.687,178.897,75.658,1.754
7.134,1.113,0.296,2.974,17.501,231.634,13.236,161490,6.412,1.089,1.028,10.941,35.535,117.513,1.304,0.988,21.46,4,423.07,185.947,454.108,6.397,3.31,3.186,1181.936,549.915,39625.724,10.998,34.985,6.999,120.472,139.279,180.574,111.781,3.116
3.363,1.408,0.439,2.262,10.049,102.842,10.234,74643,2.389,0.715,0.631,9.3,29.548,31.952,0.838,1.303,18.839,1,358.246,259.792,355.062,1.984,1.378,1.37,864.157,244.762,32280.757,7.312,22.551,3.332,100.555,126.571,152.651,80.808,1.837
7.022,1.886,0.548,2.299,8.44,603.887,71.546,124215,3.723,0.88,0.813,8.491,32.461,180.322,0.889,1.767,29.723,2,376.493,228.174,390.253,5.379,2.06,2.204,1016.207,372.407,36256.124,9.312,26.795,2.887,108.176,129.738,169.918,88.183,1.701
3.676,1.047,0.769,0.884,10.227,397.874,38.905,183096,3.51,0.83,0.881,11.449,31.197,147.692,0.978,0.939,26.675,2,375.342,234.289,386.402,2.954,2.192,2.087,1221.488,488.919,39877.795,11.751,32.919,4.292,119.554,126.938,184.218,88.38,1.667
5.857,1.961,0.241,2.132,17.181,318.802,18.556,148195,2.986,0.742,1.124,4.128,33.103,91.991,0.8,1.865,23.282,1,362.631,239.919,382.269,4.193,1.852,1.799,1158.2,578.887,39185.239,8.764,27.869,7.464,115.97,127.312,185.572,91.626,2.894
6.165,1.679,0.504,1.867,12.862,633.205,49.233,34087,3.671,0.894,1.228,1.893,34.112,200.695,0.945,1.549,28.305,2,382.274,227.348,395.669,4.433,1.744,2.197,865.837,454.64,34289.827,5.229,19.086,4.337,105.442,127.968,163.949,98.129,2.232
5.076,1.631,0.397,1.033,18.47,682.741,36.964,239782,3.111,0.768,1.185,10.088,33.529,185.735,0.735,1.497,27.08,1,369.199,237.786,385.5,3.813,2.302,1.938,1417.126,729.359,44901.681,12.782,41.739,9.299,131.21,133.39,205.459,90.138,3.276
3.832,1.271,0.505,1.411,14.296,782.71,54.748,215859,3.016,0.815,0.71,11.983,32.51,246.141,0.783,1.208,36.579,1,359.869,242.911,370.085,2.957,2.123,1.836,1239.761,360.161,39657.597,11.214,37.922,6.578,116.83,128.521,178.327,86.345,2.68
3.276,1.249,0.214,2.759,8.267,549.41,66.458,87319,2.623,0.727,1.499,7.363,33.582,133.028,0.705,1.138,33.584,1,357.892,250.53,375.272,2.184,1.581,1.629,1062.989,686.116,40957.193,9.176,28.411,3.399,121.669,125.91,184.434,94.468,1.831
2.199,0.919,0.388,2.01,16.601,423.07,25.485,165620,2.393,0.685,1.318,1.647,32.497,123.799,0.696,0.78,32.923,1,355.305,254.541,370.584,1.577,1.676,1.529,1234.637,684.608,43215.26,10.327,30.836,8.156,123.122,126.123,186.216,86.756,2.94
3.824,1.298,0.692,1.71,9.323,313.685,33.647,233112,2.945,0.791,0.612,9.585,27.919,81.323,0.894,1.219,25.812,1,357.841,245.108,377.108,3.108,2.003,1.732,1286.669,282.277,41883.023,12.345,37.62,4.094,114.379,134.846,173.547,84.544,1.667
5.919,1.776,0.532,0.96,17.473,255.623,14.63,51122,3.334,0.853,0.534,1.811,29.267,82.467,0.906,1.691,26.173,2,368.824,233.775,375.194,4.28,1.449,1.876,737.857,250.617,31895.007,4.433,15.423,4.136,95.622,129.986,145.435,83.9,2.999
7.63,1.393,0.47,2.371,10.017,249.048,24.862,140666,5.477,1.039,0.677,6.94,34.868,131.666,1.224,1.261,23.769,3,404.421,197.937,425.247,6.55,2.719,2.827,1052.104,316.153,35815.31,8.625,26.74,3.791,109.595,135.433,174.501,98.753,1.628
7.227,1.139,0.371,2.346,12.145,386.433,31.817,130373,6.344,1.123,0.843,4.053,37.693,183.4,1.37,1.052,27.058,5,414.931,178.827,451.699,6.318,3.073,3.21,1075.959,396.639,41417.993,8.139,27.227,4.099,109.367,136.296,171.132,109.528,2.296
6.596,1.011,0.379,2.151,17.135,794.25,46.352,120245,6.526,1.142,1.321,11.065,33.106,290.431,1.444,0.871,36.757,5,433.271,182.985,465.88,5.715,3.315,3.341,1132.347,708.77,40842.069,10.681,30.494,6.607,125.083,139.584,188.768,116.048,3.053
6.731,1.544,0.43,1.923,19.451,100.598,5.172,213829,4.359,0.979,1.234,5.965,33.55,70.655,1.168,1.41,18.114,2,395.966,221.397,411.839,5.614,2.489,2.225,1393.779,727.358,46120.31,10.995,36.568,9.714,132.865,127.701,204.293,98.465,3.714
5.99,1.976,0.701,1.754,12.457,238.044,19.109,113742,3.032,0.799,1.321,10.883,32.917,71.32,0.748,1.857,22.967,1,361.121,240.905,378.115,4.386,1.875,1.952,1124.115,615.582,41175.062,10.836,30.085,4.647,114.845,121.073,177.888,91.401,2.43
3.562,1.369,0.78,2.105,17.953,231.875,12.916,44005,2.601,0.707,0.626,4.29,27.237,68.271,0.72,1.301,19.065,1,360.308,247.291,360.386,2.299,1.294,1.586,729.32,211.486,29696.26,5.771,17.818,4.469,97.177,128.989,162.358,80.273,3.387
7.443,1.357,0.463,1.313,10.29,601.984,58.505,44484,5.484,1.021,1.012,5.261,32.651,222.462,1.322,1.233,30.69,3,414.424,196.051,433.339,6.264,2.534,2.982,843.3,381.838,33911.803,6.408,21.032,2.901,108.435,127.211,168.109,106.093,1.53
6.024,1.344,0.436,2.871,17.686,346.739,19.605,39403,4.482,0.927,0.64,11.418,32.634,137.234,0.967,1.242,20.843,2,384.554,211.647,407.716,4.858,2.064,2.295,729.92,212.633,32006.841,7.389,21.138,4.302,97.333,135.764,152.68,96.133,3.301
5.363,1.521,0.708,2.095,15.89,420.083,26.437,120011,3.527,0.825,0.431,3.214,32.787,135.483,0.92,1.469,27.227,2,363.322,231.771,381.874,4.127,2.001,1.742,938.784,175.817,32865.448,6.008,22.252,4.673,104.914,126.742,158.648,86.939,2.66
2.666,1.353,0.456,1.485,10.313,204.037,19.785,188049,1.97,0.615,1.121,7.364,25.795,64.382,0.599,1.217,16.682,1,350.884,263.158,352.478,1.706,1.599,1.307,1262.599,611.272,41415.385,10.246,34.796,5.063,121.003,117.822,190.437,82.07,1.446
4.682,1.88,0.531,1.789,11.63,383.498,32.975,74818,2.491,0.721,0.472,5.274,28.203,111.054,0.705,1.766,24.574,1,344.07,256.976,364.861,2.873,1.296,1.498,774.509,219.57,28682.016,6.116,20.671,3.838,99.561,132.492,159.841,77,2.123
4.762,1.506,0.339,2.573,9.581,172.24,17.977,172223,3.163,0.77,1.101,9.516,32.567,69.713,0.965,1.423,20.886,1,365.275,239.175,381.409,3.584,2.063,1.809,1207.632,545.223,40871.33,11.125,33.859,4.526,116.207,122.055,179.517,93.036,1.963
7.187,1.508,0.646,1.156,12.596,473.13,37.563,181159,4.767,0.971,1.078,2.422,35.528,167.982,1.136,1.459,29.472,3,391.32,209.837,419.911,6.013,2.691,2.652,1258.761,624.698,43862.109,9.49,30.947,6.021,123.236,131.749,193.478,101.1,2.377
5.28,1.138,0.519,1.444,10.444,168.557,16.139,86144,4.638,0.981,1.272,5.809,35.502,76.259,1.256,1.035,22.453,3,396.233,215.704,410.213,4.34,2.289,2.486,1032.244,624.281,38796.877,8.855,25.359,3.565,115.618,134.094,181.51,101.54,1.665
4.282,1.983,0.685,2.295,15.728,653.356,41.541,162122,2.16,0.648,0.467,8.688,31.163,174.758,0.657,1.968,30.284,1,349.413,259.073,357.931,2.511,1.462,1.285,1069.839,217.055,34925.905,8.67,28.698,5.977,102.17,121.13,158.641,76.069,3.376
7.861,1.25,0.668,1.494,19.934,496.621,24.913,180671,6.289,1.079,1.24,5.477,35.972,223.202,1.366,1.101,30.191,4,427.099,179.587,450.496,6.929,3.283,3.16,1270.445,708.932,42556.389,11.104,34.197,8.474,123.774,133.154,197.014,110.252,3.714
2.664,1.073,0.329,2.544,8.144,606.778,74.505,132654,2.482,0.679,1.499,1.644,34.772,178.208,0.661,0.94,28.427,1,363.744,251.851,377.977,1.889,1.594,1.836,1191.825,771.143,42535.666,9.541,29.647,3.33,116.303,120.974,177.075,89.426,1.253
4.535,1.663,0.629,1.087,14.491,392.961,27.118,104077,2.727,0.715,1.321,8.756,30.576,103.13,0.712,1.567,18.773,1,360.89,244.305,378.299,3.024,1.728,1.62,1054.976,567.487,38921.981,10.377,29.067,5.328,114.991,115.21,174.748,88.869,2.16
2.252,1.595,0.68,2.478,14.884,367.044,24.66,166213,1.412,0.553,1.202,6.535,29.556,97.091,0.551,1.532,24.978,1,337.821,266.444,339.768,0.916,1.379,1.144,1215.236,663.405,41321.431,9.689,32.313,5.638,116.895,112.81,181.205,77.729,2.602
6.439,1.415,0.408,0.95,18.971,168.746,8.895,245126,4.55,0.975,1.095,1.124,31.654,84.401,1.158,1.254,21.014,2,387.947,219.247,414.225,5.451,2.743,2.376,1432.049,693.366,45185.258,10.717,36.203,9.574,126.947,136.959,195.274,100.748,2.989
7.508,1.422,0.304,0.828,14.072,466.699,33.165,123905,5.279,0.989,0.806,7.739,34.894,191.4,1.228,1.304,30.663,3,402.705,202.729,432.449,6.312,2.627,2.713,1039.056,373.39,36666.269,8.253,28.12,4.852,114.898,128.635,166.446,103.785,2.303
3.68,1.785,0.202,2.776,14.524,460.152,31.681,116181,2.062,0.639,1.177,11.119,30.135,115.368,0.673,1.686,25.984,1,345.892,261.054,357.084,1.937,1.428,1.304,1064.324,510.286,38344.213,10.403,30.863,5.543,113.991,118.362,173.76,86.936,2.239
7.15,1.196,0.471,2.079,13.66,427.671,31.309,132138,5.98,1.076,1.169,2.221,36.304,188.549,1.201,1.043,22.186,4,418.684,189.343,452.216,6.159,2.922,3.145,1156.981,618.745,41010.519,9.144,27.471,5.414,117.638,124.866,173.818,109.895,2.273
3.753,1.82,0.411,1.574,11.227,618.363,55.079,46768,2.062,0.651,1.058,7.497,29.419,156.191,0.59,1.709,29.789,1,346.777,259.754,359.6,2.103,1.243,1.441,838.446,399.096,35019.202,7.114,21.873,3.468,103.077,117.931,158.487,81.562,1.882
7.465,1.649,0.533,1.312,8.672,682.753,78.728,151695,4.527,0.96,1.256,9.015,35.711,220.596,1.175,1.547,35.567,2,392.792,213.579,420.032,6.145,2.582,2.504,1188.242,675.323,40930.629,10.954,34.455,3.956,121.605,131.851,191.341,100.399,1.349
6.524,1.419,0.313,2.157,12.904,625.553,48.478,102313,4.598,0.963,0.839,1.779,33.706,186.922,0.958,1.322,32.919,2,399.571,212.457,411.846,5.343,2.336,2.323,983.24,393.863,36648.815,7.423,22.968,3.814,104.241,136.018,161.789,98.321,2.758
6.829,1.458,0.716,1.92,8.631,200.706,23.254,56712,4.684,0.956,0.446,1.249,29.263,109.658,1.136,1.388,20.401,3,395.838,214.657,407.899,5.339,2.144,2.384,801.235,163.045,32415.466,4.737,16.333,2.261,97.116,138.287,151.064,89.399,1.503
2.108,1.257,0.355,2.982,14.606,535.442,36.659,132576,1.678,0.562,0.971,6.106,26.751,139.107,0.534,1.183,22.642,1,345.569,265.257,355.904,1.083,1.245,1.131,1038.085,357.463,39638.252,9.166,30.032,4.983,115.045,118.945,177.698,77.615,2.866
7.777,1.752,0.336,2.963,11.688,156.226,13.367,30744,4.439,0.971,0.618,9.703,32.069,91.352,1.181,1.624,16.712,2,393.255,214.628,407.951,6.077,2.078,2.411,707.427,214.873,30292.457,5.455,19.912,3.483,100.703,129.886,156.936,94.07,2.199
6.36,1.513,0.488,2.197,14.403,586.236,40.702,118392,4.204,0.958,0.761,2.768,33.857,196.465,1.12,1.418,31.918,2,388.961,220.18,400.681,5.121,2.097,2.207,1011.083,352.388,36443.665,7.898,23.828,5.946,109.713,134.295,181.356,92.317,2.528
3.829,1.321,0.499,1.774,9.612,367.287,38.213,53261,2.899,0.8,0.321,10.203,32.611,102.293,0.799,1.215,19.387,1,355.293,250.305,369.313,2.703,1.542,1.725,740.284,131.874,29820.743,6.059,20.381,2.512,90.461,129.671,138.807,78.282,1.625
6.976,1.596,0.329,1.881,19.192,192.749,10.043,35344,4.371,0.899,0.759,8.222,32.435,106.861,0.981,1.484,19.461,2,385.772,216.224,403.015,5.527,2.038,2.373,776.107,316.943,34090.005,7.459,19.267,5.415,100.39,124.471,155.551,96.692,3.702
3.689,1.996,0.363,2.301,18.734,703.436,37.548,211384,1.849,0.626,1.271,4.654,32.615,193.656,0.576,1.864,32.207,1,346.92,265.951,356.345,2.069,1.657,1.204,1346.83,739.426,45222.785,10.945,35.692,8.094,126.554,118.746,192.7,83.073,3.127
7.237,1.435,0.302,1.023,10.28,529.806,51.538,231574,5.042,1.033,0.951,6.674,30.979,183.114,1.257,1.296,32.828,3,399.425,206.091,427.121,6.219,2.956,2.642,1378.094,604.074,43895.605,11.626,38.857,5.11,126.896,138.47,189.074,104.098,1.696
2.675,1.263,0.631,1.522,12.121,348.307,28.735,75688,2.118,0.684,0.312,11.621,31.483,101.493,0.507,1.199,25.288,1,337.081,257.562,349.689,1.677,1.383,1.272,781.892,135.754,32843.289,7.359,21.203,3.188,98.485,132.473,153.714,76.842,2.044
6.222,1.345,0.662,0.966,15.362,121.509,7.91,148645,4.626,0.944,0.864,3.381,33.994,91.957,1.11,1.221,21.702,3,393.093,214.201,408.641,5.146,2.472,2.516,1099.28,397.239,39085.297,7.419,27.572,6.59,113.525,136.118,180.491,98.809,2.754
5.244,1.055,0.477,0.961,9.148,476.117,52.045,91150,4.972,1.028,0.65,6.495,32.832,173.282,1.13,0.92,28.919,3,389.73,201.525,413.315,4.285,2.458,2.522,926.325,256.502,36176.6,7.843,22.643,2.852,107.837,136.845,176.428,97.02,1.445
2.579,1.204,0.628,1.231,12.255,746.258,60.895,138587,2.142,0.629,0.873,7.869,28.714,193.81,0.653,1.153,30.637,1,347.833,253.732,357.89,1.636,1.486,1.364,1067.181,442.183,36155.645,9.476,31.289,4.167,110.328,118.174,170.258,83.632,2.367
3.451,1.419,0.642,1.868,11.013,517.466,46.985,126058,2.433,0.711,0.786,2.518,27.461,152.216,0.764,1.327,25.94,1,347.667,253.802,359.718,2.393,1.464,1.579,983.475,327.414,36038.045,6.872,24.24,3.12,108.248,127.396,166.747,76.404,2.174
2.074,0.679,0.283,2.527,18.986,780.155,41.091,89191,3.054,0.775,1.418,1.479,31.326,197.512,0.703,0.545,31.804,1,368.824,243.064,378.469,1.501,1.668,1.886,1055.559,665.156,41499.971,8.049,24.6,7.105,110.576,122.496,175.136,90.292,3.231
4.813,1,0.78,1.868,18.23,195.516,10.725,184086,4.812,1.014,0.349,1.148,35.382,84.767,1.159,0.873,22.715,3,390.866,207.791,405.252,4.146,2.586,2.308,1091.75,170.096,39629.425,7.674,26.839,6.694,113.848,136.585,183.313,94.414,3.376
3.808,1.915,0.693,1.538,14.958,497.814,33.281,57828,1.988,0.658,1.12,4.572,28.394,114.388,0.669,1.761,24.994,1,345.581,260.804,361.887,1.939,1.104,1.318,923.939,476.416,36498.333,6.998,22.511,5.446,107.506,123.432,161.692,87.31,2.491
5.59,1.844,0.323,0.981,14.244,658.688,46.243,41676,3.032,0.773,1.321,1.813,30.544,163.235,0.84,1.723,30.377,1,361.221,240.179,381.983,3.906,1.527,1.912,877.161,519.991,36806.451,6.306,20.425,4.69,108.623,124.446,171.023,93.442,2.56
3.783,1.742,0.312,2.011,19.169,467.879,24.408,198888,2.172,0.665,1.451,9.841,30.378,139.992,0.665,1.59,26.424,1,348.846,261.584,365.418,2.462,1.704,1.549,1356.354,842.461,47443.942,12.538,38.368,9.049,131.068,115.857,210.467,87.983,3.641
3.8,1.168,0.275,1.397,19.189,163.746,8.533,176504,3.254,0.781,0.513,11.971,27.024,34.958,0.756,1.106,24.14,1,365.528,241.693,373.869,3.059,2.091,1.598,1109.091,283.028,38726.815,10.474,32.975,7.763,111.032,126.648,171.103,83,3.459
6.459,1.12,0.283,2.153,19.632,508.02,25.877,139675,5.765,1.072,0.938,1.674,34.639,203.808,1.206,0.998,30.958,3,410.92,194.677,435.76,5.743,2.84,2.953,1160.028,500.789,39495.908,8.333,28.306,8.842,112.603,130.034,169.902,107.72,3.485
2.289,1.068,0.649,2.95,9.505,528.217,55.575,132913,2.144,0.65,0.352,5.76,29.384,155.156,0.548,1.048,25.486,1,344.357,257.623,348.939,1.366,1.41,1.344,977.748,149.36,36353.157,7.274,23.045,2.673,97.176,127.7,153.764,76.551,2.158
7.417,1.724,0.482,1.045,9.927,610.096,61.46,139430,4.302,0.904,0.899,1.283,31.221,198.781,1.082,1.622,31.323,2,386.471,222.198,404.333,5.911,2.229,2.343,1091.514,444.076,38449.162,7.907,25.839,3.475,113.578,133.551,170.664,97.402,1.832
7.114,1.929,0.67,1.267,16.121,632.848,39.257,126145,3.688,0.898,0.451,2.474,27.835,184.46,0.988,1.817,36.368,2,370.099,226.475,379.911,5.402,1.932,2.053,963.211,230.437,35954.235,6.573,23.682,6.406,98.952,130.979,158.138,86.349,2.72
6.007,1.431,0.648,1.841,14.497,639.541,44.115,116436,4.199,0.89,1.305,4.552,34.482,209.577,1.014,1.251,33.393,2,390.027,221.22,412.403,4.815,2.285,2.492,1128.646,677.667,40567.961,8.587,27.128,5.35,121.514,121.982,196.31,102.126,2.386
5.559,1.119,0.563,2.931,8.222,564.411,68.65,139931,4.967,1.017,0.437,5.331,31.834,204.843,1.053,1.045,25.382,3,391.082,211.316,414.459,4.761,2.545,2.525,978.617,211.831,35072.897,7.54,25.458,3.147,106.204,139.017,162.615,95.622,1.923
7.354,1.512,0.612,2.498,8.744,251.068,28.714,146273,4.862,1.031,0.916,11.338,36.041,133.649,1.195,1.354,19.655,3,398.284,209.505,418.772,6.095,2.741,2.613,1123.136,512.814,39838.69,9.947,33.033,4.031,116.823,139.918,187.707,101.048,1.398
3.112,1.349,0.211,2.776,18.657,382.965,20.527,182218,2.307,0.712,0.925,5.354,29.332,64.921,0.78,1.243,21.445,1,349.104,256.116,365.519,2.072,1.637,1.397,1233.606,485.715,41843.056,9.448,32.984,8.047,114.118,131.909,179.407,84.195,3.19
2.474,1.312,0.387,1.534,18.426,643.291,34.911,186465,1.886,0.636,1.466,6.459,30.976,150.221,0.482,1.253,34.949,1,358.747,269.916,362.427,1.611,1.558,1.318,1335.615,805.695,45026.456,10.58,37.005,8.958,128.336,123.415,204.464,83.923,3.278
3.437,1.621,0.583,2.982,12.287,767.399,62.455,113078,2.12,0.634,1.086,3.701,29.653,211.8,0.598,1.546,37.49,1,344.482,257.873,357.369,2.086,1.435,1.355,1082.569,480.683,38798.182,7.993,27.106,4.509,110.297,120.134,168.36,82.826,2.325
6.767,1.719,0.206,1.026,18.693,155.263,8.306,120978,3.938,0.921,0.645,1.001,31.815,75.694,0.909,1.631,17.692,2,375.9,231.676,396.788,5.316,2.012,2.207,977.095,296.859,35733.332,6.972,23.536,7.301,106.212,128.872,167.122,90.535,3.097
2.208,0.802,0.22,0.917,15.124,474.876,31.399,112213,2.752,0.73,0.589,10.893,28.328,148.239,0.74,0.749,24.851,1,354.151,247.448,369.98,1.458,1.651,1.52,935.782,257.321,32663.406,8.963,26.197,4.733,107.057,129.613,166.907,78.928,2.649
5.497,1.036,0.711,2.682,17.671,318.766,18.039,148037,5.308,1.081,0.454,1.899,31.673,145.87,1.201,0.958,24.425,3,394.674,201.972,423.485,4.854,2.669,2.795,1027.582,236.854,36929.401,7.232,25.866,5.878,112.83,138.503,171.743,95.423,2.899
7.973,1.994,0.61,2.84,13.129,257.776,19.634,129737,3.998,0.919,1.208,11.607,30.153,101.326,1.066,1.92,22.343,2,386.939,221.52,406.686,6.252,2.299,2.172,1108.072,577.554,40449.157,10.098,31.671,5.536,120.581,127.097,185.493,96.226,2.296
7.134,1.233,0.359,0.999,9.361,454.067,48.507,225711,5.787,1.113,1.129,2.439,34.746,184.43,1.348,1.08,24.918,4,413.746,193.925,444.066,6.34,3.149,3.059,1419.277,767.551,43024.213,10.74,36.024,5.005,131.394,141.974,205.965,111.141,1.815
5.129,1.054,0.613,1.05,13.205,524.263,39.703,183199,4.867,0.952,1.032,7.654,34.976,223.497,1.222,0.925,28.165,3,388.4,205.677,422.359,4.376,2.7,2.599,1240.383,608.632,41615.927,10.181,32.467,5.807,120.427,135.833,182.163,101.058,2.296
2.382,1.19,0.675,0.873,13.488,106.841,7.921,227704,2.002,0.642,0.349,11.994,28.8,50.954,0.638,1.097,12.878,1,342.302,264.268,353.688,1.597,1.774,1.233,1208.033,170.939,38906.211,11.767,35.507,5.719,110.444,129.014,166.382,73.46,2.811
6.988,1.039,0.384,1.03,14.611,646.145,44.222,186010,6.726,1.205,1.215,2.523,36.374,260.674,1.507,0.893,36.789,5,430.681,175.192,462.676,6.25,3.425,3.495,1298.521,702.461,42855.209,9.889,33.247,6.393,127.649,136.028,192.747,117.285,2.424
5.594,1.392,0.222,1.261,9.267,673.917,72.722,243618,4.019,0.935,1.07,5.663,36.097,216.909,1.008,1.27,27.306,2,382.627,222.559,401.495,4.529,2.524,2.194,1458.179,689.417,46600.303,11.614,38.922,4.362,130.893,129.511,199.781,97.239,1.68
2.69,1.377,0.76,2.934,19.897,775.858,38.994,169862,1.953,0.599,1.457,9.585,30.96,207.039,0.508,1.218,28.479,1,352.427,259.055,363.722,1.587,1.594,1.328,1306.687,837.545,44622.094,12.166,37.265,8.797,123.699,110.147,192.879,87.153,3.799
2.563,1.21,0.407,2.269,10.93,226.451,20.719,241981,2.119,0.684,1.005,1.354,27.548,74.26,0.757,1.095,21.702,1,346.725,260.217,357.954,1.709,1.732,1.324,1390.762,572.659,45833.167,10.643,35.978,5.477,125.306,126.66,192.199,82.022,2.139
7.458,1.444,0.264,2.513,10.383,516.187,49.716,64797,5.164,0.976,0.665,8.588,29.065,199.739,1.26,1.383,25.098,3,398.108,204.857,423.511,6.138,2.542,2.611,811.746,217.936,33135.982,7.4,21.287,2.846,106.075,139.148,169.526,98.848,2.377
6.015,1.676,0.495,2.508,14.322,398.638,27.835,41545,3.59,0.862,0.758,1.884,33.816,121.182,1.012,1.584,23.913,2,382.055,228.981,385.831,4.331,1.671,1.987,799.67,254.235,34403.838,4.698,16.593,3.263,102.406,126.751,152.953,91.412,2.62
6.976,1.509,0.661,1.977,14.446,334.379,23.146,157407,4.623,0.986,0.511,3.602,31.133,161.05,1.15,1.431,24.494,3,379.71,214.608,398.722,5.84,2.394,2.469,1083.999,304.774,36860.133,7.841,27.095,5.271,107.579,132.988,168.799,92.508,2.406
7.274,1.861,0.333,2.554,13.278,495.943,37.351,246368,3.908,0.855,1.167,2.761,30.497,167.619,0.888,1.743,29.843,2,376.869,230.776,402.37,5.772,2.58,2.207,1429.412,714.455,44828.812,11.688,39.967,6.536,131.726,130.199,202.707,99.084,2.372
5.431,1.866,0.362,2.111,17.263,647.668,37.518,121873,2.91,0.733,1.149,10.981,26.874,214.138,0.877,1.705,30.46,1,359.509,239.778,371.622,3.904,1.839,1.794,1085.194,569.682,39530.453,9.089,28.495,6.812,111.78,121.498,172.84,88.021,2.905
5.105,1.01,0.346,1.492,14.2,116.137,8.179,76649,5.055,1.041,0.541,2.985,31.858,88.051,1.265,0.901,24.403,3,403.546,203.621,414.894,4.315,2.356,2.579,847.559,243.644,32979.577,5.452,18.999,4.358,103.226,141.432,162.739,96.304,2.564
4.583,1.778,0.795,2.034,15.316,778.58,50.833,144739,2.577,0.714,0.49,1.445,29.339,208.977,0.91,1.733,34.32,1,348.715,246.77,365.863,3.009,1.549,1.523,1027.696,232.082,35925.559,6.716,24.267,6.387,110.549,124.374,160.813,80.34,2.989
3.902,1.461,0.318,1.974,16.685,666.917,39.971,172735,2.671,0.707,0.392,7.464,26.653,205.566,0.653,1.353,35.072,1,352.964,247.781,366.799,2.779,1.683,1.645,1059.356,220.008,37557.83,8.764,27.128,5.697,105.202,126.81,154.512,83.137,3.131
4.608,1.989,0.545,2.612,8.3,625.808,75.396,99339,2.317,0.703,1.394,4.808,29.906,177.98,0.79,1.899,31.293,1,353.748,255.515,372.401,2.749,1.462,1.446,1096.328,635.963,39705.939,8.703,27.346,3.461,117.826,122.007,182.38,84.077,1.431
6.643,1.483,0.755,2.96,14.848,632.271,42.584,187249,4.479,0.986,0.58,5.463,31.047,211.077,1.174,1.33,38.143,2,388.83,218.857,397.414,5.581,2.543,2.215,1145.507,301.604,37950.027,9.251,30.435,6.27,119.572,133.636,184.447,95.04,2.518
5.612,1.987,0.288,1.704,18.61,372.342,20.007,244525,2.824,0.763,0.713,2.31,32.493,92.918,0.784,1.898,27.535,1,357.916,245.715,371.874,4.258,2.044,1.702,1316.193,365.427,41102.865,10.11,34.886,8.713,120.923,125.656,181.717,84.271,3.393
7.355,1.755,0.783,2.479,8.209,626.134,76.277,227331,4.192,0.89,0.637,9.231,28.442,217.334,1.127,1.674,31.344,2,382.834,223.014,398.832,6.15,2.556,2.137,1316.621,385.627,41663.809,11.565,35.33,3.634,120.903,129.995,195.421,91.076,1.564
4.66,1.249,0.768,1.019,12.862,370.739,28.824,94148,3.732,0.827,0.796,7.617,29.829,120.792,0.96,1.141,26.464,2,380.295,222.264,395.622,3.545,1.995,1.918,912.198,314.245,35580.538,8.665,24.592,3.765,110.703,131.226,166.956,91.401,2.041
5.643,1.538,0.731,2.509,19.115,729.095,38.143,101879,3.668,0.879,1.157,5.006,35.598,211.299,0.901,1.496,32.961,2,379.35,229.501,400.48,4.317,2.049,2.15,1027.493,584.757,37676.435,7.74,25.197,6.854,110.79,130.97,169.596,92.155,3.202
5.788,1.992,0.329,1.617,12.238,224.056,18.308,111739,2.905,0.771,1.345,2.887,33.618,67.698,0.814,1.862,19.872,1,362.803,243.29,374.819,4.141,1.704,1.718,1120.658,661.373,37191.761,8.6,26.582,3.906,113.754,124.34,180.919,89.888,2.105
5.55,1.858,0.58,0.887,13.505,304.643,22.558,116801,2.988,0.79,0.519,7.528,29.91,103.913,0.771,1.756,18.864,1,360.222,243.006,372.028,3.968,1.757,1.815,928.013,250.454,35498.993,8.109,24.815,3.924,99.103,126.744,150.909,83.001,2.149
6.216,1.097,0.657,1.599,19.778,485.936,24.569,52070,5.664,1.105,1.124,9.565,34.452,168.096,1.281,0.97,26.142,4,422.869,187.52,441.429,5.303,2.721,2.97,898.135,478.856,36970.063,7.734,24.754,5.73,111.994,139.618,170.12,106.118,3.164
3.425,1.706,0.792,2.143,10.392,323.448,31.125,197631,2.007,0.633,0.723,4.436,28.553,82.493,0.69,1.604,28.802,1,345.616,253.686,351.478,2.166,1.516,1.26,1196.494,383.589,38073.474,9.636,32.532,4.604,111.291,124.236,174.058,78.028,1.643
5.074,1.346,0.308,1.062,8.783,396.966,45.197,110374,3.771,0.841,1.477,1.284,32.923,152.603,1.023,1.176,21.676,2,383.252,231.082,407.664,3.955,1.99,2.109,1091.251,731.017,38937.797,8.382,27.985,3.667,121.596,127.62,185.502,97.789,1.613
2.625,1.007,0.66,2.833,18.313,444.696,24.283,223560,2.607,0.759,0.659,3.358,28.019,107.06,0.812,0.887,24.185,1,348.033,245.904,363.656,2.06,1.896,1.579,1288.81,383.933,42823.756,9.373,35.545,7.725,121.866,122.327,190.471,80.248,3.297
4.307,1.403,0.403,0.971,18.422,699.447,37.969,233926,3.069,0.792,0.309,8.506,26.577,202.39,0.794,1.351,32.373,1,361.223,240.565,370.017,3.275,1.96,1.557,1223.925,198.257,39354.999,9.884,35.174,7.238,111.144,135.958,174.325,82.337,3.218
4.926,1.235,0.305,2.846,13.665,466.235,34.119,35374,3.989,0.909,0.919,11.88,34.153,148.016,1.056,1.116,27.111,2,384.487,231.256,394.5,3.701,1.957,2.001,789.5,395.426,34070.027,6.607,20.996,3.044,99.407,128.436,155.597,91.621,2.245
5.913,1.819,0.453,2.356,14.17,353.722,24.962,247470,3.251,0.847,0.481,1.147,29.961,108.639,0.977,1.783,25.38,1,364.58,238.27,377.911,4.517,2.048,1.693,1265.178,289.962,39880.565,9.508,33.111,6.764,120.521,129.78,191.523,83.461,2.61
7.703,1.337,0.676,1.525,18.03,273.415,15.165,186205,5.76,1.127,0.353,4.368,33.562,163.138,1.188,1.22,21.935,4,407.672,193.612,418.891,6.71,3.024,2.959,1089.411,187.933,38887.123,8.392,27.987,7.332,112.369,142.592,172.628,100.519,3.298
5.604,1.828,0.479,1.66,16.863,386.073,22.895,144486,3.066,0.794,1.138,1.682,32.379,94.39,0.865,1.74,26.163,1,377.904,238.696,380.125,4.073,1.89,1.76,1120.64,545.668,38361.108,8.246,28.453,6.939,110.256,116.505,168.881,90.636,3.25
6.462,1.001,0.523,2.43,11.182,461.015,41.229,115696,6.458,1.12,1.179,4.48,37.041,213.161,1.365,0.879,31.434,5,431.447,175.558,461.29,5.684,3.103,3.142,1105.034,584.194,40643.457,8.513,27.089,5.076,123.141,135.582,190.526,113.165,1.475
5.038,1.308,0.797,2.123,8.203,622.28,75.863,144073,3.852,0.927,0.853,5.465,32.027,193.115,1.111,1.186,35.065,2,382.823,224.047,389.389,4.035,2.296,2.144,1101.402,429.891,39089.49,8.159,27.6,4.051,115.421,129.883,167.584,92.928,1.102
5.805,1.241,0.439,2.278,13.756,184.734,13.429,101417,4.677,0.991,1.112,11.129,33.375,88.464,1.178,1.091,19.779,3,395.572,207.831,409.763,4.819,2.544,2.709,1050.355,526.829,36137.755,9.778,29.733,4.56,112.939,136.481,175.91,99.025,2.63
2.426,1.234,0.569,1.656,18.307,255.126,13.936,166991,1.966,0.625,0.946,1.886,27.656,48.592,0.662,1.094,22.713,1,344.326,257.956,359.075,1.493,1.439,1.383,1177.837,450.256,39665.516,8.594,30.549,7.35,113.305,122.275,174.304,79.141,3.362
3.526,1.068,0.419,1.873,18.75,365.758,19.507,50455,3.301,0.823,1.056,9.548,29.265,129.096,0.86,0.977,20.996,2,372.508,237.938,390.303,2.618,1.817,1.857,885.457,364.828,34192.662,8.11,23.352,6.201,107.029,122.256,167.425,93.959,3.53
4.171,1.187,0.436,2.978,19.475,352.279,18.089,166646,3.514,0.836,1.016,5.351,29.857,115.157,0.925,1.116,21.987,2,372.876,232.935,384.07,3.408,2.075,1.933,1221.083,526.14,42327.413,9.555,30.5,6.943,118.189,123.759,179.607,93.067,3.297
4.835,1.556,0.617,1.271,18.555,374.224,20.169,90575,3.108,0.824,1.099,9.924,31.555,111.764,0.964,1.398,21.131,1,366.736,240.117,388.499,3.494,1.782,1.799,1018.744,500.54,37870.912,8.6,27.333,6.491,110.713,116.095,176.986,89.951,3.229
2.274,1.151,0.763,1.719,14.961,655.465,43.813,33879,1.975,0.631,0.54,6.647,24.528,171.636,0.625,1.068,30.775,1,342.798,260.149,351.654,1.147,1.079,1.157,720.611,186.976,30160.058,5.244,16.666,4.255,91.805,134.338,141.467,76.2,2.421
2.84,1.417,0.525,1.442,13.335,326.908,24.515,151595,2.004,0.658,0.622,1.432,25.616,82.918,0.672,1.32,20.225,1,340.241,256.141,355.747,1.802,1.318,1.317,1055.597,310.342,38509.806,8.064,27.308,4.753,104.83,114.732,165.828,74.883,1.915
3.661,1.377,0.661,2.483,17.298,451.329,26.091,157258,2.659,0.759,0.828,11.408,32.501,98.595,0.674,1.3,21.756,1,357.021,244.027,365.263,2.637,1.742,1.584,1132.413,429.417,36456.11,11.15,31.059,7.222,111.797,123.976,171.255,84.11,3.117
7.829,1.876,0.254,2.481,16.878,536.735,31.801,123845,4.174,0.949,0.835,1.91,33.179,170.716,1.07,1.757,28.057,2,383.798,216.312,407.799,6.25,2.123,2.186,1029.28,381.853,39689.573,6.802,25.675,5.08,110.722,134.756,173.487,93.336,3.296
3.988,1.905,0.327,1.443,14.458,262.525,18.158,45902,2.093,0.666,1.229,7.575,30,83.463,0.51,1.843,16.039,1,353.838,258.598,359.729,2.297,1.226,1.313,884.484,454.438,37450.663,8.049,23.552,4.618,103.34,126.001,153.956,83.244,2.532
4.892,1.493,0.501,0.979,9.048,603.087,66.655,226535,3.277,0.844,0.741,10.654,35.629,161.155,0.877,1.384,34.433,1,363.947,239.216,379.734,3.909,2.263,2.055,1332.33,457.126,41891.522,11.216,38.524,3.989,121.466,136.595,179.487,86.581,1.463
3.177,1.33,0.212,0.825,19.113,482.978,25.27,164514,2.388,0.688,0.495,1.877,24.934,115.172,0.715,1.218,25.152,1,339.937,259.791,360.408,2.301,1.519,1.465,1049.655,247.944,37521.825,7.259,26.818,6.909,108.356,126.269,167.124,76.454,3.202
5.665,1.107,0.352,1.74,13.467,412.747,30.648,55456,5.118,0.979,0.602,7.093,34.104,157.507,1.222,0.99,29.19,3,396.9,205.633,418.25,4.657,2.31,2.516,783.781,205.02,33144.483,6.335,19.463,3.22,104.292,136.559,161.572,98.33,2.629
3.684,1.953,0.51,1.703,12.36,666.849,53.952,142404,1.886,0.639,0.558,10.067,27.678,161.869,0.553,1.869,29.752,1,341.114,266.088,342.101,1.981,1.423,1.305,1002.531,272.808,32596.622,9.165,31.086,5.137,102.514,123.491,158.512,75.727,2.224
3.242,1.06,0.209,2.974,15.555,270.447,17.387,139395,3.058,0.787,1.178,11.85,33.723,88.842,0.878,0.966,18.323,1,370.677,244.439,381.934,2.552,2.024,1.741,1135.686,613.35,39718.125,10.546,32.069,6.217,120.044,117.955,184.911,89.995,2.789
5.099,1.298,0.359,1.834,16.086,718.223,44.649,43288,3.93,0.859,0.864,8.968,31.981,204.592,1.089,1.183,36.917,2,376.608,226.717,395.554,3.81,1.907,2.121,803.616,341.549,31640.156,7.26,21.836,4.597,105.335,124.668,161.662,87.178,2.581
2.033,1.298,0.508,1.364,10.528,492.734,46.801,163509,1.566,0.542,1.15,4.062,25.355,116.578,0.465,1.222,26.75,1,341.864,265.907,345.189,1.213,1.399,1.115,1198.24,621.994,38647.256,10.131,31.464,5.446,119.674,110.176,188.197,78.031,1.677
2.046,0.568,0.544,2.761,18.043,526.422,29.176,207831,3.604,0.825,0.799,8.695,31.291,164.132,0.795,0.446,34.122,2,377.405,223.624,393.841,1.998,2.335,1.997,1262.822,434.139,40844.731,11.199,35.757,7.512,117.738,129.624,189.629,87.657,3.371
3.314,1.164,0.755,1.88,11.479,712.541,62.072,194781,2.847,0.778,1.368,8.763,33.482,212.421,0.851,1.038,31.527,1,367.923,246.385,388.61,2.547,1.966,1.712,1361.199,830.445,44263.993,11.63,38.018,5.539,126.404,121.039,206.276,92.08,1.92
2.22,1.233,0.587,2.118,10.24,672.308,65.654,74653,1.801,0.617,1.48,8.7,26.937,193.014,0.51,1.101,29.939,1,344.057,262.725,353.707,1.233,1.22,1.339,1065.438,680.013,40745.935,9.103,26.432,3.478,117.556,115.907,186.59,83.91,1.669
2.648,1.122,0.449,1.01,12.877,521.093,40.468,219704,2.359,0.671,1.104,10.397,34.352,138.885,0.626,0.999,30.725,1,350.77,258.109,365.937,2.018,1.876,1.354,1340.886,696.231,42115.492,12.69,37.733,5.678,123.722,123.98,182.619,83.758,2.787
4.033,1.635,0.758,1.642,16.767,627.231,37.409,105359,2.467,0.731,1.337,1.961,32.744,199.144,0.832,1.561,33.641,1,359.51,246.681,368.717,2.506,1.483,1.586,1081.62,655.129,38824.651,8.827,25.107,6.501,115.387,122.236,183.053,89.987,2.992
6.816,1.124,0.671,2.877,19.585,403.324,20.593,238231,6.064,1.084,0.91,2.193,35.989,174.321,1.471,0.979,26.879,4,424.757,192.759,453.486,6.103,3.161,3.152,1345.421,562.621,45226.341,10.004,35.439,9.082,126.506,137.891,200.237,106.804,3.464
5.432,1.071,0.32,2.097,17.711,483.164,27.28,45784,5.074,1.043,1.422,8.047,33.876,192.655,1.143,0.92,38.258,3,405.611,205.355,430.662,4.476,2.421,2.844,927.694,633.303,37415.614,8.39,24.519,6.74,115.924,137.175,179.279,107.985,3.118
5.076,1.909,0.279,1.558,19.284,143.449,7.439,136965,2.658,0.733,1.298,11.493,33.367,77.802,0.712,1.83,17.676,1,360.169,247.844,377.767,3.453,1.775,1.621,1160.092,645.383,39956.474,11.291,32.599,8.721,111.21,118.427,176.085,87.948,3.297
3.761,1.19,0.605,2.176,9.687,162.901,16.816,161367,3.16,0.818,1.49,6.124,35.961,66.219,0.851,1.088,15.538,1,366.305,237.631,392.131,2.998,2.113,1.825,1288.038,848.541,44867.8,10.348,32.783,4.286,123.578,115.139,192.987,94.06,1.685
7.591,1.821,0.536,2.803,8.854,680.598,76.868,84483,4.168,0.908,1.048,11.566,33.591,200.096,0.99,1.756,29.638,2,384.04,221.204,404.784,5.962,2.231,2.108,981.344,519.492,37607.183,9.483,28.013,2.271,106.95,126.53,165.714,94.42,1.95
4.382,1.545,0.674,1.403,14.692,141.77,9.649,199703,2.837,0.746,1.235,11.319,31.878,53.319,0.95,1.45,17.705,1,360.555,243.334,376.489,3.135,2.012,1.787,1338.004,740.502,43705.384,13.216,36.938,6.735,129.917,121.684,202.384,88.637,2.69
2.523,1.078,0.643,1.911,11.484,218.579,19.034,167917,2.34,0.712,0.951,10.932,28.562,54.452,0.689,0.965,24.868,1,351.749,251.182,368.981,1.737,1.696,1.511,1197.349,507.171,41208.284,11.047,34.22,5.336,116.516,125.488,178.383,83.815,1.719
5.702,1.955,0.575,2.909,17.937,657.083,36.634,33984,2.916,0.733,0.611,11.008,28.804,182.14,0.755,1.934,30.799,1,352.549,237.498,374.598,3.874,1.528,1.674,757.642,213.309,29994.757,6.825,18.927,4.313,93.263,129.991,137.198,80.814,3.123
2.683,1.247,0.792,1.179,16.064,100.802,6.275,163841,2.152,0.691,0.726,10.882,28.176,58.646,0.83,1.18,21.984,1,344.672,252.523,352.661,1.618,1.584,1.503,1105.028,336.802,37158.098,9.804,33.214,7.015,110.409,120.679,163.624,77.339,2.891
4.071,1.86,0.52,2.383,19.649,297.683,15.15,138125,2.189,0.676,1.373,10.019,32.744,61.759,0.733,1.746,23.448,1,349.1,259.655,361.742,2.375,1.576,1.499,1163.268,687.126,43164.508,10.693,32.651,8.29,115.249,114.438,182.304,91.179,3.194
5.044,1.169,0.268,2.152,11.058,508.827,46.016,73126,4.316,0.929,0.367,8.645,28.911,180.303,1.143,1.082,31.685,2,385.119,217.532,397.797,3.992,2.092,2.245,804.335,136.055,28846.77,6.189,18.914,2.527,100.595,140.377,151.819,90.13,1.886
7.245,1.854,0.697,2.295,13.829,516.815,37.371,249064,3.908,0.901,1.01,1.268,33.98,155.989,0.94,1.747,29.686,2,377.006,218.928,402.732,5.964,2.475,2.068,1442.267,637.453,44333.41,10.476,37.006,6.651,127.821,130.226,192.005,95.151,2.267
4.961,1.013,0.351,1.573,14.015,644.007,45.952,227375,4.897,0.958,0.747,2.455,30.808,215.417,1.085,0.9,33.071,3,393.317,205.888,422.581,4.385,2.698,2.649,1311.196,442.146,40858.068,9.795,33.21,6.172,124.008,134.183,186.014,96.987,2.421
6.214,1.512,0.666,1.491,10.87,454.148,41.78,94351,4.11,0.914,0.764,2.477,31.494,168.958,0.953,1.367,29.266,2,382.75,220.421,408.197,4.927,2.002,2.202,933.507,356.25,35489.54,6.737,23.001,3.149,104.068,132.353,159.401,95.023,1.948
7.957,1.769,0.774,2.305,15.081,456.581,30.275,149035,4.497,1.001,1.361,1.259,36.685,168.402,1.21,1.684,25.717,2,392.743,210.585,412.434,6.486,2.382,2.454,1216.776,720.586,43224.371,8.864,30.478,5.85,124.218,129.716,198.601,105.226,2.813
2.789,1.3,0.618,1.274,13.319,607.717,45.626,99630,2.146,0.642,1.325,2.284,29.592,158.026,0.748,1.195,28.093,1,361.312,255.588,363.668,1.677,1.295,1.455,1058.036,596.159,39933.757,7.966,25.313,4.645,110.743,117.758,171.071,84.707,2.127
3.648,1.909,0.558,1.723,13.361,449.037,33.609,200609,1.911,0.636,1.019,11.117,31.006,105.951,0.583,1.823,26.818,1,348.305,258.747,352.663,2.088,1.614,1.457,1287.755,595.36,41229.456,11.935,36.167,5.831,119.295,118.092,179.182,82.737,2.357
4.367,1.82,0.476,1.214,12.353,525.944,42.577,234672,2.4,0.693,0.628,8.302,29.928,149.817,0.687,1.801,33.742,1,349.547,256.016,359.605,3.084,1.909,1.609,1273.327,377.246,39595.393,10.215,35.524,6.155,120.89,123.601,193.306,82.011,2.139
4.531,1.888,0.419,0.818,8.203,728.442,88.8,108942,2.4,0.708,0.871,4.433,29.433,228.239,0.705,1.776,28.42,1,353.371,254.93,366.958,2.76,1.509,1.414,973.002,374.443,34102.794,8.055,24.437,3.013,107.553,132.931,168.013,78.106,1.406
4.466,1.199,0.412,2.934,14.265,381.016,26.71,207228,3.724,0.843,0.79,9.727,33.597,116.776,0.82,1.12,18.809,2,365.513,236.324,391.228,3.663,2.366,2.13,1266.589,464.749,41336.712,11.181,37.131,6.573,120.322,136.182,185.114,92.268,2.38
7.446,1.284,0.582,1.75,12.023,369.588,30.74,139649,5.798,1.08,0.724,6.372,34.017,194.046,1.248,1.145,24.77,3,416.534,189.837,441.511,6.532,2.931,2.943,1048.235,350.159,40356.404,8.595,27.638,4.586,112.948,140.324,177.012,102.75,2.133
6.284,1.289,0.651,2.933,8.016,102.484,12.785,117247,4.875,1.041,0.423,2.563,34.394,82.484,1.271,1.198,21.82,3,394.038,206.183,410.273,5.169,2.358,2.591,936.93,197.706,34513.69,6.816,23.193,2.231,109.079,137.584,169.119,96.859,1.529
5.647,1.377,0.607,1.109,11.695,529.398,45.266,236452,4.101,0.884,0.952,10.73,35.996,197.5,0.936,1.274,28.923,2,383.044,224.874,404.611,4.619,2.521,2.247,1376.426,619.968,43666.493,12.826,38.339,6.208,123.658,131.153,188.801,93.527,1.798
3.856,1.393,0.319,2.092,11.344,120.84,10.653,142289,2.768,0.759,0.662,4.725,29.272,50.252,0.811,1.33,14.548,1,358.703,248.803,367.064,2.578,1.691,1.668,1039.632,312.259,36887.829,8.295,24.985,3.91,107.686,121.771,164.727,83.534,2.368
6.943,1.545,0.496,1.242,12.721,452.904,35.602,132830,4.495,0.961,1.093,8.687,35.197,181.043,1.002,1.46,27.405,2,394.591,212.295,404.656,5.717,2.473,2.549,1107.201,531.756,38997.809,9.876,29.476,4.762,117.712,134.08,177.506,96.061,2.445
7.73,1.16,0.675,2.538,9.582,662.964,69.187,177935,6.665,1.169,0.683,4.197,33.489,244.953,1.43,1.022,28.052,5,425.131,176.303,450.736,6.985,3.311,3.134,1203.325,386.581,42444.138,8.875,30.658,4.225,114.691,138.653,175.892,112.081,1.389
6.927,1.691,0.485,2.524,14.092,484.945,34.412,87471,4.096,0.921,0.817,6.501,30.258,154.104,0.998,1.627,29.695,2,383.421,223.58,400.415,5.383,2.043,2.254,937.987,305.125,37073.363,7.228,23.413,5.876,106.644,131.159,169.019,93.627,2.801
2.009,0.771,0.522,1.048,16.309,288.745,17.704,101454,2.605,0.727,0.363,9.979,27.779,97.226,0.664,0.743,21.197,1,354.72,243.546,369.359,1.339,1.476,1.392,847.199,150.334,33732.099,7.054,24.688,4.553,97.513,129.285,154.756,80.174,3.228
5.818,1.31,0.663,2.807,15.562,650.318,41.788,235050,4.44,0.902,1.491,2.725,32.068,217.214,1.108,1.171,31.622,2,396.659,212.816,413.745,4.967,2.71,2.417,1496.936,975.394,48966.13,12.158,40.591,7.339,136.216,124.429,210.431,102.543,2.656
2.307,1.233,0.597,1.228,17.645,288.802,16.367,179276,1.87,0.64,0.909,11.75,27.442,70.097,0.7,1.146,23.062,1,341.748,262.13,351.382,1.526,1.575,1.266,1227.031,540.461,39521.554,11.297,33.92,7.723,115.913,125.143,179.006,79.429,3.19
3.546,1.796,0.446,2.149,13.424,613.122,45.673,211860,1.974,0.653,0.329,1.772,28.334,122.119,0.574,1.716,30.557,1,340.004,265.247,349.329,2.071,1.551,1.126,1156.57,185.016,36724.566,8.366,30.674,5.776,107.166,133.333,161.974,75.803,2.425
2.357,0.996,0.737,2.968,14.229,527.181,37.049,89644,2.368,0.67,0.949,6.874,28.809,137.44,0.674,0.895,26.235,1,357.643,253.577,361.086,1.626,1.393,1.422,980.749,425.497,35277.478,7.39,26.246,4.667,101.013,125.928,158.154,82.916,2.257
5.623,1.646,0.298,2.741,17.725,218.997,12.355,149633,3.417,0.825,1.344,11.076,34.694,64.498,0.911,1.49,23.874,2,378.086,234.422,389.372,4.141,2.129,1.903,1191.27,710.183,41871.364,10.277,35.551,7.093,122.6,124.247,184.497,95.911,3.356
6.12,1.156,0.797,2.904,13.132,733.594,55.861,243707,5.295,1.063,1.227,11.403,36.269,258.486,1.11,1.045,36.985,3,402.924,196.191,431.498,5.36,3.168,2.771,1449.12,840.764,45961.32,13.491,40.833,6.025,131.414,127.824,207.018,108.187,1.951
2.687,1.547,0.271,1.554,16.419,240.451,14.644,100114,1.737,0.622,1.141,3.553,33.725,54.704,0.494,1.39,15.174,1,345.02,268.96,350.157,1.349,1.158,1.289,975.844,514.501,37124.807,7.204,23.601,5.776,109.734,119.675,171.763,77.747,2.979
4.303,1.087,0.209,1.032,13.215,792.711,59.985,65304,3.957,0.936,0.467,2.584,32.145,232.977,1.153,0.973,34.869,2,377.716,219.823,385.53,3.422,1.916,2.193,831.319,159.649,33238.241,5.297,17.396,4.817,95.23,134.018,146.546,87.265,2.678
4.737,1.377,0.734,1.214,13.013,105.117,8.078,142394,3.439,0.868,1.089,8.968,35,85.117,0.867,1.263,14.859,2,377.46,229.794,386.139,3.763,2.13,1.946,1106.385,567.276,37638.629,10.836,30.976,5.895,112.667,130.62,176.376,94.424,1.972
4.214,1.414,0.347,1.901,17.122,284.438,16.612,115320,2.981,0.75,1.22,1.462,32.688,106.84,0.908,1.344,18.309,1,365.993,247.786,382.686,3.111,1.652,1.895,1089.712,560.809,40562.167,8.186,27.197,6.681,115.878,120.179,178.246,86.41,2.987
2.726,1.04,0.638,2.545,10.098,239.902,23.757,65106,2.622,0.759,0.987,6.338,31.676,90.569,0.687,0.923,22.638,1,355.584,248.596,372.106,1.941,1.435,1.673,929.701,395.579,34881.689,7.115,21.665,3.078,106.784,121.318,166.27,87.431,2.016
4.514,1.274,0.687,1.13,12.063,109.795,9.102,225481,3.543,0.879,1.371,9.76,36.364,89.621,1.022,1.162,17.003,2,372.014,228.458,399.746,3.705,2.471,2.217,1455.201,836.391,47467.529,12.594,41.329,6.335,135.6,126.596,211.039,95.079,2.211
6.507,1.956,0.715,2.251,10.69,612.658,57.311,247959,3.327,0.811,0.632,7.163,31.596,197.686,0.863,1.863,30.131,2,363.437,230.779,385.812,4.998,2.274,1.704,1339.582,429.731,41182.075,10.925,36.251,4.85,119.526,132.945,189.931,89.99,2.072
2.426,1.53,0.795,1.512,12.309,585.398,47.557,155088,1.586,0.561,0.591,3.068,27.511,134.465,0.523,1.49,26.869,1,339.284,267.614,338.376,1.301,1.222,1.079,1073.478,315.55,35655.438,7.814,27.227,4.305,106.089,122.709,166.395,74.062,2.061
2.481,1.287,0.376,1.551,10.764,654.646,60.815,200428,1.927,0.622,1.343,6.357,31.252,158.16,0.766,1.195,31.966,1,348.921,262.527,355.545,1.704,1.646,1.401,1330.734,803.43,42420.957,11.997,36.503,5.095,126.723,121.785,200.615,83.013,1.709
4.129,1.043,0.626,2.256,14.953,279.689,18.705,218988,3.958,0.909,1.05,11.134,34.189,122.446,0.923,0.953,24.664,2,381.35,223.09,396.877,3.598,2.566,2.073,1359.181,657.393,42065.078,12.406,39.381,7.752,129.162,123.77,201.773,97.271,2.62
7.65,1.179,0.269,1.827,17.578,411.035,23.383,184216,6.488,1.119,0.302,7.789,31.29,156.166,1.428,1.061,33.262,5,424.99,182.178,445.756,6.889,3.32,3.302,1097.064,195.458,36482.262,8.757,29.531,6.655,105.713,143.045,163.626,106.906,3.208
6.011,1.392,0.444,2.586,17.439,561.379,32.19,39714,4.318,0.89,0.724,8.936,30.153,185.729,1.07,1.262,29.053,2,389.318,219.219,401.185,4.81,2.078,2.214,771.19,257.599,32797.696,6.837,17.731,4.607,94.073,125.797,147.872,95.119,3.237
6.072,1.948,0.709,1.143,12.374,407.838,32.959,64679,3.117,0.766,1.329,4.699,35.361,94.45,1.1,1.844,20.915,1,366.465,238.48,383.838,4.281,1.671,1.91,973.35,575.441,36296.671,8.365,24.421,4.083,115.048,133.015,179.705,91.883,2.276
4.172,1.141,0.421,2.538,19.865,588.128,29.606,45617,3.655,0.855,0.333,3.073,33.322,182.752,0.866,1.045,28.612,2,373.929,226.866,380.923,3.12,1.752,2.012,725.76,118.462,31271.858,4.574,16.655,5.442,86.671,138.357,132.896,87.458,3.761
5.562,1.764,0.555,0.941,15.126,543.781,35.95,32173,3.154,0.782,0.304,3.812,26.739,174.919,0.799,1.69,31.263,1,353.175,235.713,376.17,3.921,1.438,1.714,685.179,93.532,30038.988,4.279,13.599,4.054,91.464,132.561,136.139,78.866,2.737
2.061,0.62,0.502,1.227,12.793,180.253,14.09,97319,3.323,0.842,0.638,6.865,29.316,75.183,0.984,0.537,17.556,2,368.028,238.412,376.965,1.673,1.801,1.978,907.927,256.56,35572.783,6.673,24.483,3.527,107.251,123.745,164.15,88.055,2.074
5.817,1.981,0.588,2.244,18.026,646.73,35.877,116318,2.936,0.741,1.397,4.082,34.761,197.98,0.779,1.903,26.685,1,368.178,244.132,377.359,4.139,1.83,1.957,1105.656,733.419,38762.886,8.553,28.073,6.888,120.399,115.547,184.5,87.496,2.932
7.48,1.382,0.784,2.681,16.758,604.473,36.07,83026,5.414,1.091,1.382,6.962,37.683,247.449,1.253,1.263,29.219,3,415.864,197.429,437.765,6.254,2.701,2.818,1035.518,629.576,40812.209,8.266,25.546,6.627,114.914,139.25,180.338,109.713,3.127
5.675,1.775,0.233,1.356,16.991,559.084,32.904,44213,3.197,0.836,0.923,8.786,33.08,164.1,0.983,1.651,27.723,1,368.295,238.827,384.294,4.061,1.651,1.88,865.891,389.788,33281.494,7.068,20.857,4.982,99.272,123.082,153.612,87.333,3.232
7.242,1.343,0.544,1.52,10.354,208.566,20.144,146569,5.394,1.088,0.964,9.078,36.703,158.373,1.265,1.183,18.318,3,405.756,200.845,429.338,6.261,2.881,2.896,1167.338,562.579,37241.534,9.538,30.876,4.926,117.82,136.925,179.371,101.581,2.229
6.344,1.628,0.718,1.982,13.62,287.598,21.116,90130,3.897,0.91,0.698,2.812,31.228,112.412,0.949,1.578,23.481,2,376.477,222.99,397.602,4.913,1.967,1.996,888.77,312.061,34683.255,6.219,20.247,4.58,109.558,138.996,169.156,93.273,2.915
2.723,1.192,0.489,1.265,18.342,375.224,20.457,205128,2.285,0.653,0.592,9.255,28.871,116.236,0.728,1.069,23.757,1,357.822,258.87,360.559,1.882,1.702,1.449,1227.132,308.534,38663.238,10.107,35.531,8.756,118.352,125.287,182.162,73.808,3.478
7.415,1.146,0.247,2.585,14.048,295.951,21.066,31771,6.47,1.138,1.278,8.4,37.268,148.441,1.428,0.99,26.318,5,429.573,179.323,465.275,6.431,2.975,3.427,874.199,490.731,38166.768,7.335,20.778,4.143,111.369,129.12,168.946,118.397,2.564
2.399,0.953,0.536,2.502,16.201,259.467,16.015,215355,2.517,0.688,0.428,1.132,26.245,100.869,0.693,0.9,19.9,1,351.974,248.823,363.442,1.78,1.681,1.542,1201.609,242.815,39465.199,7.76,29.915,7.165,107.007,120.108,171.73,74.686,2.819
5.204,1.918,0.399,1.12,15.055,663.75,44.088,240045,2.714,0.777,0.885,1.648,31.499,201.022,0.79,1.869,33.378,1,349.609,247.506,377.147,3.69,2.028,1.688,1349.188,585.024,42722.855,10.464,34.732,7.476,124.549,127.776,192.306,86.72,2.509
2.853,1.477,0.293,1.82,18.108,546.763,30.194,187549,1.931,0.615,1.061,8.109,32.099,162.048,0.538,1.38,26.652,1,342.059,265.442,355.463,1.764,1.596,1.42,1288.769,631.56,42053.726,11.206,36.25,8.707,118.364,115.54,180.297,79.693,3.241
2.07,0.866,0.709,2.505,11.415,495.83,43.438,191401,2.391,0.702,0.424,5.221,27.451,138.334,0.783,0.793,23.814,1,349.362,251.176,363.3,1.387,1.613,1.433,1110.002,235.843,36889.888,8.823,28.615,4.611,109.098,127.668,162.452,72.925,2.021
4.532,1.808,0.513,1.542,14.906,258.167,17.32,235383,2.506,0.732,0.924,2.607,30.787,57.423,0.733,1.686,19.754,1,347.892,250.895,371.906,3.318,1.839,1.451,1335.194,538.425,44579.503,10.713,36.724,7.522,118.688,120.32,184.317,82.721,3.036
3.77,1.069,0.76,2.193,9.479,742.654,78.349,75995,3.527,0.881,0.993,1.488,32.953,231.803,0.908,0.963,29.234,2,375.61,229.264,388.935,2.854,1.818,1.988,924.961,426.082,35073.67,6.696,21.665,2.753,108.293,126.069,169.927,92.731,1.794
4.916,1.335,0.684,0.91,16.283,233.828,14.361,248804,3.683,0.886,1.191,2.753,32.823,65.449,0.881,1.182,26.753,2,375.303,229.042,392.563,4.202,2.349,2.103,1514.349,793.234,47514.275,11.773,37.53,8.602,127.413,124.764,194.883,93.276,2.849
5.463,1.314,0.616,2.139,16.784,656.466,39.113,200165,4.159,0.934,0.582,11.533,32.885,203.796,1.091,1.193,32.574,2,376.538,220.006,396.421,4.694,2.643,2.209,1199.693,330.406,38919.832,11.134,34.344,6.303,108.107,132.311,168.126,91.613,2.827
2.262,1.389,0.203,1.136,8.514,776.671,91.222,189845,1.629,0.572,0.652,9.003,26.116,204.031,0.51,1.34,31.32,1,332.919,266.709,345.313,1.241,1.361,1.08,1138.781,309.986,38025.957,10.633,32.867,3.259,112.058,118.992,169.325,75.603,1.62
2.738,1.356,0.457,2.627,16.109,608.965,37.802,109439,2.019,0.646,0.983,6.805,32.353,193.916,0.486,1.252,28.676,1,352.291,260.382,351.626,1.709,1.402,1.309,995.789,411.561,34909.238,9.123,27.397,5.189,114.345,122.657,176.317,83.922,2.898
5.352,1.149,0.318,1.582,12.976,795.001,61.266,150071,4.66,0.932,1.48,11.357,36.355,260.595,0.991,1.042,28.252,3,400.008,214.027,418.459,4.419,2.638,2.567,1216.709,797.019,43070.565,10.979,34.851,5.691,123.321,130.111,195.486,105.502,2.201
4.059,1.596,0.746,1.419,9.489,555.736,58.565,173861,2.542,0.745,0.561,7.81,27.311,159.577,0.758,1.51,33.177,1,347.733,255.313,367.456,2.845,1.683,1.633,1115.739,259.973,37964.385,9.454,31.16,4.199,108.484,126.424,167.216,81.861,1.554
6.375,1.814,0.305,2.65,13.039,252.222,19.344,166475,3.514,0.847,1.483,8.982,37.495,92.257,0.919,1.646,25.704,2,381.177,232.484,397.764,4.856,2.244,2.107,1268.231,804,44184.132,11.162,35.972,6.07,129.526,124.595,198.189,99.091,2.412
5.914,1.382,0.372,0.91,10.331,242.674,23.49,185096,4.279,0.888,1.157,4.109,33.621,85.078,1.001,1.3,21.942,2,391.908,217.491,398.608,4.958,2.445,2.378,1298.252,662.809,43525.141,10.787,33.902,5.084,127.186,123.642,202.506,98.653,1.743
7.074,1.132,0.51,1.673,12.987,327.195,25.195,48123,6.247,1.172,1.291,7.479,35.783,163.317,1.389,0.947,25.826,5,423.839,184.305,447.606,6.108,2.99,3.064,954.954,567.204,37988.5,7.903,22.563,4.388,113.399,128.559,176.559,116.521,2.234
6.155,1.197,0.358,1.614,12.612,104.991,8.325,108242,5.143,1.019,0.408,2.578,34.073,84.991,1.085,1.081,14.9,3,400.492,201.577,426.68,5.162,2.4,2.597,901.912,217.963,36963.008,6.203,21.106,3.911,100.434,138.93,153.66,97.682,2.161
4.58,1.237,0.326,1.427,16.861,577.189,34.233,125480,3.701,0.898,0.661,5.449,32.402,165.516,0.927,1.133,26.435,2,377.245,227.56,394.06,3.637,2.046,2.129,1025.232,284.501,36786.974,7.834,25.819,5.464,111.696,135.162,169.667,88.499,3.582
6.038,1.3,0.559,2.806,17.291,288.067,16.66,87338,4.645,1.004,0.369,1.366,27.987,104.322,1.253,1.235,18.128,3,390.705,207.607,404.286,4.988,2.171,2.495,854.569,136.448,33631.27,5.291,18.772,4.209,95.49,129.525,143.414,93.372,3.133
3.652,1.643,0.253,2.452,15.284,670.628,43.877,67977,2.223,0.692,0.746,3.383,28.238,171.033,0.788,1.542,31.051,1,344.781,255.632,351.907,2.16,1.248,1.488,849.094,322.87,33190.64,6.767,20.076,3.788,98.325,124.433,154.111,80.056,2.564
3.838,1.601,0.235,0.941,8.272,351.421,42.482,60564,2.397,0.666,1.478,1.824,32.463,102.352,0.736,1.461,26.633,1,353.21,252.72,365.472,2.561,1.371,1.596,969.248,666.715,37911.435,7.905,25.229,2.475,113.623,119.894,179.183,90.608,0.93
6.734,1.696,0.423,2.372,19.172,435.97,22.74,110604,3.97,0.874,0.426,5.266,25.874,141.005,1.028,1.614,25.245,2,368.957,221.298,394.499,5.248,1.963,2.111,914.193,168.18,34051.575,7.431,23.456,6.591,96.728,133.966,149.929,91.673,3.11
4.679,1.363,0.632,1.96,16.235,775.982,47.797,138557,3.434,0.865,0.975,10.273,32.452,211.21,1.021,1.248,35.903,2,368.934,232.382,395.149,3.726,2.072,1.929,1112.492,464.645,38576.35,9.883,31.67,5.707,115.721,125.796,178.574,89.126,2.834
6.79,1.824,0.533,2.782,8.41,269.52,32.046,43854,3.723,0.903,0.307,5.157,30.38,107.536,0.914,1.725,25.286,2,368.611,221.63,393.241,5.146,1.789,2.058,704.399,136.15,31471.073,3.949,16.358,1.663,95.044,134.819,149.672,85.256,1.844
6.935,1.204,0.454,1.488,17.826,604.878,33.932,238220,5.759,1.075,1.155,10.148,33.159,232.057,1.297,1.078,26.551,3,414.071,194.181,434.261,6.058,3.332,2.923,1437.271,736.209,45869.621,13.175,41.471,8.732,137.315,136.726,207.166,109.238,3.631
7.145,1.469,0.539,2.063,10.403,628.582,60.422,198353,4.864,0.986,0.537,8.221,32.526,219.58,1.064,1.333,37.197,3,392.729,206.463,412.264,6.192,2.71,2.544,1189.182,303.964,41039.484,9.463,32.97,4.974,114.13,131.863,177.204,97.064,1.809
7.5,1.801,0.419,1.902,14.951,254.699,17.036,190787,4.164,0.888,0.456,6.605,30.499,96.744,0.926,1.66,25.393,2,386.446,220.457,393.654,6.166,2.321,2.165,1143.767,230.395,36326.798,9.017,32.694,5.966,110.435,139.23,171.243,88.713,2.75
4.586,1.18,0.762,1.877,13.6,450.698,33.14,68029,3.886,0.929,0.704,3.606,29.578,160.513,1.068,1.142,28.524,2,375.631,225.722,394.489,3.551,1.922,2.138,878.414,310.379,36155.057,6.03,19.912,4.249,104.131,126.671,163.062,89.521,2.394
3.913,1.11,0.233,1.803,13.038,345.141,26.472,162836,3.526,0.821,1.225,11.144,34.589,114.863,0.985,0.998,26.684,2,375.523,235.787,386.947,3.159,2.307,2.109,1199.259,639.943,42314.547,11.386,35.853,5.678,119.59,128.411,187.281,94.255,2.401
5.493,1.884,0.604,1.252,18.677,640.334,34.285,146539,2.916,0.745,0.428,1.596,30.324,163.882,0.783,1.812,33.9,1,349.501,240.786,367.108,3.942,1.714,1.664,979.107,195.291,35180.357,7.142,26.56,7.098,103.298,129.134,158.48,81.499,3.301
4.227,1.343,0.735,2.463,13.248,535.738,40.438,246143,3.148,0.811,0.576,8.578,29.458,176.201,1.01,1.232,29.516,1,371.327,238.82,372.688,3.486,2.253,1.796,1316.053,318.384,41588.09,10.911,38.121,6.144,120.602,127.67,194.351,83.029,2.256
5.606,1.684,0.682,1.793,8.904,433.188,48.65,194487,3.329,0.8,0.31,7.834,28.443,144.828,0.894,1.634,30.315,2,357.769,239.257,379.065,4.279,2.117,1.741,1095.6,190.503,38124.293,9.412,30.605,2.532,109.638,124.151,165.601,76.719,1.462
6.234,1.025,0.31,2.909,19.36,645.554,33.345,156667,6.079,1.158,1.462,5.851,39.2,238.03,1.334,0.858,31.414,5,421.223,185.051,449.233,5.648,3.145,3.33,1284.042,820.009,43269.504,10.583,32.772,8.764,123.295,137.811,189.202,113.197,3.583
6.13,1.69,0.378,1.374,19.046,264.609,13.893,217178,3.627,0.815,1.011,3.644,31.423,73.963,0.823,1.501,23.261,2,378.181,233.948,390.444,4.788,2.283,2.049,1307.072,582.177,42540.99,11.598,34.754,9.434,120.534,122.633,190.26,95.347,3.659
4.247,1.316,0.63,2.302,16.213,627.535,38.705,64120,3.227,0.768,1.164,5.738,28.015,173.606,0.921,1.191,34.727,1,370.713,233.529,387.009,2.919,1.752,1.937,912.591,502.742,35930.393,6.939,23.728,5.499,102.367,123.622,156.129,94.651,2.794
3.001,1.056,0.251,2.87,13.615,705.762,51.838,33347,2.843,0.759,1.082,10.6,32.41,229.663,0.819,0.943,24.607,1,368.558,250.353,382.09,2.06,1.447,1.727,868.094,394.769,32208.576,7.721,24.046,4.244,97.577,126.003,151.691,86.886,2.564
4.583,1.61,0.687,2.26,9.114,715.035,78.452,181851,2.847,0.758,0.473,10.204,27.367,183.148,0.862,1.525,34.223,1,358.859,241.121,376.776,3.438,1.927,1.557,1104.212,243.849,38002.881,10.02,32.402,3.699,106.085,138.483,162.302,84.203,1.658
2.856,1.241,0.631,2.717,17.489,648.572,37.085,51628,2.301,0.66,1.014,11.355,29.192,169.36,0.465,1.142,33.027,1,351.239,251.274,364.622,1.704,1.43,1.478,833.78,339.2,31973.823,7.959,23.453,4.185,101.696,120.256,156.063,82.624,3.041
7.341,1.387,0.638,2.62,8.906,385.61,43.299,55395,5.293,1.035,0.458,4.386,35.163,161.929,1.246,1.266,20.654,3,404.03,203.069,421.587,5.883,2.402,2.612,765.589,170.297,33460.294,5.064,17.4,1.398,96.927,137.585,145.058,94.475,1.725
4.075,1.081,0.26,1.592,8.823,787.266,89.227,193829,3.771,0.866,0.781,5.258,31.252,246.892,0.929,0.958,35.992,2,380.345,232.199,397.613,3.263,2.303,2.102,1237.349,468.648,42398.407,10.286,32.35,4.268,111.265,131.39,175.504,90.165,1.834
2.927,1.147,0.631,2.12,14.449,365.716,25.311,89517,2.551,0.747,0.983,1.206,30.896,82.691,0.667,1.039,21.749,1,353.11,246.994,372.59,1.994,1.397,1.331,985.776,394.491,38275.847,7.097,21.155,5.628,104.594,125.009,165.253,86.103,2.406
2.153,0.758,0.608,1.144,9.922,547.038,55.136,168298,2.841,0.721,0.971,11.372,31.558,162.785,0.765,0.612,29.752,1,364.701,244.376,377.683,1.731,1.93,1.642,1148.838,499.491,38914.448,10.617,33.631,3.675,111.769,120.829,176.36,85.406,1.692
5.875,1.09,0.699,1.978,8.093,212.752,26.289,231829,5.391,1.095,0.443,4.623,33.917,92.878,1.38,0.926,21.412,3,400.579,195.243,417.6,5.352,2.961,2.732,1246.893,310.338,40551.475,9.127,33.101,3.628,118.326,145.236,181.688,99.259,1.737
5.821,1.911,0.225,1.307,13.077,786.314,60.128,99624,3.047,0.795,0.341,5.446,27.069,225.897,1.038,1.836,32,1,357.837,238.584,375.953,4.116,1.663,1.608,856.207,164.293,30691.321,6.577,24.243,4.229,95.673,129.282,149.621,80.955,2.335
4.044,1.006,0.214,2.436,9.647,592.79,61.451,77771,4.019,0.871,1.258,10.986,33.36,183.977,1.008,0.89,33.632,2,385.498,226.509,404.952,3.134,2.152,2.272,996.061,542.111,38637.406,9.435,28.417,4.193,116.199,127.932,188.089,97.657,1.54
2.43,1.24,0.424,1.962,9.926,627.364,63.203,53443,1.96,0.602,1.171,6.793,29.975,152.621,0.542,1.171,28.835,1,345.476,260.252,353.608,1.322,1.103,1.284,861.377,416.941,32618.269,7.787,21.82,2.953,104.293,117.809,162.815,84.329,1.786
4.458,1.123,0.289,1.705,8.923,146.044,16.367,58701,3.969,0.9,0.398,7.228,30.935,86.924,0.953,1.028,20.061,2,373.679,223.413,389.401,3.533,1.884,2.09,727.198,104.87,29322.278,5.801,17.356,2.64,93.189,131.388,139.818,90.017,1.596
3.867,1.308,0.535,1.391,10.461,634.392,60.643,43688,2.957,0.753,0.453,2.939,29.43,181.393,0.886,1.193,34.815,1,361.701,246.401,372.825,2.755,1.51,1.6,695.816,197.782,29830.741,5.014,14.666,3.544,91.648,133.17,138.639,81.5,2.081
6.063,1.926,0.75,2.997,16.586,642.306,38.726,49281,3.148,0.783,1.371,6.485,38.049,194.15,0.77,1.75,28.438,1,364.254,234.601,375.657,4.226,1.697,1.974,901.163,535.811,34982.208,8.527,24.994,5.091,108.053,123.558,163.877,94.667,2.936
5.635,1.162,0.435,0.958,17.707,570.241,32.204,125041,4.85,0.966,1.223,11.1,32.13,206.3,1.182,1.009,30.143,3,395.29,209.646,420.882,4.728,2.524,2.638,1117.944,562.975,38977.266,11.038,30.238,6.961,122.632,120.453,195.363,100.715,3.149
4.188,1.966,0.707,0.896,13.43,304.337,22.66,100590,2.13,0.667,1.495,7.146,33.941,100.876,0.698,1.865,20.789,1,355.996,259.241,362.188,2.485,1.501,1.505,1124.528,704.08,40595.298,9.298,30.851,4.733,115.982,119.227,181.349,90.639,2.362
3.307,1.206,0.2,1.278,14.079,442.783,31.451,185443,2.743,0.749,0.605,3.806,31.777,110.661,0.807,1.165,25.25,1,355.128,248.259,364.573,2.413,1.726,1.598,1133.933,287.302,39353.791,9.785,30.271,5.06,113.499,125.131,169.627,80.392,2.55
7.928,1.742,0.301,2.936,8.392,177.304,21.128,221453,4.552,0.92,0.885,1.343,33.562,107.223,0.943,1.634,26.579,2,394.762,213.446,408.947,6.688,2.656,2.599,1341.671,518.712,43693.911,10.108,33.601,4.378,125.915,124.15,200.38,95.767,1.787
4.724,1.547,0.218,2.954,8.832,430.111,48.7,202650,3.054,0.789,0.584,4.699,28.497,134.057,0.821,1.424,27.277,1,362.247,244.17,368.282,3.564,2.035,1.713,1193.751,379.986,39663.256,8.789,30.711,4.287,112.305,132.812,176.339,85.159,1.717
6.13,1.884,0.397,2.241,11.091,270.677,24.405,146740,3.253,0.835,1.047,7.299,35.541,88.207,0.792,1.749,23.049,1,363.687,239.643,388.338,4.533,1.982,1.856,1137.737,552.787,40979.359,9.868,32.039,4.998,111.073,123.623,172.861,89.57,1.756
2.843,1.554,0.745,2.736,14.527,344.368,23.706,52537,1.83,0.583,0.438,1.469,22.368,69.343,0.526,1.464,24.514,1,337.571,263.736,337.003,1.395,0.914,1.034,695.251,160.563,29894.866,4.625,16.566,3.018,89.754,125.038,145.187,71.681,2.658
4.914,1.535,0.258,1.271,16.875,213.82,12.671,186148,3.202,0.837,0.453,7.708,28.484,86.089,0.98,1.437,21.983,1,364.3,245.914,376.552,3.762,1.973,1.86,1144.402,276.804,37845.657,9.235,31.838,6.656,112.438,135.156,173.362,82.259,3.093
2.165,0.84,0.564,2.938,15.26,261.038,17.106,109822,2.577,0.728,0.386,6.758,30.626,64.385,0.86,0.8,15.961,1,351.192,247.725,357.947,1.698,1.54,1.612,888.495,215.472,32597.956,6.917,22.97,4.985,93.782,127.783,150.81,75.245,2.811
5.033,1.166,0.471,1.114,12.706,153.598,12.089,48843,4.315,0.977,1.132,9.618,33.512,89.657,1.129,1.079,26.638,2,387.127,219.143,416.46,3.927,2.096,2.33,862.485,457.566,35924.843,8.249,24.184,2.697,108.724,131.254,159.684,97.386,1.957
7.784,1.916,0.763,1.022,9.42,743.931,78.974,215342,4.062,0.875,0.893,1.318,35.264,263.856,0.95,1.806,29.705,2,380.943,216.978,400.162,6.265,2.369,2.172,1309.531,557.746,41053.957,9.988,34.813,4.546,124.932,126.384,190.713,96.191,1.698
4.305,1.328,0.274,1.047,17.369,471.287,27.133,104407,3.242,0.85,1.041,9.589,29.345,158.953,1.05,1.224,32.381,1,366.534,241.45,375.332,3.302,1.905,1.889,1010.682,455.749,37754.52,8.888,28.555,7.084,115.65,131.594,182.425,92.523,2.982
2.234,1.372,0.327,2.061,12.365,377.719,30.546,78014,1.628,0.582,1.355,6.73,28.186,113.19,0.514,1.247,25.627,1,337.558,268.626,354.269,1.053,1.116,1.212,1002.752,569.553,37062.751,8.404,25.125,4.908,112.778,115.906,181.519,82.79,1.886
2.186,1.6,0.218,2.518,16.833,474.52,28.19,221719,1.366,0.53,1.188,5.076,28.045,100.666,0.402,1.459,26.523,1,330.625,273.13,339.948,1.091,1.501,0.921,1368.836,675.965,42434.51,11.201,37.889,6.859,125.23,118.529,189.235,77.465,3.236
4.328,1.339,0.46,1.607,14.156,539.805,38.133,228469,3.233,0.81,0.854,11.619,31.975,174.3,0.938,1.293,27.82,1,368.288,236.276,385.306,3.364,2.203,1.917,1350.543,520.161,41830.463,12.133,39.67,6.89,123.072,133.498,189.089,88.705,2.466
2.96,1.952,0.367,2.951,16.864,745.315,44.196,104573,1.516,0.528,1.481,2.761,29.814,167.091,0.536,1.781,40.559,1,338.622,268.726,353.607,1.237,0.975,1.262,1077.795,623.237,40449.744,9.079,29.218,6.47,111.92,106.577,174.141,79.597,2.938
2.14,0.95,0.722,1.756,18.887,225.085,11.917,108056,2.253,0.705,0.848,6.955,28.87,59.105,0.676,0.805,22.261,1,351.325,254.386,365.619,1.471,1.392,1.282,992.752,411.169,35108.776,8.631,26.525,6.699,103.843,121.632,157.2,83.281,3.551
6.537,1.597,0.563,1.131,19.052,306.887,16.108,157518,4.092,0.923,0.435,4.531,33.662,142.92,1.054,1.56,23.419,2,375.632,218.935,396,5.201,2.245,2.298,1068.711,215.206,36975.174,7.736,27.927,7.18,102.616,133.533,158.001,88.727,3.621
4.751,1.881,0.568,1.825,14.421,783.053,54.298,191357,2.526,0.686,1.491,6.802,35.224,204.258,0.752,1.767,32.715,1,355.127,249.063,376.743,3.303,1.909,1.762,1405.43,924.885,45063.426,12.248,37.847,6.931,128.252,119.161,205.12,88.507,2.501
3.735,1.05,0.519,2.294,14.138,359.835,25.451,43892,3.559,0.808,0.327,7.075,28.18,138.507,0.915,0.938,22.263,2,365.703,231.836,382.396,2.757,1.68,1.625,714.412,91.727,31801.099,5.449,15.743,2.372,92.181,134.09,138.756,86.815,2.541
7.4,1.257,0.255,2.631,11.188,115.793,10.35,160535,5.887,1.043,0.96,1.984,30.934,95.793,1.306,1.156,19.218,3,423.945,187.372,438.677,6.413,2.968,2.789,1180.465,540.174,42491.223,8.703,29.93,4.778,119.409,138.489,184.122,107.813,1.783
2.697,1.465,0.467,1.809,19.23,203.35,10.575,239620,1.841,0.617,0.671,8.272,23.775,65.679,0.567,1.412,16.761,1,339.461,259.976,352.812,1.792,1.658,1.186,1311.072,425.613,42363.143,12.035,37.434,9.138,119.089,120.168,185.679,75.084,3.253
7.736,1.227,0.8,2.106,13.495,118.437,8.776,87660,6.305,1.143,0.904,7.979,35.809,89.402,1.436,1.059,21.571,5,425.107,178.141,444.629,6.775,3.1,3.275,993.996,420.08,36942.874,8.139,26.903,4.417,112.788,136.242,176.684,114.082,2.662
3.884,1.744,0.701,1.388,9.531,792.946,83.196,229941,2.227,0.672,0.97,9.464,31.252,222.681,0.686,1.635,32.573,1,350.467,259.008,360.496,2.61,1.858,1.447,1341.901,583.645,43062.247,12.003,37.337,5.106,119.138,126.869,181.205,81.184,1.696
7.33,1.919,0.736,2.221,13.192,295.21,22.377,239037,3.82,0.862,0.588,1.997,30.828,107.561,0.931,1.853,25.845,2,369.011,222.868,388.812,5.925,2.321,2.048,1316.355,329.681,40743.153,10.02,32.809,5.258,119.809,132.521,184.99,90.291,2.551
5.618,1.424,0.694,2.969,9.525,746.48,78.374,89213,3.946,0.897,0.968,4.27,32.491,249.725,0.991,1.289,37.197,2,386.499,223.26,401.791,4.478,2.129,2.229,1010.493,443.447,37495.593,6.898,24.485,2.506,109.634,122.353,168.773,95.625,1.652
6.96,1.342,0.262,0.908,14.03,797.12,56.814,195924,5.186,1.026,1.207,8.151,33.537,240.324,1.204,1.22,35.867,3,404.429,201.436,424.792,5.978,2.93,2.686,1323.588,731.364,41822.685,11.422,38.056,6.542,126.152,124.002,196.751,104.094,2.573
7.904,1.962,0.336,2.75,14.735,519.889,35.282,82530,4.03,0.86,0.62,2.504,32.108,177.312,0.863,1.911,30.178,2,373.487,222.448,394.452,6.135,1.868,2.226,828.759,238.265,33387.592,6.068,20.153,3.933,95.002,128.882,142.548,90.365,2.285
3.73,1.445,0.202,2.037,12.053,123.237,10.225,192274,2.582,0.707,0.76,8.454,32.885,46.212,0.69,1.286,19.801,1,352.026,247.588,366.098,2.639,1.758,1.527,1180.817,439.888,39265.72,10.655,33.554,5.467,112.17,127.347,178.95,81.69,2.319
7.767,1.489,0.382,1.355,8.86,157.114,17.733,205432,5.216,0.982,0.622,1.649,27.836,69.974,1.175,1.375,15.468,3,399.281,205.067,428.165,6.607,2.83,2.494,1226.804,310.218,41107.355,8.95,31.17,3.59,116.103,136.613,180.992,95.441,1.57
4.337,1.352,0.265,2.901,19.322,437.112,22.622,84385,3.209,0.838,1.285,4.684,33.044,121.145,0.801,1.241,31.476,1,373.599,236.147,383.875,3.122,1.672,1.877,1002.467,562.018,37935.948,7.636,24.926,7.458,113.759,121.3,180.595,88.948,3.345
4.313,1.91,0.484,1.863,17.28,384.32,22.24,187491,2.259,0.692,1.17,10.314,29.038,76.62,0.657,1.754,23.607,1,349.633,258.195,362.127,2.689,1.786,1.515,1266.919,598.727,42951.829,11.327,37.523,7.301,121.957,124.041,186.749,80.499,3.201
4.042,1.569,0.606,1.53,18.067,524.324,29.022,208662,2.576,0.758,1.345,9.517,29.499,134.915,0.983,1.439,30.227,1,370.312,250.178,367.434,2.925,1.922,1.651,1369.84,808.512,43670.56,12.302,38.652,8.734,134.125,122.989,203.013,88.281,3.41
5.248,1.762,0.725,1.199,12.402,407.193,32.832,108887,2.978,0.761,0.504,8.092,26.891,132.572,0.728,1.712,27.396,1,354.903,240.365,367.641,3.642,1.759,1.635,922.672,216.652,35274.68,7.659,25.166,3.013,104.106,124.48,157.545,79.911,2.136
2.925,1.812,0.65,1.338,17.13,753.854,44.008,66894,1.614,0.593,0.388,10.575,27.433,191.053,0.54,1.728,25.751,1,335.389,268.566,341.827,1.135,1.06,1.067,739.414,136.959,31070.808,6.251,19.786,4.407,92.068,122.29,145.509,69.097,2.833
5.322,1.342,0.763,2.632,13.824,474.318,34.31,50232,3.966,0.905,0.443,8.802,31.448,161.662,0.953,1.207,25.509,2,367.931,231.81,392.708,4.14,1.841,2.131,730.819,186.247,32500.811,6.664,20.86,3.572,95.235,125.839,145.852,87.242,2.808
5.25,1.434,0.232,2.152,10.413,585.608,56.238,156583,3.662,0.857,0.493,6.713,33.179,169.158,0.945,1.379,32.59,2,370.354,233.657,386.676,4.184,2.14,1.872,1076.511,245.907,38748.565,8.55,25.952,4.528,111.765,127.004,166.757,86.56,1.816
6.571,1.848,0.207,2.809,9.493,727.54,76.639,245181,3.555,0.825,0.94,11.777,31.676,238.178,0.85,1.758,33.675,2,374.857,230.99,396.452,5.187,2.515,2.089,1383.099,644.913,42552.058,12.984,39.941,3.84,130.163,119.695,202.474,90.536,1.297
7.002,1.363,0.597,1.31,12.141,202.81,16.705,211049,5.136,1.044,1.465,8.643,32.874,109.377,1.208,1.219,23.314,3,402.624,207.242,423.888,6.117,2.929,2.782,1440.423,943.108,47663.535,12.571,41.928,5.979,135.23,123.417,208.323,107.125,2.057
4.643,1.794,0.374,1.067,9.651,260.814,27.026,125884,2.588,0.753,0.729,7.615,29.477,80.346,0.73,1.702,21.81,1,359.866,250.986,374.951,3.036,1.574,1.598,1008.257,335.686,34876.12,7.867,27.23,4.132,112.461,133.483,173.133,85.722,1.805
3.814,1.941,0.352,0.813,19.979,175.123,8.765,148056,1.965,0.614,1.45,5.498,28.397,58.571,0.696,1.865,22.523,1,351.61,268.147,365.345,2.139,1.512,1.386,1219.988,747.706,43331.001,10.373,31.84,9.324,118.546,115.221,176.905,85.755,3.536
3.556,1.623,0.399,1.917,8.59,197.747,23.02,91496,2.191,0.644,0.346,10.927,24.703,41.453,0.662,1.567,19.863,1,341.621,255.861,351.043,2.148,1.39,1.247,835.703,121.176,31297.421,7.655,21.95,2.095,94.851,119.47,140.984,76.482,1.51
3.168,1.742,0.362,2.996,13.294,458.809,34.513,65874,1.819,0.619,1.412,4.253,32.236,120.047,0.528,1.655,30.218,1,348.556,268.212,358.526,1.641,1.276,1.397,945.021,593.117,36393.571,7.852,23.88,4.054,120.25,118.941,184.195,82.206,2.28
2.346,1.195,0.507,2.329,13.425,324.825,24.195,136057,1.963,0.661,0.517,1.101,28.385,90.521,0.726,1.101,19.823,1,338.134,260.611,346.663,1.392,1.317,1.249,993.286,225.798,35666.359,7.165,24.135,3.817,105.697,126.837,160.121,77.62,2.317
4.055,1.845,0.464,1.478,11.608,396.221,34.135,131970,2.198,0.684,1.395,3.164,32.96,99.549,0.619,1.677,24.258,1,358.512,264.7,366.364,2.426,1.61,1.505,1178.492,739.168,42032.772,9.258,30.158,3.726,118.728,120.125,181.751,86.026,1.792
3.621,1.395,0.507,2.729,14.856,787.743,53.024,144824,2.596,0.709,0.367,2.205,27.268,225.402,0.619,1.342,32.751,1,354.463,248.368,370.12,2.595,1.551,1.272,995.887,176.477,35834.125,7.103,24.553,4.984,102.818,124.85,162.698,83.184,2.404
7.799,1.051,0.604,2.52,9.8,209.693,21.398,239617,7.418,1.216,1.438,4.509,39.922,160.318,1.532,0.93,23.272,6,449.4,170.648,477.87,7.275,3.945,3.772,1502.698,948.064,49401.324,12.333,38.435,4.831,139.764,137.463,212.378,121.558,1.794
5.346,1.402,0.432,0.834,17.407,478.568,27.493,162856,3.814,0.869,0.541,10.085,29.76,154.894,1.127,1.304,26.603,2,376.502,229.216,389.464,4.282,2.202,2.027,1077.138,277.996,37484.695,9.594,30.58,7.593,114.713,127.34,174.183,86.053,3.363
4.084,1.674,0.351,2.597,11.989,169.21,14.113,163269,2.44,0.728,0.663,8.167,31.618,50.354,0.607,1.616,18.452,1,344.641,255.818,358.608,2.831,1.642,1.543,1047.68,313.517,37086.145,9.684,30.688,4.57,112.675,129.698,172.538,79.66,2.083
5.483,1.45,0.3,1.461,15.096,322.947,21.393,58165,3.78,0.899,0.889,2.859,33.03,123.845,0.896,1.333,21.554,2,382.805,234.657,391.452,4.305,1.844,2.244,848.996,355.427,32015.23,5.674,20.205,4.381,103.532,133.386,156.622,91.422,2.968
2.835,1.336,0.41,1.129,16.588,469.268,28.29,249227,2.122,0.661,0.757,9.677,28.549,135.578,0.729,1.25,24.995,1,345.362,256.169,354.149,2.027,1.803,1.408,1357.537,506.422,43622.228,12.311,39.356,8.209,116.438,123.527,179.618,76.589,3.183
4.664,1.357,0.645,1.298,18.669,762.642,40.852,200025,3.437,0.816,1.101,6.546,32.614,223.602,0.848,1.3,34.297,2,376.981,235.876,384.452,3.66,2.077,1.976,1330.644,657.399,42838.158,11.415,34.325,9.209,121.428,119.8,192.324,95.221,3.301
5.757,1.635,0.654,1.831,18.029,373.86,20.736,222984,3.522,0.881,1.47,6.64,34.421,140.772,1.019,1.497,18.808,2,381.091,230.495,394.065,4.608,2.32,2.091,1487.512,959.681,46986.721,13.386,38.954,9.993,133.972,127.897,206.507,100.028,3.329
4.933,1.186,0.6,1.735,15.3,145.435,9.506,121146,4.158,0.932,1.028,4.983,36.483,86.51,0.991,1.06,12.457,2,389.164,220.804,404.03,3.924,2.279,2.495,1064.358,511.703,40790.527,8.523,28.525,5.829,113.828,127.395,177.466,95.759,2.821
4.411,1.749,0.34,1.436,12.661,371.713,29.36,140468,2.521,0.748,1.166,10.511,32.132,79.888,0.79,1.587,24.463,1,352.85,252.143,367.845,3.042,1.731,1.655,1162.153,592.496,36941.206,9.699,31.591,5.138,120.106,124.216,176.879,88.658,2.143
7.963,1.546,0.553,1.179,14.038,202.019,14.39,144858,5.152,1.03,0.406,4.502,31.974,88.322,1.353,1.468,12.861,3,393.106,204.562,409.01,6.651,2.615,2.614,1003.667,182.923,36484.611,6.713,24.775,5.011,106.345,140.405,165.16,98.774,2.083
7.282,1.204,0.542,2.477,17.225,260.993,15.152,72700,6.048,1.142,1.053,2.036,35.443,158.114,1.283,1.049,22.514,5,428.386,188.392,445.074,6.208,2.756,3.091,921.517,372.195,33808.388,6.344,21.483,5.526,113.907,132.6,182.459,109.956,3.097
5.74,1.292,0.491,2.978,18.531,532.663,28.745,181687,4.443,0.978,0.845,4.33,34.804,177.757,1.203,1.184,28.098,2,382.349,214.369,407.7,4.745,2.505,2.32,1215.339,414.098,41227.909,9.919,30.151,7.618,114.329,141.174,177.602,94.9,3.45
5.416,1.749,0.53,2.511,9.245,147.197,15.921,228654,3.097,0.779,1.363,8.869,34.217,61.404,0.897,1.622,20.422,1,364.993,240.38,392.09,4.14,2.304,1.719,1473.452,889.422,45731.583,13.754,41.381,5.29,129.747,122.294,201.621,95.601,1.513
5.724,1.483,0.495,1.451,12.618,425.307,33.706,66015,3.861,0.925,0.766,8.233,31.618,161.965,0.915,1.365,24.318,2,377.325,219.543,394.234,4.391,2.028,2.258,851.215,315.403,30434.933,7.014,20.973,3.663,104.894,128.947,163.728,93.468,2.65
3.208,1.216,0.539,1.339,17.313,526.623,30.417,48990,2.638,0.696,1.115,3.068,28.501,147.606,0.778,1.112,32.658,1,358.817,251.173,375.162,2.149,1.4,1.549,856.159,421.722,35699.277,6.509,21.566,4.681,110.508,125.953,177.56,84.343,3.289
4.371,1.967,0.629,1.279,13.18,395.301,29.993,192408,2.222,0.689,0.574,2.23,26.757,107.875,0.708,1.888,27.182,1,343.57,260.056,354.062,2.798,1.526,1.348,1157.649,362.146,36972.823,7.503,28.418,5.35,111.256,132.272,177.862,80.27,2.061
2.237,1.086,0.266,1.101,11.987,113.388,9.459,90104,2.06,0.676,0.611,8.27,28.187,20,0.687,1.043,13.001,1,345.651,261.371,357.841,1.335,1.38,1.296,874.864,247.398,34598.837,7.661,23.219,4.029,102.412,117.12,154.651,74.713,2.1
4.853,1.957,0.65,2.013,12.936,789.864,61.06,167249,2.48,0.697,0.751,8.44,32.07,220.811,0.752,1.917,33.682,1,355.758,245.348,359.793,3.185,1.763,1.606,1177.629,336.978,38061.097,9.77,31.702,4.604,115.969,119.381,184.563,82.133,2.138
5.258,1.427,0.282,2.132,15.234,356.981,23.433,183066,3.684,0.877,0.665,5.028,30.678,131.879,0.947,1.35,29.012,2,372.897,233.656,391.057,4.174,2.104,1.962,1181.571,379.394,39021.454,9.045,31.518,6.166,117.314,127.876,187.341,87.138,2.649
3.366,1.475,0.24,2.352,19.998,645.004,32.254,100820,2.282,0.684,0.605,10.271,27.439,162.501,0.706,1.434,28.768,1,346.052,254.709,360.826,1.982,1.354,1.407,908.952,283.798,31342.78,7.706,25.099,5.961,103.436,134.138,153.485,78.56,3.712
7.784,1.898,0.786,2.296,13.916,327.953,23.567,209331,4.101,0.935,0.36,11.76,27.139,109.517,1.077,1.834,23.781,2,377.331,220.438,397.319,6.416,2.417,2.196,1113.445,218.9,38570.519,10.379,33.587,6.514,111.753,133.262,173.321,88.256,2.444
7.457,1.525,0.774,1.443,10.502,432.512,41.184,150997,4.889,1.031,1.304,3.262,38.621,205.711,1.26,1.405,31.151,3,399.063,207.852,431.875,6.226,2.59,2.557,1218.717,733.011,41707.84,9.015,32.301,4.525,128.53,136.595,201.323,109.34,1.737
6.333,1.707,0.236,1.527,9.954,371.925,37.364,221179,3.709,0.876,0.377,7.348,31.154,127.96,0.853,1.666,23.179,2,363.747,232.981,383.794,5.199,2.348,1.861,1241.861,183.345,39801.804,9.545,33.657,5.103,109.884,134.132,159.118,82.247,1.799
5.2,1.252,0.466,2.299,8.508,339.777,39.935,197924,4.153,0.946,1.365,1.059,36.404,119.434,1.175,1.083,27.647,2,389.607,224.76,413.4,4.334,2.479,2.304,1362.816,816.688,44889.614,9.885,34.308,4.18,125.87,121.661,192.376,98.908,1.642
7.22,1.447,0.312,1.569,14.706,115.296,7.84,221086,4.99,0.986,0.451,8.844,33.562,94.427,1.068,1.329,16.098,3,397.397,208.117,419.819,6.063,2.863,2.538,1243.786,249.141,38660.739,9.992,32.762,6.569,122.079,139.51,186.36,94.409,2.783
2.784,1.123,0.491,1.268,14.535,352.015,24.219,34435,2.478,0.689,0.378,5.557,27.454,99.479,0.778,1.029,14.894,1,347.772,251.986,359.254,1.693,1.216,1.427,678.837,145.059,30471.626,4.367,16.061,3.423,90.297,128.916,137.379,77.544,2.728
6.743,1.206,0.698,1.624,10.463,722.643,69.068,83571,5.591,1.057,0.976,3.126,34.752,239.379,1.273,1.073,37.978,3,401.34,195.981,442.074,5.704,2.77,2.863,952.302,465.202,35939.492,7.247,22.777,3.376,106.556,130.447,169.34,105.223,2.128
2.749,1.001,0.77,1.399,16.344,583.275,35.688,49801,2.746,0.759,0.903,9.274,33.697,171.852,0.7,0.925,30.934,1,356.176,244.189,370.668,1.853,1.497,1.707,867.456,346.328,36907.329,6.883,20.717,4.925,97.036,122.903,150.18,80.664,2.897
6.765,1.039,0.581,0.994,16.893,201.796,11.945,127258,6.51,1.112,0.889,9.917,35.264,120.618,1.418,0.881,23.007,5,429.692,176.118,453.976,6.035,3.237,3.149,1072.521,455.893,38118.061,9.366,28.472,6.013,110.201,132.052,172.496,112.715,2.942
3.655,1.977,0.412,2.626,11.109,513.809,46.251,225791,1.848,0.623,0.989,2.223,30.606,156.306,0.538,1.903,24.058,1,337.41,264.788,352.513,2.143,1.543,1.247,1323.116,549.708,41776.142,9.971,35.351,5.139,128.481,118.27,199.504,82.481,1.939
7.263,1.242,0.562,2.677,12.129,724.562,59.737,132858,5.846,1.076,0.644,1.451,35.237,266.743,1.386,1.113,31.38,3,414.453,186.893,431.248,6.259,2.947,2.906,1028.808,315.713,35663.339,6.631,24.944,3.556,110.218,139.773,180.71,104.519,2.002
7.664,1.663,0.387,1.283,19.886,590.024,29.671,216936,4.608,0.995,1.096,4.675,35.602,194.744,1.09,1.53,34.18,3,392.115,213.719,417.565,6.362,2.732,2.44,1386.664,659.993,42690.19,10.554,35.183,9.738,126.134,127.456,199.494,99.488,3.38
2.893,1.839,0.746,0.942,12.491,204.079,16.338,101979,1.573,0.538,0.903,7.886,27.814,47.423,0.394,1.766,19.985,1,337.266,261.587,347.861,1.225,1.11,1.274,936.881,419.139,35903.945,8.733,25.135,3.494,109.835,119.262,170.173,77.254,2.369
4.776,1.551,0.722,2.425,17.13,707.483,41.302,104705,3.08,0.803,0.702,9.728,30.375,216.055,0.989,1.509,32.547,1,359.714,237.117,375.762,3.483,1.719,1.594,951.134,281.419,36590.636,8.239,26.127,5.75,105.585,129.732,162.601,82.547,3.228
7.886,1.153,0.535,1.265,13.433,311.081,23.158,227023,6.839,1.194,1.292,7.007,39.055,171.129,1.491,0.985,25.217,5,431.471,171.085,473.002,7.255,3.593,3.561,1443,826.919,46117.805,11.948,38.495,6.945,133.846,135.28,204.675,120.494,1.85
4.9,1.728,0.395,1.666,17.52,417.853,23.85,123679,2.836,0.791,1.173,7.388,33.739,154.915,0.909,1.615,30.137,1,368.512,242.845,374.716,3.366,1.752,1.822,1071.091,589.728,38830.389,9.049,29.295,7.277,118.637,117.887,179.995,89.924,3.306
7.181,1.6,0.376,0.941,17.228,468.3,27.182,203748,4.488,0.974,0.772,9.798,35.109,182.967,1.051,1.459,29.773,2,391.763,219.517,401.076,6.069,2.571,2.456,1264.161,395.521,43014.279,10.442,37.156,7.781,121.828,136.025,184.046,94.614,2.996
5.532,1.731,0.22,1.298,16.013,695.355,43.424,82061,3.196,0.828,1.317,6.817,34.31,209.187,0.747,1.591,31.273,1,373.271,243.773,393.718,4.011,1.726,1.943,1024.369,606.451,38785.465,8.357,26.314,5.608,115.297,119.649,182.638,93.339,2.716
4.252,1.77,0.689,2.544,18.257,752.125,41.196,238736,2.403,0.726,1.404,7.723,33.519,187.403,0.883,1.623,29.496,1,360.924,255.179,373.753,2.889,2.015,1.708,1488.524,906.125,47450.469,12.404,42.41,9.197,131.824,118.237,200.747,90.733,3.179
3.715,1.975,0.47,2.57,19.271,750.757,38.959,156407,1.88,0.628,0.944,6.678,28.419,189.178,0.62,1.895,35.045,1,345.302,261.826,355.205,2.072,1.479,1.232,1156.108,463.436,39232.604,9.366,29.502,8.156,110.614,119.442,174.02,81.823,3.188
3.219,1.574,0.395,1.256,14.96,105.568,7.057,197051,2.046,0.63,0.558,10.685,26.631,35.46,0.672,1.514,14.388,1,346.182,258.713,350.347,2.069,1.711,1.289,1161.189,324.566,37629.568,10.189,33.123,6.03,108.219,124.314,165.726,75.868,2.642
6.571,1.342,0.483,1.539,10.85,745.322,68.696,49693,4.898,1.033,1.399,3.591,37.549,236.448,1.254,1.224,31.217,3,399.49,210.393,425.902,5.243,2.256,2.695,947.76,635.909,38343.859,7.018,21.693,3.223,113.845,130.174,173.456,110.364,2.294
4.319,1.648,0.691,1.095,12.784,138.071,10.801,138386,2.62,0.746,0.527,3.904,27.918,66.702,0.756,1.545,22.385,1,357.947,247.692,358.931,2.839,1.535,1.516,969.8,257.384,37449.584,7.932,24.272,4.416,105.079,130.918,161.551,82.406,1.976
5.068,1.068,0.275,0.963,17.1,286.042,16.728,228228,4.743,0.973,0.358,2.408,31.063,108.782,1.151,0.992,25.659,3,394.109,212.798,407.744,4.494,2.63,2.415,1213.294,209.109,39325.901,8.833,30.004,6.333,116.953,135.067,188.445,93.554,3.191
4.954,1.897,0.715,2.983,15.811,460.491,29.125,222948,2.611,0.742,0.693,10.014,32.439,120.93,0.906,1.814,27.639,1,355.448,239.655,362.141,3.466,2.029,1.482,1271.477,359.88,41955.953,11.236,36.923,7.076,116.862,121.862,193.287,80.801,3.02
5.464,1.119,0.739,2.242,10.134,435.948,43.02,40299,4.881,1.031,1.172,5.53,37.499,158.863,1.196,0.988,23.306,3,398.429,208.504,422.497,4.546,2.3,2.588,863.329,465.671,35758.607,7.468,21.536,2.672,112.148,135.892,172.364,102.505,1.905
7.193,1.328,0.768,1.993,8.615,523.297,60.743,96813,5.417,1.097,1.408,4.827,37.402,212.606,1.372,1.147,34.839,3,406.698,198.214,439.772,6.197,2.79,3.044,1108.324,689.947,40260.28,8.259,26.387,3.179,116.15,130.049,178.2,110.218,1.815
7.884,1.816,0.438,2.484,16.196,435.612,26.897,127530,4.342,0.98,1.065,11.795,33.428,143.024,0.957,1.699,29.897,2,389.723,218.315,404.116,6.362,2.456,2.628,1082.068,515.873,40089.036,10.05,30.429,7.131,117.485,130.146,185.921,97.952,3.08
4.446,1.597,0.33,2.648,11.013,754.063,68.471,67898,2.783,0.738,1.442,11.195,32.373,185.883,0.873,1.486,32.891,1,371.258,249.709,381.435,3.06,1.652,1.792,966.401,598.769,38585.964,8.946,27.88,3.482,110.23,116.587,171.468,95.189,2.073
